capture_id,grower_id,captured_at,lat,lon,species,region,verification_status
cap_0,grower_129,2025-04-26 16:12:00,1.350395,32.216824,Mango,Uganda,verified
cap_1,grower_137,2025-06-21 11:03:00,12.977256,121.762333,Moringa,Philippines,verified
cap_2,grower_96,2025-03-03 07:21:00,20.48542,79.023187,Acacia,India,verified
cap_3,grower_39,2025-04-23 15:51:00,-1.385939,36.818674,Mango,Kenya,verified
cap_4,grower_2,2025-05-09 23:46:00,1.337041,32.290197,Mahogany,Uganda,verified
cap_5,grower_68,2025-05-25 12:46:00,3.839284,11.46554,Mahogany,Cameroon,verified
cap_6,grower_116,2025-05-24 10:08:00,1.36773,32.300847,Mango,Uganda,verified
cap_7,grower_70,2025-07-06 06:42:00,12.919484,121.791574,Avocado,Philippines,verified
cap_8,grower_147,2025-06-10 09:10:00,12.843985,121.756503,Avocado,Philippines,verified
cap_9,grower_11,2025-05-31 23:58:00,12.840837,121.753897,Mahogany,Philippines,verified
cap_10,grower_7,2025-03-01 14:40:00,20.642193,78.986322,Avocado,India,unverified
cap_11,grower_140,2025-01-09 20:56:00,1.420024,32.297621,Moringa,Uganda,verified
cap_12,grower_131,2025-06-10 10:27:00,20.575726,79.013265,Moringa,India,unverified
cap_13,grower_104,2025-04-03 15:13:00,3.864654,11.464282,Mahogany,Cameroon,verified
cap_14,grower_54,2025-06-10 13:20:00,1.377533,32.289214,Mahogany,Uganda,verified
cap_15,grower_148,2025-07-14 06:40:00,20.657158,78.923273,Mango,India,verified
cap_16,grower_115,2025-06-07 00:37:00,-1.355929,36.856019,Mahogany,Kenya,verified
cap_17,grower_8,2025-01-30 04:43:00,20.650469,78.986898,Mango,India,verified
cap_18,grower_61,2025-07-11 17:52:00,3.989197,11.498441,Mango,Cameroon,unverified
cap_19,grower_46,2025-02-06 04:39:00,-1.301173,36.8557,Neem,Kenya,verified
cap_20,grower_95,2025-06-10 21:19:00,-1.33234,36.744258,Moringa,Kenya,verified
cap_21,grower_25,2025-03-08 11:25:00,-1.235184,36.803229,Avocado,Kenya,verified
cap_22,grower_86,2025-05-10 13:04:00,-1.355285,36.782462,Mango,Kenya,verified
cap_23,grower_39,2025-04-09 15:20:00,-1.244744,36.789805,Neem,Kenya,verified
cap_24,grower_135,2025-03-06 08:31:00,20.661868,78.960365,Mahogany,India,verified
cap_25,grower_115,2025-03-07 12:06:00,-1.347628,36.744962,Mahogany,Kenya,verified
cap_26,grower_63,2025-06-19 13:57:00,1.349362,32.319782,Mahogany,Uganda,verified
cap_27,grower_101,2025-04-18 00:04:00,12.958019,121.776428,Acacia,Philippines,verified
cap_28,grower_116,2025-06-17 10:55:00,1.453188,32.253038,Neem,Uganda,unverified
cap_29,grower_106,2025-03-04 18:01:00,1.422401,32.258572,Avocado,Uganda,verified
cap_30,grower_117,2025-05-20 16:52:00,3.843214,11.460325,Mango,Cameroon,verified
cap_31,grower_1,2025-04-28 09:19:00,12.802559,121.752844,Mango,Philippines,verified
cap_32,grower_117,2025-07-11 09:40:00,3.863553,11.61224,Mahogany,Cameroon,verified
cap_33,grower_76,2025-03-27 11:36:00,3.790821,11.511449,Neem,Cameroon,verified
cap_34,grower_69,2025-07-09 16:51:00,12.865967,121.739801,Neem,Philippines,verified
cap_35,grower_85,2025-04-11 00:22:00,-1.354747,36.814744,Avocado,Kenya,verified
cap_36,grower_69,2025-05-18 12:41:00,12.86378,121.79623,Moringa,Philippines,verified
cap_37,grower_1,2025-01-16 13:11:00,12.976677,121.790694,Avocado,Philippines,verified
cap_38,grower_128,2025-05-20 11:29:00,12.938622,121.79657,Moringa,Philippines,verified
cap_39,grower_101,2025-06-17 17:46:00,12.936851,121.792345,Acacia,Philippines,verified
cap_40,grower_12,2025-03-22 01:29:00,20.60405,78.928865,Neem,India,verified
cap_41,grower_90,2025-05-15 20:19:00,20.528088,78.918767,Avocado,India,verified
cap_42,grower_75,2025-01-21 17:00:00,1.388101,32.319066,Mango,Uganda,verified
cap_43,grower_101,2025-06-26 18:42:00,12.917365,121.800519,Acacia,Philippines,verified
cap_44,grower_96,2025-02-06 23:12:00,20.617355,78.94989,Neem,India,verified
cap_45,grower_99,2025-03-27 06:36:00,3.915274,11.50105,Moringa,Cameroon,verified
cap_46,grower_100,2025-07-25 12:14:00,-1.303552,36.789345,Acacia,Kenya,verified
cap_47,grower_111,2025-02-22 19:34:00,-1.233823,36.92716,Mango,Kenya,verified
cap_48,grower_42,2025-03-17 17:12:00,-1.199317,36.840229,Avocado,Kenya,verified
cap_49,grower_145,2025-06-27 13:14:00,12.858335,121.780191,Avocado,Philippines,verified
cap_50,grower_29,2025-05-25 08:30:00,12.807596,121.699627,Mango,Philippines,verified
cap_51,grower_36,2025-07-08 14:35:00,1.334078,32.279328,Mahogany,Uganda,verified
cap_52,grower_90,2025-06-22 10:52:00,20.553783,78.866211,Avocado,India,verified
cap_53,grower_58,2025-05-07 23:04:00,3.892597,11.538417,Mango,Cameroon,verified
cap_54,grower_92,2025-04-23 23:52:00,-1.295438,36.840086,Mango,Kenya,verified
cap_55,grower_134,2025-03-21 14:45:00,1.275163,32.319955,Neem,Uganda,unverified
cap_56,grower_147,2025-02-18 19:26:00,12.881226,121.7949,Mango,Philippines,verified
cap_57,grower_118,2025-07-22 17:15:00,20.661838,78.924915,Avocado,India,unverified
cap_58,grower_102,2025-01-08 19:05:00,-1.18051,36.779585,Acacia,Kenya,verified
cap_59,grower_136,2025-04-11 00:40:00,20.64163,78.869493,Acacia,India,unverified
cap_60,grower_145,2025-07-24 12:11:00,12.847734,121.689969,Neem,Philippines,verified
cap_61,grower_35,2025-07-13 00:09:00,20.627098,79.033833,Mahogany,India,unverified
cap_62,grower_109,2025-04-28 18:08:00,20.574513,78.901509,Avocado,India,unverified
cap_63,grower_11,2025-03-27 13:46:00,12.794343,121.837694,Moringa,Philippines,verified
cap_64,grower_98,2025-05-13 12:50:00,3.867123,11.595576,Neem,Cameroon,verified
cap_65,grower_53,2025-04-20 00:00:00,12.864349,121.690044,Moringa,Philippines,verified
cap_66,grower_4,2025-02-01 00:33:00,1.405581,32.233768,Acacia,Uganda,verified
cap_67,grower_39,2025-04-28 12:50:00,-1.277883,36.92237,Moringa,Kenya,verified
cap_68,grower_54,2025-02-16 15:18:00,1.390686,32.357104,Neem,Uganda,verified
cap_69,grower_66,2025-02-19 01:37:00,12.890156,121.772479,Avocado,Philippines,verified
cap_70,grower_91,2025-06-15 16:23:00,20.60256,78.93731,Acacia,India,verified
cap_71,grower_106,2025-03-10 09:05:00,1.284831,32.287223,Mahogany,Uganda,verified
cap_72,grower_126,2025-04-25 01:50:00,12.814777,121.803484,Mango,Philippines,verified
cap_73,grower_80,2025-07-03 04:40:00,12.824937,121.794384,Moringa,Philippines,unverified
cap_74,grower_93,2025-02-20 23:46:00,20.593802,78.977648,Neem,India,verified
cap_75,grower_92,2025-03-11 10:44:00,-1.301793,36.816162,Mango,Kenya,verified
cap_76,grower_46,2025-02-14 18:16:00,-1.287126,36.70586,Avocado,Kenya,verified
cap_77,grower_121,2025-04-17 13:50:00,3.856125,11.598673,Neem,Cameroon,verified
cap_78,grower_36,2025-06-29 11:58:00,1.400708,32.327875,Mahogany,Uganda,verified
cap_79,grower_28,2025-04-19 11:05:00,3.818674,11.390393,Mahogany,Cameroon,verified
cap_80,grower_115,2025-04-17 21:37:00,-1.261172,36.835563,Avocado,Kenya,verified
cap_81,grower_115,2025-01-28 11:53:00,-1.330525,36.774773,Mango,Kenya,verified
cap_82,grower_86,2025-05-25 20:35:00,-1.328661,36.802461,Mango,Kenya,verified
cap_83,grower_67,2025-04-21 00:33:00,3.835095,11.608642,Mango,Cameroon,verified
cap_84,grower_42,2025-01-26 22:23:00,-1.333781,36.75086,Avocado,Kenya,verified
cap_85,grower_59,2025-02-02 11:01:00,12.881385,121.776368,Neem,Philippines,verified
cap_86,grower_112,2025-03-03 05:49:00,20.570904,78.939327,Mango,India,verified
cap_87,grower_31,2025-01-06 22:25:00,20.603523,78.957488,Acacia,India,unverified
cap_88,grower_4,2025-03-03 03:13:00,1.459758,32.286275,Moringa,Uganda,verified
cap_89,grower_44,2025-01-20 01:52:00,3.804515,11.531931,Acacia,Cameroon,verified
cap_90,grower_90,2025-05-06 02:18:00,20.579326,78.966925,Acacia,India,verified
cap_91,grower_3,2025-01-10 04:20:00,20.582572,78.939627,Avocado,India,unverified
cap_92,grower_13,2025-03-04 05:28:00,1.340871,32.303045,Mango,Uganda,verified
cap_93,grower_143,2025-04-04 18:38:00,12.756418,121.730155,Mango,Philippines,unverified
cap_94,grower_78,2025-01-01 21:59:00,12.85458,121.707908,Mahogany,Philippines,verified
cap_95,grower_93,2025-01-14 13:17:00,20.60688,78.939406,Moringa,India,verified
cap_96,grower_5,2025-03-03 02:11:00,1.40267,32.225444,Mango,Uganda,unverified
cap_97,grower_89,2025-04-14 13:19:00,12.854961,121.865351,Moringa,Philippines,verified
cap_98,grower_97,2025-06-02 02:24:00,1.370921,32.373822,Mango,Uganda,verified
cap_99,grower_53,2025-06-28 03:17:00,12.891781,121.808543,Mahogany,Philippines,verified
cap_100,grower_42,2025-06-06 21:52:00,-1.273075,36.799236,Acacia,Kenya,verified
cap_101,grower_38,2025-06-04 15:50:00,1.411408,32.340495,Mango,Uganda,verified
cap_102,grower_86,2025-03-15 14:24:00,-1.292588,36.912047,Mahogany,Kenya,verified
cap_103,grower_47,2025-01-05 19:40:00,3.914349,11.477768,Acacia,Cameroon,verified
cap_104,grower_130,2025-06-13 21:55:00,1.371363,32.283245,Avocado,Uganda,verified
cap_105,grower_69,2025-01-23 13:34:00,12.821111,121.735987,Avocado,Philippines,unverified
cap_106,grower_140,2025-04-14 13:47:00,1.356558,32.268007,Moringa,Uganda,unverified
cap_107,grower_100,2025-05-17 16:53:00,-1.320132,36.885092,Moringa,Kenya,verified
cap_108,grower_40,2025-03-31 06:59:00,3.833536,11.476486,Mahogany,Cameroon,verified
cap_109,grower_1,2025-06-17 11:00:00,12.882786,121.82471,Mango,Philippines,verified
cap_110,grower_57,2025-03-16 06:25:00,12.922612,121.653963,Avocado,Philippines,verified
cap_111,grower_91,2025-04-18 12:42:00,20.514862,78.946963,Moringa,India,verified
cap_112,grower_25,2025-03-29 19:44:00,-1.424844,36.817285,Mango,Kenya,verified
cap_113,grower_150,2025-02-18 16:06:00,12.846377,121.737245,Mango,Philippines,unverified
cap_114,grower_148,2025-07-08 23:03:00,20.550044,78.951773,Mango,India,verified
cap_115,grower_141,2025-07-03 12:02:00,-1.358135,36.724437,Mahogany,Kenya,verified
cap_116,grower_29,2025-05-24 17:22:00,12.808315,121.843269,Avocado,Philippines,verified
cap_117,grower_115,2025-04-23 01:53:00,-1.220571,36.687032,Mahogany,Kenya,verified
cap_118,grower_63,2025-02-24 13:19:00,1.355068,32.25421,Avocado,Uganda,verified
cap_119,grower_110,2025-02-24 20:01:00,20.660748,78.966252,Neem,India,verified
cap_120,grower_57,2025-07-06 05:27:00,12.844776,121.733584,Mahogany,Philippines,verified
cap_121,grower_67,2025-01-08 01:35:00,3.857161,11.548915,Mahogany,Cameroon,verified
cap_122,grower_46,2025-06-14 03:01:00,-1.308048,36.877966,Neem,Kenya,verified
cap_123,grower_55,2025-01-02 13:34:00,20.506511,79.048234,Neem,India,verified
cap_124,grower_130,2025-01-20 04:20:00,1.353533,32.285159,Neem,Uganda,verified
cap_125,grower_137,2025-03-27 23:07:00,12.792327,121.742754,Mango,Philippines,unverified
cap_126,grower_120,2025-07-28 18:58:00,3.849006,11.516682,Mango,Cameroon,verified
cap_127,grower_40,2025-07-20 21:41:00,3.810285,11.581038,Moringa,Cameroon,verified
cap_128,grower_29,2025-03-16 13:57:00,12.853012,121.731085,Avocado,Philippines,verified
cap_129,grower_42,2025-01-17 19:36:00,-1.37148,36.847593,Mahogany,Kenya,verified
cap_130,grower_87,2025-06-17 10:09:00,-1.33494,36.774518,Acacia,Kenya,verified
cap_131,grower_53,2025-05-02 02:09:00,12.787956,121.706021,Acacia,Philippines,unverified
cap_132,grower_51,2025-01-29 02:28:00,12.88736,121.758873,Moringa,Philippines,verified
cap_133,grower_113,2025-02-23 01:37:00,1.407402,32.365049,Mahogany,Uganda,verified
cap_134,grower_56,2025-03-22 15:57:00,-1.259622,36.744041,Moringa,Kenya,verified
cap_135,grower_73,2025-03-02 15:38:00,1.378992,32.273257,Avocado,Uganda,verified
cap_136,grower_35,2025-06-21 01:41:00,20.614987,78.98663,Avocado,India,verified
cap_137,grower_101,2025-03-03 03:35:00,12.814033,121.758688,Moringa,Philippines,verified
cap_138,grower_149,2025-07-27 11:49:00,3.89024,11.546513,Mango,Cameroon,unverified
cap_139,grower_12,2025-05-31 16:20:00,20.611481,78.970384,Mahogany,India,unverified
cap_140,grower_14,2025-04-25 11:27:00,3.867876,11.470637,Avocado,Cameroon,verified
cap_141,grower_82,2025-04-13 21:36:00,-1.222168,36.684375,Mahogany,Kenya,verified
cap_142,grower_108,2025-07-02 16:22:00,12.827876,121.833896,Acacia,Philippines,verified
cap_143,grower_120,2025-06-02 23:40:00,3.922349,11.509828,Avocado,Cameroon,verified
cap_144,grower_108,2025-06-09 17:42:00,12.884114,121.823274,Mahogany,Philippines,verified
cap_145,grower_62,2025-07-03 21:02:00,12.994945,121.751858,Mango,Philippines,verified
cap_146,grower_103,2025-06-26 00:02:00,12.966886,121.778424,Neem,Philippines,verified
cap_147,grower_68,2025-06-25 11:44:00,3.88336,11.580698,Neem,Cameroon,unverified
cap_148,grower_73,2025-07-15 19:23:00,1.357747,32.245842,Moringa,Uganda,unverified
cap_149,grower_61,2025-02-08 22:22:00,3.878154,11.423374,Mahogany,Cameroon,verified
cap_150,grower_62,2025-02-21 12:51:00,12.823864,121.78912,Moringa,Philippines,verified
cap_151,grower_93,2025-04-20 22:33:00,20.648355,79.041055,Moringa,India,verified
cap_152,grower_3,2025-02-23 17:50:00,20.613428,78.985409,Mango,India,verified
cap_153,grower_20,2025-03-03 19:28:00,12.951025,121.741463,Moringa,Philippines,verified
cap_154,grower_13,2025-03-14 09:39:00,1.380146,32.214213,Mahogany,Uganda,unverified
cap_155,grower_11,2025-01-29 20:18:00,12.861873,121.79919,Mango,Philippines,unverified
cap_156,grower_9,2025-05-19 15:54:00,20.615337,78.949964,Avocado,India,verified
cap_157,grower_38,2025-03-31 15:13:00,1.414205,32.242466,Mahogany,Uganda,unverified
cap_158,grower_28,2025-04-03 01:54:00,3.67596,11.456489,Avocado,Cameroon,verified
cap_159,grower_40,2025-02-02 21:25:00,3.884095,11.592335,Moringa,Cameroon,unverified
cap_160,grower_92,2025-03-30 19:53:00,-1.248976,36.845364,Acacia,Kenya,verified
cap_161,grower_7,2025-06-19 23:37:00,20.64201,78.955262,Moringa,India,verified
cap_162,grower_39,2025-07-25 09:48:00,-1.271566,36.800333,Neem,Kenya,verified
cap_163,grower_13,2025-01-17 05:59:00,1.379555,32.292322,Avocado,Uganda,verified
cap_164,grower_88,2025-06-07 09:45:00,-1.30106,36.829486,Mango,Kenya,unverified
cap_165,grower_63,2025-02-06 16:28:00,1.310729,32.270055,Mahogany,Uganda,unverified
cap_166,grower_96,2025-05-25 14:45:00,20.614521,78.929811,Mango,India,verified
cap_167,grower_120,2025-05-05 07:39:00,3.822054,11.518861,Neem,Cameroon,verified
cap_168,grower_134,2025-07-22 09:29:00,1.42683,32.267152,Avocado,Uganda,verified
cap_169,grower_29,2025-01-29 02:36:00,12.884448,121.828296,Moringa,Philippines,verified
cap_170,grower_130,2025-07-22 14:08:00,1.333828,32.326557,Mahogany,Uganda,verified
cap_171,grower_92,2025-04-11 01:23:00,-1.268458,36.832165,Mahogany,Kenya,verified
cap_172,grower_131,2025-06-15 19:45:00,20.534171,78.901433,Neem,India,verified
cap_173,grower_25,2025-07-27 18:03:00,-1.264879,36.906042,Mahogany,Kenya,verified
cap_174,grower_93,2025-06-23 03:18:00,20.625386,78.996127,Moringa,India,verified
cap_175,grower_24,2025-02-15 08:46:00,-1.280174,36.85545,Mango,Kenya,verified
cap_176,grower_17,2025-01-09 16:56:00,12.808694,121.800308,Acacia,Philippines,verified
cap_177,grower_117,2025-03-05 12:00:00,3.777329,11.598266,Neem,Cameroon,verified
cap_178,grower_64,2025-06-15 00:10:00,3.866425,11.496386,Neem,Cameroon,verified
cap_179,grower_102,2025-06-28 18:31:00,-1.2771,36.843456,Mango,Kenya,verified
cap_180,grower_121,2025-02-23 18:29:00,3.833832,11.50238,Acacia,Cameroon,verified
cap_181,grower_97,2025-07-24 09:48:00,1.326184,32.291883,Acacia,Uganda,verified
cap_182,grower_103,2025-06-23 02:01:00,12.889771,121.716868,Avocado,Philippines,verified
cap_183,grower_106,2025-05-14 00:08:00,1.439968,32.336232,Mahogany,Uganda,verified
cap_184,grower_41,2025-06-27 22:21:00,12.914911,121.789674,Acacia,Philippines,verified
cap_185,grower_127,2025-06-03 14:54:00,1.43587,32.29988,Moringa,Uganda,verified
cap_186,grower_106,2025-01-12 01:26:00,1.454282,32.266985,Acacia,Uganda,verified
cap_187,grower_45,2025-04-10 11:24:00,3.772121,11.552718,Neem,Cameroon,verified
cap_188,grower_32,2025-05-26 11:01:00,13.028251,121.765169,Neem,Philippines,unverified
cap_189,grower_105,2025-02-04 07:24:00,-1.332169,36.819323,Neem,Kenya,verified
cap_190,grower_97,2025-06-08 15:56:00,1.353169,32.307588,Acacia,Uganda,verified
cap_191,grower_108,2025-02-19 15:46:00,12.88143,121.849012,Mango,Philippines,verified
cap_192,grower_117,2025-03-20 15:31:00,3.928435,11.422823,Mahogany,Cameroon,verified
cap_193,grower_115,2025-05-11 21:00:00,-1.334411,36.751848,Avocado,Kenya,verified
cap_194,grower_143,2025-04-10 12:31:00,12.917465,121.734136,Mahogany,Philippines,verified
cap_195,grower_14,2025-03-03 06:20:00,3.848722,11.558636,Mahogany,Cameroon,verified
cap_196,grower_84,2025-05-03 00:27:00,1.312222,32.305961,Avocado,Uganda,unverified
cap_197,grower_5,2025-07-03 05:00:00,1.425386,32.254596,Moringa,Uganda,unverified
cap_198,grower_118,2025-01-10 14:03:00,20.593841,78.89585,Mahogany,India,verified
cap_199,grower_133,2025-01-01 05:12:00,12.912446,121.7004,Mahogany,Philippines,verified
cap_200,grower_121,2025-07-23 02:44:00,3.768164,11.560285,Mango,Cameroon,verified
cap_201,grower_44,2025-05-14 10:19:00,3.904739,11.49194,Moringa,Cameroon,verified
cap_202,grower_114,2025-02-28 13:56:00,20.528133,78.991462,Mango,India,verified
cap_203,grower_12,2025-07-04 17:42:00,20.596967,78.982627,Moringa,India,verified
cap_204,grower_38,2025-05-04 06:14:00,1.425409,32.238005,Avocado,Uganda,verified
cap_205,grower_8,2025-03-27 19:58:00,20.567078,78.930308,Avocado,India,verified
cap_206,grower_119,2025-04-24 19:28:00,-1.282479,36.838248,Avocado,Kenya,unverified
cap_207,grower_113,2025-05-27 21:50:00,1.425276,32.349352,Mahogany,Uganda,verified
cap_208,grower_69,2025-07-13 16:49:00,12.787453,121.817173,Mahogany,Philippines,verified
cap_209,grower_89,2025-03-18 19:42:00,12.896068,121.791096,Mango,Philippines,verified
cap_210,grower_98,2025-04-12 00:18:00,3.765761,11.453314,Mahogany,Cameroon,unverified
cap_211,grower_141,2025-03-16 22:47:00,-1.304878,36.888785,Mahogany,Kenya,verified
cap_212,grower_89,2025-07-18 02:22:00,12.935463,121.696898,Neem,Philippines,verified
cap_213,grower_93,2025-02-04 01:41:00,20.512364,78.944823,Avocado,India,verified
cap_214,grower_110,2025-01-09 17:06:00,20.653459,78.994887,Neem,India,unverified
cap_215,grower_48,2025-07-26 22:03:00,1.37448,32.23093,Acacia,Uganda,verified
cap_216,grower_87,2025-05-03 07:06:00,-1.260262,36.862671,Neem,Kenya,verified
cap_217,grower_107,2025-07-22 00:50:00,20.577366,78.979604,Acacia,India,unverified
cap_218,grower_19,2025-04-27 08:13:00,-1.291684,36.772483,Moringa,Kenya,unverified
cap_219,grower_35,2025-06-07 00:01:00,20.548554,78.968174,Mango,India,unverified
cap_220,grower_90,2025-04-05 18:51:00,20.583287,78.952039,Avocado,India,verified
cap_221,grower_71,2025-07-08 04:57:00,-1.242553,36.786894,Acacia,Kenya,verified
cap_222,grower_118,2025-04-30 23:05:00,20.601196,79.028207,Moringa,India,verified
cap_223,grower_150,2025-05-17 17:29:00,12.882443,121.77203,Mango,Philippines,verified
cap_224,grower_122,2025-06-01 11:59:00,12.916987,121.757313,Mango,Philippines,verified
cap_225,grower_37,2025-04-10 18:03:00,20.643493,78.914353,Avocado,India,verified
cap_226,grower_147,2025-03-10 11:26:00,12.838233,121.877257,Mango,Philippines,verified
cap_227,grower_119,2025-02-06 06:58:00,-1.355592,36.827213,Acacia,Kenya,verified
cap_228,grower_11,2025-07-04 21:17:00,12.852125,121.70151,Mango,Philippines,unverified
cap_229,grower_35,2025-02-11 23:17:00,20.673614,79.006147,Neem,India,verified
cap_230,grower_24,2025-06-16 10:20:00,-1.261551,36.90142,Mahogany,Kenya,verified
cap_231,grower_97,2025-04-07 18:13:00,1.288425,32.369048,Mango,Uganda,verified
cap_232,grower_13,2025-01-05 07:07:00,1.332048,32.291673,Moringa,Uganda,verified
cap_233,grower_8,2025-02-13 06:20:00,20.606544,79.001676,Avocado,India,verified
cap_234,grower_70,2025-04-12 20:32:00,12.872824,121.743567,Moringa,Philippines,verified
cap_235,grower_30,2025-07-05 07:32:00,12.923422,121.680199,Neem,Philippines,verified
cap_236,grower_47,2025-07-09 11:09:00,3.858468,11.429314,Mango,Cameroon,verified
cap_237,grower_12,2025-01-03 03:56:00,20.6557,78.899273,Acacia,India,unverified
cap_238,grower_118,2025-05-29 18:27:00,20.650655,78.967086,Mahogany,India,verified
cap_239,grower_32,2025-02-07 12:17:00,12.886677,121.762377,Neem,Philippines,verified
cap_240,grower_114,2025-01-02 12:40:00,20.532163,78.883108,Mango,India,verified
cap_241,grower_67,2025-07-15 05:10:00,3.794832,11.392355,Mahogany,Cameroon,unverified
cap_242,grower_143,2025-02-04 19:41:00,12.884091,121.765056,Avocado,Philippines,unverified
cap_243,grower_134,2025-01-14 01:12:00,1.351931,32.267495,Neem,Uganda,verified
cap_244,grower_91,2025-01-20 04:25:00,20.538171,79.025653,Mango,India,verified
cap_245,grower_54,2025-03-06 18:53:00,1.415619,32.210114,Mahogany,Uganda,verified
cap_246,grower_131,2025-05-29 16:33:00,20.550023,78.977577,Acacia,India,verified
cap_247,grower_68,2025-01-31 14:05:00,3.862093,11.451524,Acacia,Cameroon,verified
cap_248,grower_60,2025-05-31 07:46:00,3.852453,11.488465,Moringa,Cameroon,verified
cap_249,grower_10,2025-06-27 21:16:00,1.366046,32.215986,Mango,Uganda,verified
cap_250,grower_137,2025-03-21 06:39:00,12.84933,121.754877,Acacia,Philippines,verified
cap_251,grower_4,2025-02-21 06:59:00,1.293285,32.335622,Acacia,Uganda,verified
cap_252,grower_63,2025-01-07 02:34:00,1.348373,32.356354,Acacia,Uganda,verified
cap_253,grower_86,2025-03-20 11:00:00,-1.301634,36.767676,Avocado,Kenya,verified
cap_254,grower_120,2025-06-30 05:37:00,3.776054,11.509168,Neem,Cameroon,unverified
cap_255,grower_139,2025-07-02 10:28:00,3.909829,11.492074,Avocado,Cameroon,verified
cap_256,grower_34,2025-06-29 09:13:00,-1.231589,36.776855,Neem,Kenya,unverified
cap_257,grower_113,2025-03-01 00:28:00,1.427116,32.233959,Mango,Uganda,verified
cap_258,grower_58,2025-01-28 11:54:00,3.890446,11.464477,Avocado,Cameroon,verified
cap_259,grower_79,2025-06-22 07:46:00,12.873811,121.818807,Neem,Philippines,verified
cap_260,grower_87,2025-03-28 00:42:00,-1.301449,36.824502,Mango,Kenya,verified
cap_261,grower_17,2025-05-19 07:15:00,12.812644,121.721419,Moringa,Philippines,verified
cap_262,grower_28,2025-01-05 05:49:00,3.796167,11.411068,Mahogany,Cameroon,verified
cap_263,grower_64,2025-04-22 20:43:00,3.810102,11.492763,Mango,Cameroon,verified
cap_264,grower_104,2025-06-27 16:02:00,3.778909,11.575067,Mango,Cameroon,verified
cap_265,grower_68,2025-05-02 01:58:00,3.882084,11.561231,Mahogany,Cameroon,unverified
cap_266,grower_10,2025-01-02 06:13:00,1.337824,32.336392,Neem,Uganda,verified
cap_267,grower_95,2025-01-11 08:41:00,-1.171818,36.841068,Mango,Kenya,unverified
cap_268,grower_59,2025-04-24 13:09:00,12.771718,121.818713,Acacia,Philippines,verified
cap_269,grower_32,2025-05-29 02:01:00,12.863961,121.76987,Mahogany,Philippines,unverified
cap_270,grower_12,2025-05-21 17:01:00,20.581644,78.974129,Neem,India,unverified
cap_271,grower_46,2025-07-22 04:15:00,-1.24557,36.856722,Mahogany,Kenya,verified
cap_272,grower_89,2025-07-26 07:15:00,12.875281,121.765705,Moringa,Philippines,unverified
cap_273,grower_88,2025-06-14 22:56:00,-1.338687,36.731369,Moringa,Kenya,verified
cap_274,grower_19,2025-04-21 02:15:00,-1.239902,36.830251,Avocado,Kenya,verified
cap_275,grower_72,2025-07-12 18:47:00,1.411423,32.243664,Moringa,Uganda,verified
cap_276,grower_106,2025-05-29 05:01:00,1.305323,32.343898,Moringa,Uganda,verified
cap_277,grower_112,2025-03-27 03:53:00,20.603899,79.032741,Avocado,India,verified
cap_278,grower_12,2025-06-11 23:20:00,20.550755,78.992414,Acacia,India,verified
cap_279,grower_70,2025-01-20 08:55:00,12.839141,121.665294,Mahogany,Philippines,verified
cap_280,grower_37,2025-06-22 17:23:00,20.570301,78.939409,Mango,India,verified
cap_281,grower_4,2025-03-21 11:37:00,1.459608,32.294055,Acacia,Uganda,verified
cap_282,grower_24,2025-06-08 20:11:00,-1.238797,36.849626,Acacia,Kenya,verified
cap_283,grower_63,2025-04-27 15:26:00,1.425795,32.257537,Acacia,Uganda,verified
cap_284,grower_94,2025-05-26 13:50:00,20.554159,78.866673,Acacia,India,verified
cap_285,grower_47,2025-01-04 10:59:00,3.798791,11.592705,Moringa,Cameroon,verified
cap_286,grower_47,2025-05-17 10:01:00,3.83139,11.554437,Neem,Cameroon,verified
cap_287,grower_61,2025-04-28 11:49:00,3.8859,11.583777,Mango,Cameroon,unverified
cap_288,grower_51,2025-04-03 00:48:00,12.931648,121.760253,Neem,Philippines,verified
cap_289,grower_5,2025-05-06 12:22:00,1.415461,32.361402,Avocado,Uganda,unverified
cap_290,grower_24,2025-07-01 11:25:00,-1.244991,36.858905,Acacia,Kenya,verified
cap_291,grower_57,2025-02-05 12:04:00,12.918304,121.831347,Mahogany,Philippines,verified
cap_292,grower_106,2025-06-12 20:43:00,1.321181,32.245377,Mahogany,Uganda,verified
cap_293,grower_80,2025-07-24 09:41:00,12.826537,121.673174,Acacia,Philippines,verified
cap_294,grower_107,2025-06-10 18:13:00,20.595082,78.903449,Avocado,India,verified
cap_295,grower_148,2025-04-30 14:55:00,20.64799,78.941154,Mahogany,India,verified
cap_296,grower_58,2025-02-18 06:10:00,3.808113,11.53054,Mango,Cameroon,unverified
cap_297,grower_140,2025-06-27 10:28:00,1.329579,32.274237,Acacia,Uganda,verified
cap_298,grower_71,2025-06-01 09:32:00,-1.2665,36.915736,Avocado,Kenya,verified
cap_299,grower_43,2025-01-17 16:05:00,12.888822,121.751649,Mahogany,Philippines,verified
cap_300,grower_65,2025-01-22 18:55:00,3.795233,11.489113,Mango,Cameroon,verified
cap_301,grower_98,2025-06-16 18:29:00,3.843841,11.555963,Acacia,Cameroon,verified
cap_302,grower_38,2025-07-11 04:02:00,1.360855,32.358744,Mango,Uganda,verified
cap_303,grower_135,2025-03-09 14:43:00,20.596423,79.013293,Mahogany,India,verified
cap_304,grower_79,2025-02-27 17:29:00,12.865409,121.69184,Mango,Philippines,verified
cap_305,grower_131,2025-01-06 11:18:00,20.594167,79.004064,Acacia,India,verified
cap_306,grower_123,2025-02-20 12:58:00,1.435474,32.261593,Acacia,Uganda,verified
cap_307,grower_41,2025-02-24 15:04:00,12.973665,121.824002,Mahogany,Philippines,verified
cap_308,grower_42,2025-05-10 12:54:00,-1.189008,36.72848,Moringa,Kenya,verified
cap_309,grower_27,2025-01-08 10:12:00,20.573261,78.939818,Acacia,India,verified
cap_310,grower_101,2025-01-19 09:03:00,12.983126,121.716623,Mango,Philippines,verified
cap_311,grower_46,2025-06-07 04:28:00,-1.342886,36.817949,Avocado,Kenya,verified
cap_312,grower_102,2025-05-11 05:52:00,-1.270506,36.781382,Acacia,Kenya,verified
cap_313,grower_126,2025-01-09 23:15:00,12.89467,121.766252,Mahogany,Philippines,verified
cap_314,grower_60,2025-06-24 23:07:00,3.834817,11.402236,Acacia,Cameroon,verified
cap_315,grower_131,2025-01-21 02:35:00,20.593489,79.012101,Avocado,India,verified
cap_316,grower_34,2025-02-27 18:18:00,-1.323136,36.718516,Mango,Kenya,verified
cap_317,grower_128,2025-05-19 14:21:00,12.929916,121.748419,Moringa,Philippines,verified
cap_318,grower_125,2025-06-17 04:07:00,-1.348952,36.879384,Acacia,Kenya,verified
cap_319,grower_148,2025-03-28 10:39:00,20.619335,78.936255,Moringa,India,verified
cap_320,grower_47,2025-02-26 15:48:00,3.799983,11.466113,Mahogany,Cameroon,verified
cap_321,grower_145,2025-03-18 20:30:00,12.916181,121.803373,Avocado,Philippines,verified
cap_322,grower_134,2025-04-01 22:57:00,1.403629,32.384994,Mahogany,Uganda,verified
cap_323,grower_100,2025-05-27 09:55:00,-1.337593,36.804819,Mango,Kenya,verified
cap_324,grower_88,2025-04-20 15:46:00,-1.270588,36.785179,Moringa,Kenya,verified
cap_325,grower_28,2025-04-29 10:32:00,3.803228,11.554299,Acacia,Cameroon,verified
cap_326,grower_142,2025-06-13 15:35:00,1.350981,32.275899,Mango,Uganda,verified
cap_327,grower_64,2025-05-22 20:26:00,3.76499,11.526415,Neem,Cameroon,verified
cap_328,grower_78,2025-06-18 19:10:00,12.927515,121.855531,Neem,Philippines,verified
cap_329,grower_12,2025-03-10 22:07:00,20.593503,79.018094,Acacia,India,verified
cap_330,grower_137,2025-03-06 17:11:00,12.92876,121.795055,Neem,Philippines,verified
cap_331,grower_76,2025-01-15 10:58:00,3.846209,11.543775,Avocado,Cameroon,verified
cap_332,grower_150,2025-01-20 08:24:00,12.960614,121.835746,Neem,Philippines,verified
cap_333,grower_55,2025-05-30 01:15:00,20.541725,78.961508,Neem,India,unverified
cap_334,grower_91,2025-03-28 21:25:00,20.59218,79.044753,Mahogany,India,verified
cap_335,grower_145,2025-01-27 23:23:00,12.885309,121.746522,Avocado,Philippines,unverified
cap_336,grower_93,2025-05-22 21:54:00,20.704822,78.934669,Neem,India,verified
cap_337,grower_141,2025-04-23 20:13:00,-1.232049,36.826056,Moringa,Kenya,verified
cap_338,grower_97,2025-06-26 11:43:00,1.424224,32.261123,Mahogany,Uganda,verified
cap_339,grower_54,2025-02-06 13:36:00,1.361993,32.323567,Mango,Uganda,verified
cap_340,grower_21,2025-02-10 06:36:00,3.855177,11.391889,Moringa,Cameroon,verified
cap_341,grower_139,2025-01-01 19:51:00,3.830044,11.467355,Acacia,Cameroon,verified
cap_342,grower_72,2025-01-12 07:24:00,1.383356,32.315436,Mango,Uganda,verified
cap_343,grower_103,2025-06-26 14:09:00,12.920535,121.796759,Avocado,Philippines,verified
cap_344,grower_127,2025-06-05 15:35:00,1.336487,32.30337,Acacia,Uganda,unverified
cap_345,grower_76,2025-06-16 15:58:00,3.838757,11.4675,Neem,Cameroon,verified
cap_346,grower_51,2025-07-29 09:22:00,12.875071,121.770942,Mahogany,Philippines,verified
cap_347,grower_39,2025-06-04 10:28:00,-1.270923,36.85183,Avocado,Kenya,verified
cap_348,grower_131,2025-03-22 04:27:00,20.532814,78.965428,Moringa,India,verified
cap_349,grower_55,2025-03-03 00:48:00,20.562564,78.964642,Mango,India,verified
cap_350,grower_38,2025-05-26 06:59:00,1.393549,32.33228,Moringa,Uganda,verified
cap_351,grower_73,2025-07-07 23:07:00,1.420029,32.256469,Avocado,Uganda,verified
cap_352,grower_79,2025-03-16 09:19:00,12.862049,121.781606,Avocado,Philippines,verified
cap_353,grower_118,2025-06-16 21:53:00,20.641627,79.016335,Acacia,India,verified
cap_354,grower_56,2025-05-26 16:46:00,-1.278617,36.714204,Moringa,Kenya,verified
cap_355,grower_49,2025-07-03 20:27:00,3.911106,11.505559,Mahogany,Cameroon,verified
cap_356,grower_132,2025-06-03 19:38:00,1.314263,32.294884,Mahogany,Uganda,verified
cap_357,grower_51,2025-05-02 02:04:00,12.789811,121.752251,Neem,Philippines,unverified
cap_358,grower_101,2025-01-18 03:20:00,12.748811,121.708966,Mango,Philippines,verified
cap_359,grower_59,2025-04-19 16:47:00,12.874635,121.792386,Mahogany,Philippines,verified
cap_360,grower_49,2025-02-22 23:22:00,3.786598,11.506166,Moringa,Cameroon,verified
cap_361,grower_98,2025-03-26 15:41:00,3.810611,11.468958,Acacia,Cameroon,verified
cap_362,grower_139,2025-04-02 21:43:00,3.751035,11.537396,Neem,Cameroon,verified
cap_363,grower_111,2025-01-17 18:42:00,-1.316095,36.848241,Acacia,Kenya,verified
cap_364,grower_19,2025-01-28 08:36:00,-1.312396,36.756208,Mango,Kenya,verified
cap_365,grower_118,2025-06-22 19:23:00,20.602687,78.983385,Mahogany,India,verified
cap_366,grower_139,2025-07-03 17:23:00,3.816074,11.503784,Mango,Cameroon,unverified
cap_367,grower_12,2025-02-21 14:23:00,20.544532,78.961444,Mahogany,India,verified
cap_368,grower_102,2025-05-31 06:38:00,-1.156324,36.867842,Moringa,Kenya,verified
cap_369,grower_82,2025-01-04 15:02:00,-1.184482,36.761573,Neem,Kenya,verified
cap_370,grower_73,2025-03-13 02:26:00,1.300768,32.338154,Mahogany,Uganda,verified
cap_371,grower_69,2025-01-31 11:59:00,12.996662,121.779614,Avocado,Philippines,verified
cap_372,grower_93,2025-01-21 20:27:00,20.701987,78.983004,Avocado,India,verified
cap_373,grower_35,2025-03-12 09:01:00,20.637656,78.985654,Moringa,India,verified
cap_374,grower_25,2025-05-21 10:47:00,-1.32069,36.829464,Neem,Kenya,verified
cap_375,grower_127,2025-07-10 18:47:00,1.387459,32.323552,Mango,Uganda,verified
cap_376,grower_128,2025-05-22 03:07:00,12.903516,121.677208,Neem,Philippines,unverified
cap_377,grower_34,2025-05-25 06:14:00,-1.270469,36.859647,Avocado,Kenya,verified
cap_378,grower_144,2025-01-13 03:03:00,12.8217,121.766428,Acacia,Philippines,unverified
cap_379,grower_136,2025-02-24 17:30:00,20.550553,78.936459,Mahogany,India,verified
cap_380,grower_53,2025-06-07 07:16:00,12.888606,121.830131,Neem,Philippines,verified
cap_381,grower_53,2025-01-31 05:36:00,12.954062,121.746071,Mahogany,Philippines,verified
cap_382,grower_54,2025-01-14 20:01:00,1.380483,32.265418,Acacia,Uganda,verified
cap_383,grower_53,2025-07-10 04:19:00,12.891829,121.838485,Neem,Philippines,unverified
cap_384,grower_8,2025-07-25 21:53:00,20.588721,78.871546,Avocado,India,verified
cap_385,grower_127,2025-04-06 04:53:00,1.33869,32.290769,Mango,Uganda,verified
cap_386,grower_50,2025-06-21 14:48:00,12.776329,121.748547,Neem,Philippines,unverified
cap_387,grower_121,2025-06-04 07:07:00,3.782706,11.459037,Acacia,Cameroon,verified
cap_388,grower_143,2025-07-17 10:23:00,12.874382,121.802063,Acacia,Philippines,verified
cap_389,grower_145,2025-06-10 10:31:00,12.876723,121.869085,Avocado,Philippines,verified
cap_390,grower_149,2025-01-24 08:42:00,3.841575,11.509974,Mango,Cameroon,verified
cap_391,grower_25,2025-05-20 21:56:00,-1.320883,36.804196,Avocado,Kenya,verified
cap_392,grower_48,2025-04-09 22:06:00,1.419154,32.274564,Avocado,Uganda,verified
cap_393,grower_105,2025-01-31 14:57:00,-1.228244,36.803995,Mango,Kenya,verified
cap_394,grower_54,2025-04-19 19:56:00,1.356349,32.308256,Neem,Uganda,verified
cap_395,grower_8,2025-01-28 05:25:00,20.65373,79.000503,Acacia,India,verified
cap_396,grower_28,2025-04-10 21:15:00,3.804969,11.53192,Moringa,Cameroon,verified
cap_397,grower_57,2025-02-22 17:47:00,12.90572,121.799486,Neem,Philippines,verified
cap_398,grower_13,2025-03-22 14:27:00,1.293734,32.233309,Mahogany,Uganda,verified
cap_399,grower_131,2025-07-01 14:43:00,20.628949,78.839506,Neem,India,verified
cap_400,grower_122,2025-03-25 01:58:00,12.980895,121.780816,Acacia,Philippines,verified
cap_401,grower_104,2025-06-24 12:24:00,3.811843,11.506788,Avocado,Cameroon,verified
cap_402,grower_135,2025-02-26 00:11:00,20.595093,79.037451,Moringa,India,verified
cap_403,grower_135,2025-06-09 05:30:00,20.60779,78.998426,Mango,India,verified
cap_404,grower_45,2025-07-14 08:08:00,3.769955,11.458575,Neem,Cameroon,verified
cap_405,grower_79,2025-01-04 18:47:00,12.88863,121.747864,Mango,Philippines,verified
cap_406,grower_56,2025-05-23 08:59:00,-1.288956,36.831535,Mahogany,Kenya,verified
cap_407,grower_59,2025-07-04 00:25:00,12.918417,121.842393,Mango,Philippines,verified
cap_408,grower_45,2025-04-05 23:55:00,3.895172,11.50303,Moringa,Cameroon,verified
cap_409,grower_49,2025-07-01 09:18:00,3.842429,11.520823,Mango,Cameroon,verified
cap_410,grower_26,2025-02-23 15:45:00,20.548243,79.064477,Mahogany,India,verified
cap_411,grower_15,2025-02-15 07:32:00,12.902781,121.762607,Mahogany,Philippines,verified
cap_412,grower_86,2025-02-15 20:46:00,-1.275913,36.898417,Mahogany,Kenya,verified
cap_413,grower_6,2025-04-18 19:44:00,3.778802,11.486667,Mango,Cameroon,unverified
cap_414,grower_77,2025-03-11 04:31:00,-1.408783,36.849912,Acacia,Kenya,unverified
cap_415,grower_48,2025-07-09 16:56:00,1.397335,32.284369,Acacia,Uganda,verified
cap_416,grower_89,2025-01-17 10:18:00,12.838878,121.835848,Moringa,Philippines,verified
cap_417,grower_8,2025-04-06 08:14:00,20.585756,78.897834,Mahogany,India,verified
cap_418,grower_39,2025-02-13 02:16:00,-1.261884,36.840863,Neem,Kenya,verified
cap_419,grower_101,2025-06-20 02:49:00,12.924729,121.664167,Acacia,Philippines,verified
cap_420,grower_55,2025-04-11 19:38:00,20.566498,78.973294,Mango,India,verified
cap_421,grower_108,2025-01-09 21:10:00,12.840191,121.78695,Moringa,Philippines,unverified
cap_422,grower_129,2025-04-27 23:02:00,1.302794,32.209837,Moringa,Uganda,verified
cap_423,grower_17,2025-06-30 18:34:00,12.845769,121.809531,Avocado,Philippines,verified
cap_424,grower_114,2025-05-13 20:16:00,20.614358,78.992876,Mango,India,verified
cap_425,grower_68,2025-06-28 11:00:00,3.772988,11.599169,Moringa,Cameroon,verified
cap_426,grower_115,2025-02-16 05:26:00,-1.334939,36.753484,Avocado,Kenya,unverified
cap_427,grower_149,2025-03-25 23:42:00,3.8831,11.526949,Avocado,Cameroon,verified
cap_428,grower_136,2025-04-13 15:23:00,20.562464,78.908689,Mahogany,India,verified
cap_429,grower_68,2025-05-09 11:46:00,3.883858,11.481732,Moringa,Cameroon,verified
cap_430,grower_24,2025-02-03 07:12:00,-1.237075,36.795981,Neem,Kenya,verified
cap_431,grower_23,2025-06-30 11:20:00,12.87164,121.803308,Mango,Philippines,verified
cap_432,grower_54,2025-06-17 06:30:00,1.438342,32.247786,Mahogany,Uganda,verified
cap_433,grower_3,2025-06-13 12:30:00,20.56031,78.911712,Mango,India,verified
cap_434,grower_87,2025-04-11 08:56:00,-1.247314,36.831816,Moringa,Kenya,verified
cap_435,grower_126,2025-01-22 03:32:00,12.811164,121.746789,Mahogany,Philippines,verified
cap_436,grower_16,2025-07-21 00:31:00,3.854266,11.459587,Moringa,Cameroon,verified
cap_437,grower_9,2025-01-17 07:15:00,20.628764,78.890233,Mango,India,verified
cap_438,grower_101,2025-02-20 18:24:00,12.881666,121.722191,Mango,Philippines,verified
cap_439,grower_104,2025-05-02 02:46:00,3.836278,11.511019,Neem,Cameroon,unverified
cap_440,grower_81,2025-03-25 22:11:00,1.351589,32.267013,Neem,Uganda,unverified
cap_441,grower_63,2025-04-19 03:02:00,1.406869,32.347057,Mango,Uganda,verified
cap_442,grower_15,2025-07-15 06:08:00,12.758247,121.777205,Moringa,Philippines,verified
cap_443,grower_78,2025-02-28 15:24:00,12.804106,121.752149,Moringa,Philippines,verified
cap_444,grower_83,2025-03-21 06:29:00,1.281082,32.257253,Neem,Uganda,unverified
cap_445,grower_147,2025-07-21 18:32:00,12.83018,121.756006,Acacia,Philippines,verified
cap_446,grower_2,2025-03-13 08:38:00,1.388829,32.330493,Mahogany,Uganda,verified
cap_447,grower_114,2025-05-06 05:30:00,20.593487,78.928012,Neem,India,verified
cap_448,grower_145,2025-06-05 14:05:00,12.874388,121.805148,Neem,Philippines,verified
cap_449,grower_59,2025-01-19 12:05:00,12.846319,121.758332,Neem,Philippines,verified
cap_450,grower_47,2025-03-25 06:30:00,3.858237,11.497974,Mahogany,Cameroon,verified
cap_451,grower_128,2025-01-29 05:37:00,12.859327,121.783014,Avocado,Philippines,unverified
cap_452,grower_136,2025-01-17 05:21:00,20.59164,78.922075,Mahogany,India,verified
cap_453,grower_62,2025-06-18 20:27:00,12.813115,121.781967,Moringa,Philippines,verified
cap_454,grower_98,2025-05-04 09:45:00,3.762627,11.493598,Mahogany,Cameroon,unverified
cap_455,grower_39,2025-05-28 18:51:00,-1.295831,36.783846,Moringa,Kenya,verified
cap_456,grower_111,2025-05-30 19:17:00,-1.187709,36.858552,Moringa,Kenya,verified
cap_457,grower_96,2025-04-10 18:02:00,20.511251,79.006303,Acacia,India,verified
cap_458,grower_65,2025-02-22 18:22:00,3.843306,11.449651,Moringa,Cameroon,verified
cap_459,grower_48,2025-01-28 14:40:00,1.297774,32.361517,Neem,Uganda,verified
cap_460,grower_49,2025-05-18 18:16:00,3.885066,11.503349,Neem,Cameroon,verified
cap_461,grower_32,2025-03-15 06:09:00,12.912315,121.714117,Moringa,Philippines,verified
cap_462,grower_85,2025-01-15 10:43:00,-1.296574,36.861302,Neem,Kenya,verified
cap_463,grower_147,2025-05-01 17:44:00,12.967479,121.839073,Avocado,Philippines,verified
cap_464,grower_39,2025-06-29 17:50:00,-1.275289,36.80828,Mango,Kenya,verified
cap_465,grower_69,2025-03-03 22:17:00,12.831344,121.676128,Mango,Philippines,verified
cap_466,grower_82,2025-03-23 10:38:00,-1.363907,36.763429,Moringa,Kenya,verified
cap_467,grower_63,2025-07-21 14:29:00,1.299979,32.300339,Mango,Uganda,verified
cap_468,grower_91,2025-07-28 18:16:00,20.551836,78.961897,Neem,India,verified
cap_469,grower_89,2025-04-07 09:08:00,12.922669,121.750559,Mango,Philippines,verified
cap_470,grower_85,2025-05-03 20:11:00,-1.240034,36.808146,Mahogany,Kenya,verified
cap_471,grower_114,2025-04-02 01:02:00,20.616916,78.969212,Mahogany,India,verified
cap_472,grower_4,2025-04-17 13:41:00,1.28677,32.371307,Acacia,Uganda,verified
cap_473,grower_129,2025-05-01 23:28:00,1.345344,32.362182,Mahogany,Uganda,verified
cap_474,grower_133,2025-02-16 13:22:00,12.922803,121.817889,Acacia,Philippines,verified
cap_475,grower_140,2025-01-23 04:36:00,1.37498,32.207012,Neem,Uganda,verified
cap_476,grower_52,2025-02-15 09:03:00,12.885534,121.776285,Neem,Philippines,verified
cap_477,grower_106,2025-04-23 20:36:00,1.324968,32.251636,Neem,Uganda,verified
cap_478,grower_109,2025-04-28 04:20:00,20.519966,78.960717,Avocado,India,unverified
cap_479,grower_76,2025-02-26 14:54:00,3.871005,11.530343,Mahogany,Cameroon,verified
cap_480,grower_87,2025-04-22 17:48:00,-1.262224,36.774066,Mango,Kenya,verified
cap_481,grower_85,2025-01-18 11:01:00,-1.241209,36.865923,Mahogany,Kenya,verified
cap_482,grower_126,2025-04-25 15:31:00,12.844521,121.707075,Avocado,Philippines,verified
cap_483,grower_28,2025-02-16 12:37:00,3.805085,11.474513,Moringa,Cameroon,verified
cap_484,grower_126,2025-05-17 19:58:00,12.885628,121.792252,Mango,Philippines,verified
cap_485,grower_19,2025-07-12 15:45:00,-1.332346,36.905992,Avocado,Kenya,verified
cap_486,grower_129,2025-07-24 09:19:00,1.397444,32.40096,Mango,Uganda,verified
cap_487,grower_61,2025-01-26 00:16:00,3.805233,11.479595,Neem,Cameroon,verified
cap_488,grower_49,2025-04-13 13:40:00,3.904625,11.535798,Mango,Cameroon,verified
cap_489,grower_17,2025-05-11 20:30:00,12.900943,121.813194,Neem,Philippines,verified
cap_490,grower_26,2025-03-06 18:36:00,20.604032,79.047931,Mango,India,unverified
cap_491,grower_108,2025-07-25 23:56:00,12.934823,121.738716,Moringa,Philippines,verified
cap_492,grower_15,2025-01-30 00:56:00,12.839998,121.766824,Avocado,Philippines,unverified
cap_493,grower_48,2025-04-14 04:51:00,1.303092,32.28564,Acacia,Uganda,verified
cap_494,grower_49,2025-02-14 05:34:00,3.840303,11.466835,Acacia,Cameroon,unverified
cap_495,grower_123,2025-01-03 03:25:00,1.36665,32.261431,Moringa,Uganda,verified
cap_496,grower_132,2025-05-02 10:18:00,1.458084,32.275858,Moringa,Uganda,verified
cap_497,grower_130,2025-04-02 11:10:00,1.359552,32.395507,Acacia,Uganda,verified
cap_498,grower_48,2025-06-22 13:26:00,1.43983,32.310732,Avocado,Uganda,verified
cap_499,grower_99,2025-01-29 09:30:00,3.903712,11.576309,Acacia,Cameroon,verified
cap_500,grower_134,2025-05-11 14:17:00,1.3878,32.3009,Acacia,Uganda,unverified
cap_501,grower_62,2025-01-13 04:26:00,12.87538,121.709144,Mahogany,Philippines,verified
cap_502,grower_104,2025-07-06 06:25:00,3.795518,11.460762,Mahogany,Cameroon,unverified
cap_503,grower_138,2025-03-22 08:33:00,3.781381,11.501552,Avocado,Cameroon,verified
cap_504,grower_90,2025-04-23 06:23:00,20.618284,78.956963,Mahogany,India,verified
cap_505,grower_61,2025-06-05 23:21:00,3.79122,11.455247,Mahogany,Cameroon,verified
cap_506,grower_100,2025-01-23 14:46:00,-1.259299,36.84642,Mahogany,Kenya,verified
cap_507,grower_101,2025-05-16 12:48:00,12.847927,121.792751,Neem,Philippines,verified
cap_508,grower_70,2025-03-20 13:47:00,12.92677,121.759795,Mahogany,Philippines,verified
cap_509,grower_134,2025-06-06 07:34:00,1.302109,32.273872,Neem,Uganda,verified
cap_510,grower_2,2025-05-05 11:27:00,1.407194,32.319497,Moringa,Uganda,unverified
cap_511,grower_43,2025-05-24 04:12:00,13.002473,121.711185,Neem,Philippines,verified
cap_512,grower_149,2025-02-17 08:20:00,3.866693,11.571568,Moringa,Cameroon,verified
cap_513,grower_114,2025-07-02 03:26:00,20.538413,79.015668,Moringa,India,verified
cap_514,grower_3,2025-05-18 05:38:00,20.638338,78.976529,Mango,India,verified
cap_515,grower_29,2025-03-15 09:32:00,12.862429,121.848171,Moringa,Philippines,verified
cap_516,grower_48,2025-04-20 16:33:00,1.405182,32.297958,Acacia,Uganda,verified
cap_517,grower_59,2025-02-19 18:56:00,12.754143,121.70211,Avocado,Philippines,verified
cap_518,grower_14,2025-05-26 19:38:00,3.846693,11.467345,Mahogany,Cameroon,verified
cap_519,grower_75,2025-06-18 09:30:00,1.370069,32.226161,Mango,Uganda,verified
cap_520,grower_150,2025-01-04 03:12:00,12.900205,121.718901,Acacia,Philippines,verified
cap_521,grower_93,2025-02-09 19:01:00,20.581043,78.896599,Acacia,India,unverified
cap_522,grower_131,2025-01-13 16:12:00,20.611933,78.966724,Avocado,India,verified
cap_523,grower_66,2025-07-19 14:35:00,12.887556,121.808264,Moringa,Philippines,verified
cap_524,grower_8,2025-07-02 19:27:00,20.600332,78.996925,Mahogany,India,verified
cap_525,grower_7,2025-07-03 15:43:00,20.612089,78.960073,Moringa,India,verified
cap_526,grower_88,2025-07-28 20:46:00,-1.32016,36.788174,Mango,Kenya,verified
cap_527,grower_95,2025-05-04 22:12:00,-1.312208,36.836469,Acacia,Kenya,verified
cap_528,grower_64,2025-01-11 18:41:00,3.833758,11.532818,Avocado,Cameroon,verified
cap_529,grower_58,2025-04-12 12:07:00,3.841161,11.422569,Avocado,Cameroon,verified
cap_530,grower_15,2025-04-14 01:49:00,12.794889,121.746859,Neem,Philippines,verified
cap_531,grower_60,2025-06-13 10:36:00,3.827564,11.554522,Neem,Cameroon,verified
cap_532,grower_101,2025-07-09 07:32:00,12.922553,121.845029,Mahogany,Philippines,verified
cap_533,grower_128,2025-04-22 22:46:00,12.89749,121.719797,Mango,Philippines,verified
cap_534,grower_57,2025-01-09 13:09:00,12.830183,121.819156,Neem,Philippines,verified
cap_535,grower_18,2025-05-23 01:45:00,1.426474,32.324085,Neem,Uganda,unverified
cap_536,grower_137,2025-07-20 07:26:00,12.752825,121.869357,Acacia,Philippines,verified
cap_537,grower_71,2025-05-24 03:06:00,-1.279737,36.806885,Mango,Kenya,verified
cap_538,grower_141,2025-07-07 04:29:00,-1.203544,36.823714,Mahogany,Kenya,verified
cap_539,grower_39,2025-07-06 08:05:00,-1.285235,36.828527,Mahogany,Kenya,unverified
cap_540,grower_53,2025-07-27 06:45:00,12.834567,121.734248,Neem,Philippines,verified
cap_541,grower_72,2025-02-01 15:05:00,1.432313,32.261895,Moringa,Uganda,unverified
cap_542,grower_76,2025-03-10 05:07:00,3.908986,11.509705,Mango,Cameroon,verified
cap_543,grower_31,2025-05-07 23:49:00,20.61043,78.94461,Acacia,India,verified
cap_544,grower_127,2025-07-24 05:36:00,1.340959,32.296523,Mahogany,Uganda,verified
cap_545,grower_129,2025-02-27 22:31:00,1.334273,32.276915,Avocado,Uganda,unverified
cap_546,grower_23,2025-04-21 11:38:00,12.833175,121.736611,Neem,Philippines,verified
cap_547,grower_16,2025-05-25 21:49:00,3.918606,11.530362,Neem,Cameroon,verified
cap_548,grower_94,2025-04-04 11:00:00,20.69118,78.945895,Mango,India,verified
cap_549,grower_116,2025-04-18 07:58:00,1.351134,32.39129,Neem,Uganda,verified
cap_550,grower_57,2025-01-01 17:47:00,12.939982,121.759067,Moringa,Philippines,verified
cap_551,grower_9,2025-07-25 16:56:00,20.568583,78.857653,Mango,India,verified
cap_552,grower_12,2025-07-09 14:42:00,20.651062,78.935642,Moringa,India,verified
cap_553,grower_95,2025-03-26 07:03:00,-1.326548,36.857896,Mahogany,Kenya,verified
cap_554,grower_102,2025-04-25 02:18:00,-1.213307,36.826892,Mango,Kenya,verified
cap_555,grower_63,2025-01-17 17:09:00,1.375998,32.269942,Moringa,Uganda,verified
cap_556,grower_28,2025-06-26 22:02:00,3.866567,11.52667,Acacia,Cameroon,unverified
cap_557,grower_52,2025-07-07 01:22:00,12.903524,121.867391,Avocado,Philippines,verified
cap_558,grower_104,2025-06-19 03:29:00,3.89251,11.477277,Mango,Cameroon,unverified
cap_559,grower_114,2025-05-22 12:28:00,20.53523,78.97492,Mango,India,unverified
cap_560,grower_67,2025-03-14 21:45:00,3.840655,11.418476,Acacia,Cameroon,verified
cap_561,grower_10,2025-07-14 21:46:00,1.342223,32.246416,Mango,Uganda,verified
cap_562,grower_105,2025-06-11 05:50:00,-1.337446,36.907368,Avocado,Kenya,unverified
cap_563,grower_132,2025-05-09 21:09:00,1.426781,32.234685,Mango,Uganda,verified
cap_564,grower_131,2025-06-26 10:27:00,20.548195,78.865761,Mahogany,India,verified
cap_565,grower_116,2025-04-20 15:47:00,1.366867,32.197468,Mahogany,Uganda,verified
cap_566,grower_121,2025-04-17 18:55:00,3.769866,11.43922,Acacia,Cameroon,verified
cap_567,grower_91,2025-07-14 21:05:00,20.685471,79.000494,Avocado,India,verified
cap_568,grower_61,2025-06-30 05:10:00,3.837933,11.50842,Neem,Cameroon,verified
cap_569,grower_102,2025-07-07 13:38:00,-1.21418,36.850106,Mahogany,Kenya,unverified
cap_570,grower_108,2025-07-08 14:52:00,12.792783,121.799112,Mahogany,Philippines,verified
cap_571,grower_94,2025-01-31 14:16:00,20.49461,78.916981,Acacia,India,verified
cap_572,grower_22,2025-03-06 12:40:00,1.397828,32.223226,Avocado,Uganda,verified
cap_573,grower_149,2025-04-09 20:31:00,3.837333,11.507332,Mahogany,Cameroon,verified
cap_574,grower_17,2025-06-15 14:08:00,12.820785,121.779866,Mahogany,Philippines,unverified
cap_575,grower_110,2025-05-23 04:28:00,20.574911,78.946714,Mango,India,verified
cap_576,grower_60,2025-01-26 17:08:00,3.866804,11.597859,Avocado,Cameroon,verified
cap_577,grower_59,2025-01-17 21:12:00,12.888029,121.772665,Mahogany,Philippines,verified
cap_578,grower_135,2025-01-19 09:34:00,20.541863,78.949669,Moringa,India,verified
cap_579,grower_81,2025-06-12 02:01:00,1.308801,32.323785,Acacia,Uganda,verified
cap_580,grower_61,2025-02-19 18:08:00,3.895624,11.492935,Moringa,Cameroon,verified
cap_581,grower_141,2025-06-14 14:39:00,-1.173336,36.917762,Mahogany,Kenya,verified
cap_582,grower_144,2025-01-28 03:56:00,12.875331,121.743533,Avocado,Philippines,verified
cap_583,grower_136,2025-07-20 16:01:00,20.677747,78.96092,Acacia,India,unverified
cap_584,grower_125,2025-07-21 20:53:00,-1.353467,36.905126,Avocado,Kenya,verified
cap_585,grower_117,2025-06-20 23:25:00,3.931319,11.474869,Neem,Cameroon,verified
cap_586,grower_94,2025-04-18 17:07:00,20.650027,78.967018,Neem,India,unverified
cap_587,grower_32,2025-05-02 10:07:00,12.801615,121.749276,Mango,Philippines,verified
cap_588,grower_6,2025-03-08 18:49:00,3.838717,11.49572,Moringa,Cameroon,verified
cap_589,grower_96,2025-02-10 16:18:00,20.585277,78.98098,Neem,India,unverified
cap_590,grower_35,2025-04-22 12:38:00,20.583524,78.988993,Moringa,India,verified
cap_591,grower_3,2025-03-14 11:53:00,20.473112,78.891663,Moringa,India,unverified
cap_592,grower_69,2025-01-30 04:40:00,12.90253,121.676509,Acacia,Philippines,verified
cap_593,grower_112,2025-02-27 10:05:00,20.659526,78.946491,Mango,India,verified
cap_594,grower_99,2025-04-09 06:44:00,3.793367,11.517218,Mahogany,Cameroon,unverified
cap_595,grower_126,2025-03-16 13:03:00,12.850305,121.764689,Mango,Philippines,verified
cap_596,grower_90,2025-02-11 01:15:00,20.535047,78.919396,Acacia,India,verified
cap_597,grower_130,2025-03-20 01:11:00,1.372889,32.254216,Mahogany,Uganda,verified
cap_598,grower_124,2025-01-17 18:06:00,20.650512,78.946549,Neem,India,verified
cap_599,grower_36,2025-04-03 19:58:00,1.364467,32.245168,Acacia,Uganda,verified
cap_600,grower_144,2025-06-29 19:07:00,12.940649,121.707412,Neem,Philippines,verified
cap_601,grower_143,2025-01-19 07:40:00,12.913657,121.651487,Avocado,Philippines,verified
cap_602,grower_27,2025-01-25 13:57:00,20.594996,79.003288,Acacia,India,verified
cap_603,grower_16,2025-01-30 00:44:00,3.869315,11.480605,Moringa,Cameroon,verified
cap_604,grower_141,2025-04-21 15:31:00,-1.354691,36.758294,Mango,Kenya,verified
cap_605,grower_147,2025-03-20 07:20:00,12.923122,121.787025,Acacia,Philippines,verified
cap_606,grower_132,2025-01-22 16:28:00,1.393391,32.394063,Acacia,Uganda,verified
cap_607,grower_42,2025-03-09 19:30:00,-1.277705,36.672346,Avocado,Kenya,verified
cap_608,grower_128,2025-06-08 22:42:00,12.882176,121.850415,Neem,Philippines,verified
cap_609,grower_116,2025-01-17 02:23:00,1.475717,32.242329,Mahogany,Uganda,verified
cap_610,grower_107,2025-03-26 00:03:00,20.557085,78.940379,Avocado,India,verified
cap_611,grower_140,2025-05-10 18:51:00,1.403172,32.253788,Moringa,Uganda,verified
cap_612,grower_40,2025-03-18 16:55:00,3.884184,11.497228,Mango,Cameroon,verified
cap_613,grower_47,2025-04-17 21:46:00,3.903644,11.516272,Mango,Cameroon,unverified
cap_614,grower_89,2025-03-17 03:20:00,12.869549,121.796674,Avocado,Philippines,verified
cap_615,grower_20,2025-06-28 23:51:00,12.956468,121.765236,Mahogany,Philippines,verified
cap_616,grower_57,2025-05-05 14:30:00,12.889236,121.816896,Neem,Philippines,verified
cap_617,grower_78,2025-05-30 00:35:00,12.898816,121.785561,Neem,Philippines,verified
cap_618,grower_127,2025-04-06 15:40:00,1.400162,32.304908,Acacia,Uganda,verified
cap_619,grower_38,2025-07-15 11:00:00,1.325947,32.254389,Moringa,Uganda,verified
cap_620,grower_140,2025-05-22 05:16:00,1.428252,32.22772,Mahogany,Uganda,verified
cap_621,grower_44,2025-02-13 10:09:00,3.846308,11.539829,Neem,Cameroon,verified
cap_622,grower_116,2025-07-25 14:06:00,1.302592,32.336128,Moringa,Uganda,verified
cap_623,grower_31,2025-04-20 03:09:00,20.619198,78.864777,Neem,India,unverified
cap_624,grower_35,2025-06-02 13:56:00,20.596155,79.006217,Acacia,India,verified
cap_625,grower_72,2025-03-28 10:07:00,1.355856,32.259046,Moringa,Uganda,verified
cap_626,grower_54,2025-01-16 10:10:00,1.440927,32.16561,Acacia,Uganda,verified
cap_627,grower_127,2025-03-22 11:45:00,1.309649,32.236234,Neem,Uganda,unverified
cap_628,grower_8,2025-05-11 03:07:00,20.550385,78.940045,Moringa,India,verified
cap_629,grower_108,2025-03-14 04:02:00,12.935041,121.823069,Mahogany,Philippines,unverified
cap_630,grower_141,2025-02-21 01:50:00,-1.233765,36.856516,Neem,Kenya,verified
cap_631,grower_43,2025-02-11 14:17:00,12.865198,121.757992,Moringa,Philippines,verified
cap_632,grower_43,2025-07-03 03:30:00,12.926071,121.732304,Moringa,Philippines,verified
cap_633,grower_11,2025-02-07 10:09:00,12.935194,121.793758,Moringa,Philippines,verified
cap_634,grower_134,2025-06-19 20:43:00,1.328115,32.23603,Mango,Uganda,unverified
cap_635,grower_72,2025-04-30 04:22:00,1.449492,32.318704,Moringa,Uganda,unverified
cap_636,grower_68,2025-04-20 10:51:00,3.879937,11.453988,Moringa,Cameroon,unverified
cap_637,grower_46,2025-01-13 10:00:00,-1.273986,36.828775,Neem,Kenya,verified
cap_638,grower_116,2025-02-18 00:06:00,1.321765,32.371423,Mahogany,Uganda,verified
cap_639,grower_92,2025-04-21 05:12:00,-1.279099,36.771059,Avocado,Kenya,verified
cap_640,grower_29,2025-03-19 13:17:00,12.883929,121.663563,Acacia,Philippines,unverified
cap_641,grower_93,2025-06-28 05:57:00,20.583183,79.01302,Avocado,India,verified
cap_642,grower_64,2025-03-05 18:30:00,3.736774,11.453242,Mango,Cameroon,unverified
cap_643,grower_22,2025-03-15 10:49:00,1.355161,32.272105,Mango,Uganda,verified
cap_644,grower_125,2025-07-07 15:29:00,-1.33193,36.794822,Acacia,Kenya,verified
cap_645,grower_4,2025-07-20 03:08:00,1.478253,32.349527,Moringa,Uganda,verified
cap_646,grower_36,2025-01-27 06:16:00,1.329189,32.293907,Avocado,Uganda,verified
cap_647,grower_16,2025-01-31 04:19:00,3.903101,11.508376,Neem,Cameroon,verified
cap_648,grower_48,2025-05-12 09:01:00,1.353567,32.1912,Mahogany,Uganda,verified
cap_649,grower_66,2025-01-18 18:33:00,12.934758,121.791675,Neem,Philippines,verified
cap_650,grower_1,2025-02-13 09:57:00,12.830844,121.68906,Moringa,Philippines,verified
cap_651,grower_95,2025-06-16 15:04:00,-1.263574,36.88407,Mahogany,Kenya,verified
cap_652,grower_29,2025-01-15 12:49:00,12.846253,121.749846,Acacia,Philippines,verified
cap_653,grower_18,2025-06-15 20:09:00,1.412037,32.30039,Mango,Uganda,verified
cap_654,grower_95,2025-07-29 20:19:00,-1.268708,36.84091,Mango,Kenya,verified
cap_655,grower_22,2025-03-26 02:23:00,1.248291,32.214488,Mahogany,Uganda,verified
cap_656,grower_119,2025-05-30 06:55:00,-1.310456,36.819075,Neem,Kenya,verified
cap_657,grower_42,2025-02-08 14:49:00,-1.25044,36.794587,Neem,Kenya,verified
cap_658,grower_131,2025-07-26 00:34:00,20.564141,78.932592,Mahogany,India,verified
cap_659,grower_38,2025-05-16 08:39:00,1.223528,32.392649,Avocado,Uganda,verified
cap_660,grower_132,2025-07-14 00:08:00,1.422777,32.427536,Acacia,Uganda,verified
cap_661,grower_71,2025-06-21 00:00:00,-1.281236,36.753164,Avocado,Kenya,unverified
cap_662,grower_110,2025-02-19 00:11:00,20.486756,78.862538,Mango,India,verified
cap_663,grower_112,2025-01-23 02:50:00,20.543833,78.984963,Mahogany,India,verified
cap_664,grower_25,2025-03-19 10:57:00,-1.306689,36.769386,Moringa,Kenya,verified
cap_665,grower_92,2025-04-21 02:16:00,-1.345676,36.908508,Acacia,Kenya,verified
cap_666,grower_68,2025-07-27 10:05:00,3.855519,11.525371,Neem,Cameroon,verified
cap_667,grower_25,2025-03-23 18:09:00,-1.283093,36.793613,Avocado,Kenya,verified
cap_668,grower_114,2025-07-24 18:57:00,20.645773,78.926727,Mango,India,verified
cap_669,grower_147,2025-06-21 03:52:00,12.882261,121.77256,Mango,Philippines,verified
cap_670,grower_119,2025-01-19 01:15:00,-1.298515,36.821978,Acacia,Kenya,verified
cap_671,grower_33,2025-05-06 20:00:00,12.901739,121.793772,Neem,Philippines,verified
cap_672,grower_98,2025-02-07 22:46:00,3.822469,11.603884,Acacia,Cameroon,unverified
cap_673,grower_16,2025-06-22 13:59:00,3.9141,11.531655,Acacia,Cameroon,verified
cap_674,grower_85,2025-03-06 11:02:00,-1.342023,36.810788,Moringa,Kenya,verified
cap_675,grower_107,2025-05-26 20:48:00,20.498416,78.907435,Neem,India,verified
cap_676,grower_91,2025-04-25 22:06:00,20.520153,78.976935,Moringa,India,verified
cap_677,grower_50,2025-04-01 10:48:00,12.882339,121.764642,Neem,Philippines,verified
cap_678,grower_31,2025-02-14 20:00:00,20.593046,78.88965,Acacia,India,verified
cap_679,grower_117,2025-07-13 00:57:00,3.858161,11.481532,Avocado,Cameroon,verified
cap_680,grower_75,2025-06-22 18:18:00,1.419696,32.24459,Mahogany,Uganda,verified
cap_681,grower_3,2025-06-01 02:25:00,20.584344,78.895039,Mango,India,verified
cap_682,grower_88,2025-06-02 07:08:00,-1.242081,36.822583,Mango,Kenya,unverified
cap_683,grower_89,2025-05-31 12:02:00,12.93098,121.696153,Mango,Philippines,verified
cap_684,grower_73,2025-06-11 14:31:00,1.306497,32.304348,Avocado,Uganda,verified
cap_685,grower_125,2025-03-11 14:32:00,-1.209903,36.904025,Moringa,Kenya,verified
cap_686,grower_10,2025-07-07 09:59:00,1.295543,32.294706,Acacia,Uganda,verified
cap_687,grower_15,2025-04-19 19:20:00,12.929921,121.754542,Avocado,Philippines,unverified
cap_688,grower_16,2025-03-10 04:06:00,3.883106,11.403563,Neem,Cameroon,verified
cap_689,grower_146,2025-01-04 15:37:00,12.883061,121.773738,Neem,Philippines,verified
cap_690,grower_95,2025-07-10 23:09:00,-1.272617,36.773925,Mango,Kenya,verified
cap_691,grower_11,2025-05-21 19:47:00,12.856307,121.75171,Neem,Philippines,verified
cap_692,grower_74,2025-03-01 13:10:00,3.950602,11.506809,Neem,Cameroon,unverified
cap_693,grower_89,2025-07-02 03:28:00,12.857755,121.724832,Neem,Philippines,verified
cap_694,grower_13,2025-04-29 11:37:00,1.46631,32.237609,Moringa,Uganda,verified
cap_695,grower_118,2025-02-28 15:55:00,20.641743,78.88899,Moringa,India,verified
cap_696,grower_62,2025-03-09 17:18:00,12.88547,121.773788,Mango,Philippines,verified
cap_697,grower_35,2025-04-12 07:46:00,20.573044,78.978503,Mango,India,verified
cap_698,grower_111,2025-07-29 09:54:00,-1.249908,36.790151,Avocado,Kenya,verified
cap_699,grower_7,2025-06-02 08:37:00,20.610403,78.98754,Avocado,India,unverified
cap_700,grower_29,2025-06-23 19:35:00,12.860284,121.762407,Moringa,Philippines,verified
cap_701,grower_115,2025-03-16 19:49:00,-1.309616,36.81128,Neem,Kenya,verified
cap_702,grower_90,2025-04-13 20:45:00,20.602482,78.93159,Moringa,India,verified
cap_703,grower_20,2025-03-12 15:04:00,12.927368,121.734784,Neem,Philippines,verified
cap_704,grower_56,2025-05-11 03:56:00,-1.226732,36.894333,Moringa,Kenya,unverified
cap_705,grower_87,2025-04-27 11:29:00,-1.273055,36.803293,Acacia,Kenya,verified
cap_706,grower_127,2025-02-17 03:43:00,1.442664,32.284347,Moringa,Uganda,verified
cap_707,grower_99,2025-03-02 06:54:00,3.873653,11.546866,Mango,Cameroon,verified
cap_708,grower_116,2025-07-25 22:38:00,1.358953,32.243593,Mahogany,Uganda,verified
cap_709,grower_50,2025-05-11 11:41:00,12.810729,121.809664,Neem,Philippines,verified
cap_710,grower_96,2025-02-03 01:18:00,20.585571,78.966545,Acacia,India,verified
cap_711,grower_93,2025-06-08 12:44:00,20.453886,79.007127,Mango,India,verified
cap_712,grower_136,2025-04-11 16:13:00,20.559635,78.839394,Mango,India,verified
cap_713,grower_93,2025-01-22 04:50:00,20.46864,78.91648,Neem,India,verified
cap_714,grower_122,2025-03-21 07:21:00,12.837875,121.79016,Avocado,Philippines,unverified
cap_715,grower_94,2025-01-16 13:38:00,20.629659,78.953897,Mango,India,verified
cap_716,grower_66,2025-07-02 02:36:00,12.903941,121.803979,Mahogany,Philippines,verified
cap_717,grower_97,2025-04-07 08:32:00,1.386084,32.298403,Acacia,Uganda,verified
cap_718,grower_82,2025-06-10 04:43:00,-1.283623,36.808841,Avocado,Kenya,verified
cap_719,grower_70,2025-04-24 14:33:00,12.867101,121.751089,Mango,Philippines,verified
cap_720,grower_18,2025-06-20 04:54:00,1.453101,32.273387,Neem,Uganda,verified
cap_721,grower_79,2025-01-30 12:41:00,12.915209,121.826056,Avocado,Philippines,verified
cap_722,grower_67,2025-01-07 21:59:00,3.820739,11.550283,Mahogany,Cameroon,verified
cap_723,grower_68,2025-03-19 08:40:00,3.864421,11.471865,Moringa,Cameroon,verified
cap_724,grower_42,2025-05-08 08:51:00,-1.256765,36.792354,Moringa,Kenya,verified
cap_725,grower_65,2025-03-04 15:50:00,3.783042,11.507987,Acacia,Cameroon,verified
cap_726,grower_30,2025-05-06 23:56:00,12.8993,121.76752,Moringa,Philippines,verified
cap_727,grower_98,2025-05-26 02:01:00,3.827195,11.548257,Mango,Cameroon,verified
cap_728,grower_110,2025-04-29 09:28:00,20.601655,78.982237,Acacia,India,verified
cap_729,grower_114,2025-07-17 05:20:00,20.61425,78.936609,Moringa,India,verified
cap_730,grower_21,2025-03-02 17:57:00,3.839854,11.511018,Avocado,Cameroon,verified
cap_731,grower_65,2025-01-17 08:54:00,3.850461,11.562944,Acacia,Cameroon,verified
cap_732,grower_108,2025-07-15 20:29:00,12.83739,121.696862,Mahogany,Philippines,verified
cap_733,grower_96,2025-05-05 18:24:00,20.545361,78.985681,Neem,India,verified
cap_734,grower_150,2025-07-01 12:30:00,12.919519,121.835026,Neem,Philippines,verified
cap_735,grower_146,2025-01-23 23:53:00,12.848894,121.742316,Neem,Philippines,unverified
cap_736,grower_44,2025-07-04 18:12:00,3.88985,11.522537,Neem,Cameroon,verified
cap_737,grower_122,2025-06-03 01:18:00,12.945739,121.741724,Moringa,Philippines,verified
cap_738,grower_34,2025-03-12 08:34:00,-1.212348,36.695901,Avocado,Kenya,verified
cap_739,grower_82,2025-01-06 18:46:00,-1.1955,36.854107,Avocado,Kenya,verified
cap_740,grower_149,2025-03-15 20:14:00,3.801598,11.484485,Avocado,Cameroon,verified
cap_741,grower_56,2025-03-03 11:06:00,-1.252244,36.945231,Acacia,Kenya,verified
cap_742,grower_130,2025-01-13 21:34:00,1.386651,32.172751,Mango,Uganda,verified
cap_743,grower_22,2025-07-22 01:13:00,1.376544,32.253068,Mango,Uganda,verified
cap_744,grower_117,2025-06-17 06:05:00,3.8138,11.49023,Mango,Cameroon,verified
cap_745,grower_57,2025-03-03 16:23:00,12.879648,121.75922,Mango,Philippines,verified
cap_746,grower_17,2025-05-29 11:34:00,12.913136,121.729643,Neem,Philippines,verified
cap_747,grower_109,2025-04-11 09:16:00,20.608452,78.990363,Avocado,India,verified
cap_748,grower_14,2025-03-23 16:58:00,3.813031,11.559595,Acacia,Cameroon,verified
cap_749,grower_47,2025-01-19 14:17:00,3.837984,11.416507,Acacia,Cameroon,verified
cap_750,grower_92,2025-05-11 07:29:00,-1.234577,36.840905,Mango,Kenya,unverified
cap_751,grower_17,2025-07-03 13:50:00,12.849866,121.682501,Moringa,Philippines,verified
cap_752,grower_55,2025-02-15 05:01:00,20.612848,79.025645,Acacia,India,verified
cap_753,grower_54,2025-01-10 19:01:00,1.342194,32.283497,Avocado,Uganda,verified
cap_754,grower_92,2025-03-12 20:56:00,-1.309437,36.93758,Mahogany,Kenya,verified
cap_755,grower_90,2025-05-01 05:00:00,20.569961,79.08622,Acacia,India,verified
cap_756,grower_68,2025-05-20 12:09:00,3.805792,11.370579,Acacia,Cameroon,verified
cap_757,grower_78,2025-01-26 11:00:00,12.862679,121.689422,Acacia,Philippines,verified
cap_758,grower_66,2025-07-24 13:10:00,12.878478,121.764879,Mango,Philippines,verified
cap_759,grower_124,2025-02-15 14:58:00,20.622523,78.981699,Acacia,India,verified
cap_760,grower_100,2025-02-13 03:57:00,-1.376225,36.783033,Mahogany,Kenya,verified
cap_761,grower_100,2025-05-03 21:09:00,-1.307472,36.781372,Mahogany,Kenya,verified
cap_762,grower_71,2025-03-25 19:38:00,-1.184383,36.889847,Neem,Kenya,verified
cap_763,grower_48,2025-05-23 03:11:00,1.43874,32.235161,Moringa,Uganda,verified
cap_764,grower_23,2025-05-11 01:32:00,12.863155,121.782782,Mahogany,Philippines,verified
cap_765,grower_149,2025-06-15 07:51:00,3.884059,11.525101,Neem,Cameroon,verified
cap_766,grower_14,2025-02-07 06:03:00,3.894907,11.446229,Mahogany,Cameroon,verified
cap_767,grower_10,2025-07-09 14:42:00,1.339589,32.308156,Mango,Uganda,verified
cap_768,grower_4,2025-03-26 03:33:00,1.397357,32.247082,Mango,Uganda,unverified
cap_769,grower_19,2025-04-08 12:53:00,-1.286151,36.826204,Neem,Kenya,verified
cap_770,grower_127,2025-05-19 10:35:00,1.342774,32.215756,Neem,Uganda,verified
cap_771,grower_112,2025-07-01 16:20:00,20.686172,78.921269,Mahogany,India,verified
cap_772,grower_50,2025-06-03 21:57:00,12.804254,121.729947,Mahogany,Philippines,unverified
cap_773,grower_86,2025-05-02 23:33:00,-1.260157,36.808385,Mango,Kenya,verified
cap_774,grower_38,2025-07-19 21:11:00,1.326825,32.28844,Mahogany,Uganda,verified
cap_775,grower_126,2025-01-18 12:11:00,12.803533,121.638202,Mango,Philippines,verified
cap_776,grower_48,2025-06-29 09:03:00,1.3539,32.264614,Avocado,Uganda,verified
cap_777,grower_75,2025-05-06 05:42:00,1.3479,32.356042,Neem,Uganda,verified
cap_778,grower_33,2025-06-10 03:48:00,12.855958,121.804808,Avocado,Philippines,verified
cap_779,grower_114,2025-03-29 09:43:00,20.654511,78.895482,Neem,India,unverified
cap_780,grower_53,2025-05-19 03:13:00,12.890871,121.753669,Avocado,Philippines,verified
cap_781,grower_13,2025-05-27 03:29:00,1.316789,32.339761,Neem,Uganda,verified
cap_782,grower_23,2025-05-20 13:11:00,12.842631,121.743432,Avocado,Philippines,verified
cap_783,grower_136,2025-06-03 23:57:00,20.599153,78.896545,Mahogany,India,verified
cap_784,grower_29,2025-07-05 21:13:00,12.884159,121.693991,Acacia,Philippines,unverified
cap_785,grower_108,2025-07-23 21:21:00,12.874783,121.789665,Neem,Philippines,verified
cap_786,grower_88,2025-07-07 05:28:00,-1.303709,36.815454,Neem,Kenya,verified
cap_787,grower_74,2025-04-20 20:01:00,3.801231,11.546802,Avocado,Cameroon,verified
cap_788,grower_7,2025-05-23 11:49:00,20.628185,79.016369,Mango,India,verified
cap_789,grower_108,2025-03-26 08:15:00,12.857703,121.775657,Neem,Philippines,verified
cap_790,grower_123,2025-03-09 10:15:00,1.401683,32.25509,Neem,Uganda,verified
cap_791,grower_44,2025-04-07 08:43:00,3.915558,11.488784,Neem,Cameroon,unverified
cap_792,grower_28,2025-04-20 20:49:00,3.841009,11.508089,Neem,Cameroon,verified
cap_793,grower_109,2025-02-11 07:01:00,20.535069,79.031025,Acacia,India,verified
cap_794,grower_71,2025-02-20 06:16:00,-1.239116,36.858513,Mahogany,Kenya,verified
cap_795,grower_83,2025-01-04 14:22:00,1.33294,32.257786,Avocado,Uganda,verified
cap_796,grower_36,2025-06-13 01:40:00,1.366868,32.302156,Moringa,Uganda,verified
cap_797,grower_53,2025-04-15 12:51:00,12.846188,121.715282,Neem,Philippines,verified
cap_798,grower_28,2025-06-16 14:23:00,3.837865,11.405499,Avocado,Cameroon,verified
cap_799,grower_91,2025-06-16 18:33:00,20.601154,79.012809,Mango,India,verified
cap_800,grower_150,2025-03-09 03:18:00,12.869691,121.74999,Avocado,Philippines,unverified
cap_801,grower_126,2025-06-17 09:19:00,12.874459,121.750588,Moringa,Philippines,verified
cap_802,grower_124,2025-07-24 15:10:00,20.617779,78.85222,Moringa,India,verified
cap_803,grower_113,2025-02-24 11:47:00,1.33171,32.288274,Acacia,Uganda,verified
cap_804,grower_87,2025-05-29 19:28:00,-1.317218,36.866567,Avocado,Kenya,verified
cap_805,grower_147,2025-03-03 06:59:00,12.832437,121.739805,Acacia,Philippines,verified
cap_806,grower_19,2025-06-21 19:00:00,-1.36714,36.811968,Acacia,Kenya,verified
cap_807,grower_69,2025-02-10 03:50:00,12.879102,121.759769,Neem,Philippines,verified
cap_808,grower_10,2025-03-26 17:33:00,1.321392,32.339116,Neem,Uganda,verified
cap_809,grower_145,2025-02-21 21:59:00,12.856062,121.787974,Mahogany,Philippines,verified
cap_810,grower_147,2025-02-12 23:21:00,12.89979,121.783178,Acacia,Philippines,verified
cap_811,grower_6,2025-01-21 01:31:00,3.853134,11.504493,Mahogany,Cameroon,verified
cap_812,grower_148,2025-01-05 10:31:00,20.638639,78.965893,Neem,India,verified
cap_813,grower_57,2025-07-12 03:56:00,12.846209,121.691421,Moringa,Philippines,verified
cap_814,grower_40,2025-02-24 11:23:00,3.839739,11.441342,Neem,Cameroon,unverified
cap_815,grower_112,2025-07-24 03:20:00,20.582016,78.981503,Mango,India,verified
cap_816,grower_19,2025-06-24 04:17:00,-1.306023,36.821238,Mahogany,Kenya,verified
cap_817,grower_17,2025-07-18 18:24:00,12.900929,121.753649,Acacia,Philippines,verified
cap_818,grower_132,2025-07-20 03:15:00,1.495577,32.287972,Moringa,Uganda,verified
cap_819,grower_69,2025-01-12 20:33:00,12.893829,121.770428,Mango,Philippines,unverified
cap_820,grower_99,2025-06-12 13:14:00,3.846882,11.491117,Moringa,Cameroon,verified
cap_821,grower_148,2025-05-09 17:50:00,20.552025,78.923941,Moringa,India,verified
cap_822,grower_103,2025-06-23 17:30:00,12.734777,121.799571,Acacia,Philippines,unverified
cap_823,grower_82,2025-06-11 15:31:00,-1.278308,36.871772,Avocado,Kenya,verified
cap_824,grower_137,2025-06-28 09:06:00,12.86095,121.797314,Avocado,Philippines,verified
cap_825,grower_4,2025-06-05 20:27:00,1.345789,32.336156,Avocado,Uganda,verified
cap_826,grower_150,2025-05-05 11:17:00,12.851253,121.752378,Acacia,Philippines,verified
cap_827,grower_1,2025-02-11 23:01:00,12.88394,121.778368,Acacia,Philippines,unverified
cap_828,grower_146,2025-04-18 02:01:00,12.886107,121.845837,Mango,Philippines,verified
cap_829,grower_62,2025-06-11 11:49:00,12.876024,121.650316,Avocado,Philippines,verified
cap_830,grower_58,2025-01-15 18:21:00,3.813987,11.423645,Mahogany,Cameroon,verified
cap_831,grower_3,2025-04-30 17:07:00,20.65033,78.883642,Avocado,India,verified
cap_832,grower_17,2025-07-21 11:56:00,12.92546,121.730036,Moringa,Philippines,verified
cap_833,grower_4,2025-03-09 16:56:00,1.358781,32.341055,Neem,Uganda,verified
cap_834,grower_54,2025-02-09 07:40:00,1.303317,32.249412,Acacia,Uganda,verified
cap_835,grower_141,2025-04-09 12:49:00,-1.220269,36.767739,Mango,Kenya,verified
cap_836,grower_66,2025-01-22 23:10:00,12.941014,121.716166,Moringa,Philippines,verified
cap_837,grower_140,2025-02-08 17:16:00,1.416597,32.344833,Mango,Uganda,verified
cap_838,grower_12,2025-02-26 00:39:00,20.469841,79.049981,Mahogany,India,verified
cap_839,grower_35,2025-01-11 13:58:00,20.48683,78.944132,Neem,India,verified
cap_840,grower_106,2025-01-31 21:00:00,1.347442,32.377369,Neem,Uganda,verified
cap_841,grower_41,2025-06-27 07:43:00,12.897258,121.727513,Mango,Philippines,verified
cap_842,grower_39,2025-03-11 19:49:00,-1.320148,36.835895,Avocado,Kenya,unverified
cap_843,grower_84,2025-04-03 00:48:00,1.38537,32.248769,Acacia,Uganda,verified
cap_844,grower_114,2025-06-15 23:17:00,20.563718,78.96162,Neem,India,unverified
cap_845,grower_64,2025-06-25 22:03:00,3.795394,11.506767,Avocado,Cameroon,verified
cap_846,grower_16,2025-06-18 23:18:00,3.853939,11.552696,Acacia,Cameroon,unverified
cap_847,grower_45,2025-04-04 22:17:00,3.888556,11.565281,Neem,Cameroon,verified
cap_848,grower_128,2025-07-06 09:09:00,12.92595,121.763654,Neem,Philippines,unverified
cap_849,grower_53,2025-04-05 19:30:00,12.905744,121.810996,Mango,Philippines,unverified
cap_850,grower_125,2025-05-06 17:06:00,-1.301914,36.757948,Neem,Kenya,unverified
cap_851,grower_97,2025-04-12 17:49:00,1.346852,32.220386,Avocado,Uganda,verified
cap_852,grower_111,2025-04-09 21:54:00,-1.223481,36.886053,Acacia,Kenya,unverified
cap_853,grower_25,2025-07-10 17:54:00,-1.26376,36.894771,Avocado,Kenya,verified
cap_854,grower_69,2025-07-08 23:58:00,12.874215,121.826981,Avocado,Philippines,verified
cap_855,grower_85,2025-07-08 16:44:00,-1.307542,36.709083,Avocado,Kenya,verified
cap_856,grower_26,2025-05-03 10:55:00,20.551929,78.941273,Mango,India,verified
cap_857,grower_3,2025-05-29 07:17:00,20.500942,78.848477,Moringa,India,verified
cap_858,grower_62,2025-05-19 07:35:00,12.938672,121.756373,Mango,Philippines,verified
cap_859,grower_64,2025-07-10 14:12:00,3.79013,11.459534,Acacia,Cameroon,verified
cap_860,grower_46,2025-01-09 21:34:00,-1.386838,36.781932,Mahogany,Kenya,verified
cap_861,grower_29,2025-04-19 14:45:00,12.912045,121.78972,Neem,Philippines,verified
cap_862,grower_93,2025-03-14 21:12:00,20.653383,78.974436,Moringa,India,verified
cap_863,grower_90,2025-03-13 12:06:00,20.508436,78.939826,Neem,India,verified
cap_864,grower_135,2025-02-27 13:53:00,20.534036,79.00903,Mango,India,verified
cap_865,grower_129,2025-06-02 19:08:00,1.371243,32.249062,Moringa,Uganda,verified
cap_866,grower_58,2025-03-23 17:05:00,3.914749,11.527211,Acacia,Cameroon,verified
cap_867,grower_148,2025-03-06 20:32:00,20.566942,78.997828,Moringa,India,unverified
cap_868,grower_116,2025-07-11 14:04:00,1.402799,32.324513,Mango,Uganda,verified
cap_869,grower_35,2025-07-01 20:30:00,20.623246,78.921751,Mango,India,verified
cap_870,grower_79,2025-03-10 06:36:00,12.924079,121.769294,Avocado,Philippines,verified
cap_871,grower_103,2025-07-23 00:06:00,12.872066,121.832618,Mango,Philippines,unverified
cap_872,grower_101,2025-01-20 08:17:00,12.813741,121.797202,Neem,Philippines,unverified
cap_873,grower_28,2025-02-04 18:55:00,3.716488,11.590126,Mahogany,Cameroon,verified
cap_874,grower_80,2025-05-08 05:06:00,12.947929,121.752291,Mahogany,Philippines,verified
cap_875,grower_109,2025-06-18 15:13:00,20.565615,79.013717,Mahogany,India,verified
cap_876,grower_100,2025-02-08 21:48:00,-1.238305,36.893354,Mahogany,Kenya,verified
cap_877,grower_17,2025-03-14 07:58:00,12.888401,121.817261,Mahogany,Philippines,verified
cap_878,grower_2,2025-02-28 18:42:00,1.424524,32.349994,Avocado,Uganda,verified
cap_879,grower_2,2025-03-23 23:31:00,1.380834,32.274832,Acacia,Uganda,verified
cap_880,grower_14,2025-03-22 08:25:00,3.758946,11.470117,Avocado,Cameroon,verified
cap_881,grower_81,2025-05-26 00:08:00,1.346051,32.404661,Mahogany,Uganda,unverified
cap_882,grower_125,2025-05-14 10:31:00,-1.312402,36.769765,Avocado,Kenya,verified
cap_883,grower_93,2025-06-26 19:55:00,20.570514,78.867568,Moringa,India,verified
cap_884,grower_114,2025-06-22 14:33:00,20.545183,78.970965,Avocado,India,unverified
cap_885,grower_20,2025-07-25 18:35:00,12.845683,121.72783,Acacia,Philippines,unverified
cap_886,grower_44,2025-03-10 15:26:00,3.881062,11.564431,Neem,Cameroon,unverified
cap_887,grower_32,2025-04-24 03:23:00,12.888016,121.856434,Neem,Philippines,verified
cap_888,grower_30,2025-01-03 07:09:00,12.869974,121.729377,Acacia,Philippines,verified
cap_889,grower_141,2025-01-31 00:46:00,-1.269783,36.774385,Avocado,Kenya,verified
cap_890,grower_77,2025-02-13 22:33:00,-1.299413,36.879656,Moringa,Kenya,verified
cap_891,grower_30,2025-02-24 06:36:00,12.87015,121.739461,Moringa,Philippines,verified
cap_892,grower_126,2025-07-07 11:37:00,12.860322,121.8155,Mango,Philippines,unverified
cap_893,grower_11,2025-03-26 01:39:00,12.821807,121.861581,Acacia,Philippines,verified
cap_894,grower_22,2025-05-05 14:51:00,1.350507,32.203674,Mahogany,Uganda,verified
cap_895,grower_57,2025-03-16 11:58:00,12.926984,121.832146,Moringa,Philippines,verified
cap_896,grower_40,2025-03-24 11:21:00,3.80135,11.599334,Neem,Cameroon,verified
cap_897,grower_33,2025-04-21 08:47:00,12.963369,121.749426,Avocado,Philippines,verified
cap_898,grower_72,2025-07-16 21:45:00,1.401995,32.224206,Neem,Uganda,verified
cap_899,grower_13,2025-04-07 00:17:00,1.37207,32.266365,Avocado,Uganda,verified
cap_900,grower_26,2025-06-15 23:12:00,20.489133,78.818384,Mahogany,India,verified
cap_901,grower_106,2025-03-13 16:27:00,1.401866,32.370815,Avocado,Uganda,verified
cap_902,grower_70,2025-01-26 18:42:00,12.87299,121.833188,Mahogany,Philippines,verified
cap_903,grower_104,2025-05-18 04:10:00,3.862304,11.459886,Mango,Cameroon,verified
cap_904,grower_130,2025-07-06 13:57:00,1.353825,32.285956,Mango,Uganda,verified
cap_905,grower_103,2025-04-02 00:28:00,12.903412,121.768991,Avocado,Philippines,verified
cap_906,grower_41,2025-06-25 17:27:00,12.821296,121.730566,Moringa,Philippines,verified
cap_907,grower_139,2025-06-12 08:15:00,3.798147,11.533268,Mahogany,Cameroon,verified
cap_908,grower_95,2025-03-07 02:45:00,-1.353571,36.757635,Moringa,Kenya,verified
cap_909,grower_29,2025-01-25 22:07:00,12.901674,121.744572,Mango,Philippines,verified
cap_910,grower_90,2025-05-29 12:40:00,20.602555,79.000486,Mango,India,verified
cap_911,grower_106,2025-02-13 05:55:00,1.373193,32.233081,Acacia,Uganda,unverified
cap_912,grower_127,2025-05-11 01:15:00,1.316035,32.354399,Acacia,Uganda,verified
cap_913,grower_46,2025-05-17 18:28:00,-1.269518,36.837849,Moringa,Kenya,verified
cap_914,grower_91,2025-06-10 07:02:00,20.596321,78.901119,Mahogany,India,verified
cap_915,grower_115,2025-04-13 01:40:00,-1.253859,36.82559,Neem,Kenya,verified
cap_916,grower_85,2025-02-07 10:59:00,-1.294046,36.661479,Avocado,Kenya,verified
cap_917,grower_121,2025-03-08 12:16:00,3.845594,11.579425,Mango,Cameroon,verified
cap_918,grower_13,2025-02-26 06:10:00,1.394594,32.224518,Moringa,Uganda,verified
cap_919,grower_5,2025-07-04 11:26:00,1.291459,32.318535,Mahogany,Uganda,verified
cap_920,grower_53,2025-06-27 03:31:00,12.911323,121.790089,Acacia,Philippines,verified
cap_921,grower_116,2025-02-08 15:41:00,1.425197,32.277186,Mahogany,Uganda,verified
cap_922,grower_47,2025-05-08 11:29:00,3.803576,11.493878,Neem,Cameroon,unverified
cap_923,grower_15,2025-07-27 02:48:00,12.913055,121.706762,Avocado,Philippines,unverified
cap_924,grower_49,2025-07-16 00:59:00,3.78462,11.408522,Moringa,Cameroon,verified
cap_925,grower_29,2025-06-26 19:36:00,12.859788,121.783273,Neem,Philippines,unverified
cap_926,grower_57,2025-04-03 13:07:00,12.811247,121.70259,Mahogany,Philippines,verified
cap_927,grower_103,2025-07-09 13:20:00,12.934161,121.741803,Avocado,Philippines,verified
cap_928,grower_17,2025-06-02 14:01:00,12.911745,121.889578,Avocado,Philippines,verified
cap_929,grower_11,2025-05-07 09:51:00,12.835775,121.74397,Moringa,Philippines,verified
cap_930,grower_12,2025-06-20 03:47:00,20.641767,78.89948,Mango,India,verified
cap_931,grower_134,2025-03-07 07:16:00,1.449128,32.277122,Neem,Uganda,verified
cap_932,grower_103,2025-07-17 13:32:00,12.917824,121.674297,Avocado,Philippines,verified
cap_933,grower_26,2025-07-18 13:33:00,20.617715,79.008121,Avocado,India,verified
cap_934,grower_59,2025-07-05 08:15:00,12.87856,121.703575,Neem,Philippines,verified
cap_935,grower_91,2025-03-23 17:40:00,20.624011,78.950058,Avocado,India,verified
cap_936,grower_64,2025-04-02 14:26:00,3.778666,11.506721,Moringa,Cameroon,unverified
cap_937,grower_31,2025-03-28 06:42:00,20.604231,79.010548,Acacia,India,verified
cap_938,grower_101,2025-04-17 23:07:00,12.894247,121.758784,Avocado,Philippines,verified
cap_939,grower_132,2025-02-28 14:42:00,1.337144,32.306884,Moringa,Uganda,verified
cap_940,grower_123,2025-01-18 07:18:00,1.342916,32.307043,Mahogany,Uganda,verified
cap_941,grower_118,2025-03-08 15:34:00,20.615953,78.911126,Mahogany,India,verified
cap_942,grower_75,2025-03-27 19:32:00,1.33614,32.310778,Acacia,Uganda,unverified
cap_943,grower_50,2025-03-19 08:40:00,12.907449,121.786234,Mango,Philippines,unverified
cap_944,grower_101,2025-07-19 04:02:00,12.813186,121.820622,Mango,Philippines,verified
cap_945,grower_43,2025-05-23 06:46:00,12.78775,121.80928,Neem,Philippines,verified
cap_946,grower_135,2025-06-07 16:16:00,20.577499,78.915889,Mahogany,India,verified
cap_947,grower_88,2025-02-03 17:50:00,-1.240311,36.888696,Moringa,Kenya,verified
cap_948,grower_24,2025-02-26 23:06:00,-1.258377,36.796291,Acacia,Kenya,verified
cap_949,grower_139,2025-04-03 17:45:00,3.815334,11.512717,Acacia,Cameroon,verified
cap_950,grower_24,2025-02-22 01:39:00,-1.254592,36.836557,Neem,Kenya,verified
cap_951,grower_98,2025-06-24 21:45:00,3.830406,11.449112,Mango,Cameroon,verified
cap_952,grower_7,2025-07-09 07:55:00,20.544925,78.990169,Mahogany,India,verified
cap_953,grower_132,2025-06-02 17:10:00,1.359996,32.260375,Mahogany,Uganda,unverified
cap_954,grower_67,2025-05-28 21:03:00,3.729217,11.501208,Acacia,Cameroon,verified
cap_955,grower_67,2025-07-18 06:05:00,3.930225,11.44712,Avocado,Cameroon,verified
cap_956,grower_58,2025-02-10 13:35:00,3.716817,11.500456,Neem,Cameroon,verified
cap_957,grower_116,2025-02-08 01:58:00,1.376043,32.24656,Moringa,Uganda,verified
cap_958,grower_68,2025-05-03 15:28:00,3.957252,11.544734,Avocado,Cameroon,verified
cap_959,grower_22,2025-02-23 12:42:00,1.370157,32.3515,Acacia,Uganda,verified
cap_960,grower_2,2025-07-02 11:51:00,1.480276,32.349967,Neem,Uganda,verified
cap_961,grower_97,2025-04-14 12:28:00,1.350716,32.311725,Moringa,Uganda,verified
cap_962,grower_1,2025-02-09 11:48:00,12.834142,121.80349,Mango,Philippines,verified
cap_963,grower_57,2025-03-28 20:22:00,12.867495,121.743673,Neem,Philippines,unverified
cap_964,grower_25,2025-06-23 02:31:00,-1.239492,36.759466,Avocado,Kenya,verified
cap_965,grower_139,2025-05-16 13:41:00,3.796841,11.520732,Neem,Cameroon,verified
cap_966,grower_40,2025-05-07 04:32:00,3.911569,11.416479,Mango,Cameroon,verified
cap_967,grower_52,2025-02-02 07:23:00,12.834213,121.826982,Mango,Philippines,verified
cap_968,grower_149,2025-01-06 01:54:00,3.821994,11.487505,Mango,Cameroon,verified
cap_969,grower_20,2025-01-10 16:08:00,12.846562,121.758769,Mango,Philippines,verified
cap_970,grower_139,2025-06-26 03:36:00,3.817131,11.497552,Moringa,Cameroon,verified
cap_971,grower_39,2025-02-25 23:03:00,-1.332891,36.8117,Mango,Kenya,verified
cap_972,grower_132,2025-02-04 14:04:00,1.384451,32.325098,Acacia,Uganda,verified
cap_973,grower_87,2025-01-22 14:02:00,-1.326712,36.812924,Mango,Kenya,verified
cap_974,grower_103,2025-02-24 03:50:00,12.852228,121.771093,Avocado,Philippines,verified
cap_975,grower_90,2025-03-18 07:18:00,20.484763,79.062109,Acacia,India,verified
cap_976,grower_145,2025-04-24 04:43:00,12.988647,121.804919,Acacia,Philippines,verified
cap_977,grower_33,2025-07-20 17:26:00,12.904553,121.819433,Mahogany,Philippines,verified
cap_978,grower_77,2025-05-02 06:02:00,-1.259412,36.901902,Mahogany,Kenya,verified
cap_979,grower_43,2025-03-08 01:01:00,12.989255,121.735664,Neem,Philippines,verified
cap_980,grower_119,2025-07-28 17:55:00,-1.3321,36.826639,Moringa,Kenya,verified
cap_981,grower_81,2025-05-31 23:05:00,1.266276,32.288898,Neem,Uganda,verified
cap_982,grower_123,2025-01-16 19:28:00,1.388809,32.357087,Moringa,Uganda,verified
cap_983,grower_136,2025-04-15 10:11:00,20.596473,78.860717,Avocado,India,verified
cap_984,grower_76,2025-06-16 11:27:00,3.837206,11.48939,Acacia,Cameroon,verified
cap_985,grower_103,2025-05-02 03:55:00,12.88157,121.850379,Moringa,Philippines,verified
cap_986,grower_62,2025-03-30 01:35:00,12.844029,121.843416,Mahogany,Philippines,verified
cap_987,grower_86,2025-05-01 14:03:00,-1.334849,36.862479,Neem,Kenya,verified
cap_988,grower_148,2025-07-06 03:40:00,20.540321,78.966796,Mahogany,India,verified
cap_989,grower_8,2025-03-16 18:47:00,20.637815,79.076234,Mango,India,verified
cap_990,grower_54,2025-05-02 01:52:00,1.342695,32.2963,Mahogany,Uganda,verified
cap_991,grower_46,2025-07-08 16:58:00,-1.321986,36.827355,Mahogany,Kenya,verified
cap_992,grower_113,2025-01-17 13:46:00,1.414458,32.233912,Avocado,Uganda,verified
cap_993,grower_146,2025-03-03 05:14:00,12.860241,121.818502,Mango,Philippines,verified
cap_994,grower_138,2025-07-09 11:26:00,3.920259,11.487933,Avocado,Cameroon,verified
cap_995,grower_145,2025-02-09 05:22:00,12.883771,121.718754,Avocado,Philippines,verified
cap_996,grower_64,2025-06-25 11:22:00,3.882252,11.499379,Mango,Cameroon,verified
cap_997,grower_138,2025-02-18 13:08:00,3.799917,11.539407,Neem,Cameroon,unverified
cap_998,grower_55,2025-07-18 14:49:00,20.557484,78.990519,Moringa,India,verified
cap_999,grower_35,2025-07-04 10:52:00,20.619425,78.993344,Moringa,India,verified
cap_1000,grower_88,2025-07-18 16:28:00,-1.263975,36.841305,Mahogany,Kenya,verified
cap_1001,grower_130,2025-02-03 03:15:00,1.379256,32.217469,Moringa,Uganda,verified
cap_1002,grower_16,2025-05-29 15:39:00,3.881586,11.513646,Acacia,Cameroon,verified
cap_1003,grower_102,2025-02-10 11:54:00,-1.242391,36.80133,Mahogany,Kenya,verified
cap_1004,grower_71,2025-07-13 05:23:00,-1.326179,36.819974,Avocado,Kenya,unverified
cap_1005,grower_57,2025-05-07 03:12:00,12.836536,121.769457,Moringa,Philippines,verified
cap_1006,grower_10,2025-03-18 14:28:00,1.273457,32.256285,Acacia,Uganda,verified
cap_1007,grower_31,2025-04-03 15:31:00,20.564822,78.952469,Neem,India,unverified
cap_1008,grower_145,2025-03-27 17:09:00,12.830398,121.742315,Acacia,Philippines,verified
cap_1009,grower_118,2025-07-02 07:47:00,20.524921,78.867349,Mango,India,verified
cap_1010,grower_81,2025-01-16 10:31:00,1.380933,32.267684,Acacia,Uganda,verified
cap_1011,grower_8,2025-04-07 18:09:00,20.639588,78.968954,Mahogany,India,verified
cap_1012,grower_150,2025-02-02 12:09:00,12.839905,121.647251,Neem,Philippines,verified
cap_1013,grower_128,2025-04-25 22:22:00,12.907466,121.724563,Mango,Philippines,verified
cap_1014,grower_48,2025-02-09 02:56:00,1.385135,32.300134,Neem,Uganda,verified
cap_1015,grower_84,2025-07-21 22:33:00,1.375178,32.216008,Moringa,Uganda,verified
cap_1016,grower_100,2025-01-23 02:34:00,-1.298765,36.839966,Avocado,Kenya,verified
cap_1017,grower_37,2025-05-05 18:22:00,20.547784,78.992119,Avocado,India,verified
cap_1018,grower_102,2025-04-16 20:16:00,-1.3103,36.692663,Acacia,Kenya,unverified
cap_1019,grower_11,2025-07-18 21:55:00,12.942693,121.730228,Acacia,Philippines,verified
cap_1020,grower_141,2025-06-01 11:52:00,-1.17938,36.839582,Neem,Kenya,verified
cap_1021,grower_130,2025-06-08 03:17:00,1.407544,32.322722,Moringa,Uganda,verified
cap_1022,grower_15,2025-06-15 18:00:00,12.924921,121.72257,Avocado,Philippines,verified
cap_1023,grower_143,2025-03-29 08:33:00,12.859954,121.810788,Acacia,Philippines,verified
cap_1024,grower_71,2025-05-19 18:08:00,-1.330775,36.799956,Avocado,Kenya,verified
cap_1025,grower_130,2025-05-29 01:27:00,1.433266,32.266071,Acacia,Uganda,verified
cap_1026,grower_22,2025-05-06 14:24:00,1.434804,32.266653,Mahogany,Uganda,unverified
cap_1027,grower_24,2025-07-27 11:03:00,-1.276816,36.881111,Mahogany,Kenya,verified
cap_1028,grower_80,2025-03-16 15:46:00,12.908718,121.751736,Moringa,Philippines,verified
cap_1029,grower_81,2025-05-18 20:10:00,1.400491,32.186018,Avocado,Uganda,verified
cap_1030,grower_42,2025-06-09 00:25:00,-1.27615,36.887867,Moringa,Kenya,verified
cap_1031,grower_122,2025-04-30 12:22:00,12.80407,121.724353,Acacia,Philippines,verified
cap_1032,grower_22,2025-03-14 05:39:00,1.436137,32.281544,Neem,Uganda,verified
cap_1033,grower_124,2025-07-23 14:33:00,20.628224,78.910977,Moringa,India,verified
cap_1034,grower_134,2025-01-07 07:43:00,1.363548,32.247417,Neem,Uganda,verified
cap_1035,grower_115,2025-03-03 22:31:00,-1.194635,36.748195,Neem,Kenya,verified
cap_1036,grower_66,2025-03-23 23:06:00,12.870991,121.838574,Mango,Philippines,verified
cap_1037,grower_132,2025-07-24 23:45:00,1.43245,32.339186,Neem,Uganda,verified
cap_1038,grower_33,2025-02-04 16:56:00,12.9164,121.803171,Neem,Philippines,verified
cap_1039,grower_42,2025-01-15 07:20:00,-1.315888,36.83089,Neem,Kenya,verified
cap_1040,grower_150,2025-02-25 15:18:00,13.008475,121.796944,Acacia,Philippines,verified
cap_1041,grower_105,2025-02-20 11:39:00,-1.326209,36.817116,Mahogany,Kenya,verified
cap_1042,grower_62,2025-06-03 17:31:00,12.901754,121.754726,Acacia,Philippines,verified
cap_1043,grower_51,2025-01-29 10:38:00,12.929986,121.725092,Avocado,Philippines,verified
cap_1044,grower_1,2025-05-12 03:07:00,12.911007,121.590897,Neem,Philippines,verified
cap_1045,grower_87,2025-03-02 21:29:00,-1.281621,36.878113,Mahogany,Kenya,verified
cap_1046,grower_77,2025-01-28 12:14:00,-1.30744,36.722091,Neem,Kenya,verified
cap_1047,grower_113,2025-01-28 16:31:00,1.378733,32.246086,Moringa,Uganda,verified
cap_1048,grower_64,2025-01-10 08:39:00,3.882133,11.540213,Neem,Cameroon,verified
cap_1049,grower_30,2025-02-17 16:08:00,12.887833,121.749046,Avocado,Philippines,verified
cap_1050,grower_132,2025-05-11 04:24:00,1.406518,32.292973,Mahogany,Uganda,verified
cap_1051,grower_34,2025-07-13 18:49:00,-1.259563,36.792143,Acacia,Kenya,unverified
cap_1052,grower_72,2025-02-15 22:28:00,1.412115,32.29116,Avocado,Uganda,verified
cap_1053,grower_123,2025-05-28 13:08:00,1.30917,32.339102,Avocado,Uganda,verified
cap_1054,grower_74,2025-04-20 18:58:00,3.854959,11.584153,Avocado,Cameroon,verified
cap_1055,grower_70,2025-06-07 19:36:00,12.934605,121.696177,Moringa,Philippines,verified
cap_1056,grower_56,2025-01-23 17:50:00,-1.286887,36.779377,Neem,Kenya,verified
cap_1057,grower_144,2025-06-18 16:12:00,12.856589,121.735511,Neem,Philippines,verified
cap_1058,grower_59,2025-04-06 15:49:00,12.813292,121.755814,Avocado,Philippines,verified
cap_1059,grower_105,2025-06-24 14:02:00,-1.232069,36.825828,Mahogany,Kenya,verified
cap_1060,grower_45,2025-03-16 21:16:00,3.846919,11.561453,Mango,Cameroon,unverified
cap_1061,grower_18,2025-06-26 22:13:00,1.395096,32.322845,Avocado,Uganda,verified
cap_1062,grower_128,2025-01-19 11:51:00,12.793282,121.908435,Acacia,Philippines,verified
cap_1063,grower_3,2025-01-09 11:41:00,20.624397,78.929351,Mahogany,India,verified
cap_1064,grower_139,2025-04-20 11:54:00,3.860424,11.529983,Acacia,Cameroon,verified
cap_1065,grower_102,2025-04-01 03:32:00,-1.255981,36.813104,Acacia,Kenya,verified
cap_1066,grower_68,2025-01-04 18:19:00,3.950712,11.531874,Mango,Cameroon,verified
cap_1067,grower_102,2025-02-27 21:38:00,-1.281871,36.928061,Moringa,Kenya,verified
cap_1068,grower_77,2025-01-10 23:25:00,-1.235491,36.782595,Mahogany,Kenya,verified
cap_1069,grower_142,2025-04-06 09:04:00,1.353666,32.296238,Mango,Uganda,unverified
cap_1070,grower_141,2025-02-12 04:23:00,-1.323376,36.857727,Acacia,Kenya,verified
cap_1071,grower_12,2025-02-28 16:52:00,20.605022,79.001212,Mango,India,verified
cap_1072,grower_49,2025-07-06 22:35:00,3.730785,11.537258,Avocado,Cameroon,verified
cap_1073,grower_23,2025-03-03 20:22:00,12.859449,121.821081,Acacia,Philippines,verified
cap_1074,grower_64,2025-06-21 02:36:00,3.843573,11.467416,Mahogany,Cameroon,verified
cap_1075,grower_88,2025-02-15 01:12:00,-1.253233,36.823095,Avocado,Kenya,verified
cap_1076,grower_133,2025-01-16 04:05:00,12.827439,121.643412,Neem,Philippines,unverified
cap_1077,grower_15,2025-02-23 21:55:00,12.946425,121.718183,Avocado,Philippines,verified
cap_1078,grower_82,2025-04-21 22:24:00,-1.302604,36.853602,Moringa,Kenya,verified
cap_1079,grower_113,2025-04-30 05:48:00,1.442301,32.240044,Moringa,Uganda,verified
cap_1080,grower_119,2025-05-11 05:28:00,-1.327297,36.786923,Avocado,Kenya,verified
cap_1081,grower_130,2025-05-26 20:14:00,1.407513,32.247515,Moringa,Uganda,verified
cap_1082,grower_55,2025-04-20 03:15:00,20.561119,78.959582,Mango,India,verified
cap_1083,grower_128,2025-04-19 06:03:00,12.849595,121.809023,Moringa,Philippines,verified
cap_1084,grower_146,2025-05-29 17:14:00,12.859259,121.802175,Mango,Philippines,verified
cap_1085,grower_89,2025-01-14 21:20:00,12.931515,121.804021,Mango,Philippines,verified
cap_1086,grower_72,2025-05-27 21:42:00,1.3436,32.334075,Mango,Uganda,verified
cap_1087,grower_144,2025-01-01 22:49:00,12.848774,121.807349,Avocado,Philippines,verified
cap_1088,grower_90,2025-06-01 10:22:00,20.564879,78.874338,Moringa,India,verified
cap_1089,grower_130,2025-03-13 16:27:00,1.352797,32.271273,Acacia,Uganda,unverified
cap_1090,grower_117,2025-05-08 09:34:00,3.782591,11.500784,Mango,Cameroon,verified
cap_1091,grower_81,2025-07-13 23:23:00,1.320236,32.173891,Moringa,Uganda,verified
cap_1092,grower_88,2025-01-10 22:00:00,-1.380466,36.83007,Moringa,Kenya,verified
cap_1093,grower_52,2025-04-05 20:52:00,12.86521,121.849403,Mahogany,Philippines,verified
cap_1094,grower_38,2025-04-15 21:29:00,1.362645,32.191312,Avocado,Uganda,unverified
cap_1095,grower_39,2025-03-08 04:58:00,-1.334316,36.854472,Neem,Kenya,verified
cap_1096,grower_56,2025-04-16 06:20:00,-1.345225,36.759717,Acacia,Kenya,verified
cap_1097,grower_109,2025-06-01 07:21:00,20.594725,78.907587,Avocado,India,verified
cap_1098,grower_16,2025-04-17 07:45:00,3.84809,11.46143,Avocado,Cameroon,verified
cap_1099,grower_70,2025-03-27 20:57:00,12.959177,121.778143,Moringa,Philippines,unverified
cap_1100,grower_9,2025-01-21 05:50:00,20.62357,79.01894,Acacia,India,verified
cap_1101,grower_121,2025-01-06 08:29:00,3.89767,11.541312,Neem,Cameroon,verified
cap_1102,grower_32,2025-04-28 08:01:00,12.863012,121.78158,Mahogany,Philippines,verified
cap_1103,grower_126,2025-04-11 07:47:00,12.783511,121.75014,Avocado,Philippines,verified
cap_1104,grower_92,2025-05-03 22:12:00,-1.434761,36.818979,Moringa,Kenya,verified
cap_1105,grower_92,2025-02-12 18:19:00,-1.265678,36.806542,Moringa,Kenya,verified
cap_1106,grower_122,2025-06-05 21:01:00,12.877261,121.723879,Avocado,Philippines,verified
cap_1107,grower_17,2025-06-02 16:30:00,12.872232,121.670798,Moringa,Philippines,verified
cap_1108,grower_89,2025-04-09 08:58:00,13.004871,121.7723,Mango,Philippines,verified
cap_1109,grower_1,2025-07-15 13:28:00,12.902554,121.746663,Neem,Philippines,verified
cap_1110,grower_8,2025-06-24 16:25:00,20.635225,78.914659,Avocado,India,verified
cap_1111,grower_83,2025-07-18 03:30:00,1.34117,32.253102,Acacia,Uganda,verified
cap_1112,grower_23,2025-02-07 11:20:00,12.883419,121.682677,Acacia,Philippines,verified
cap_1113,grower_69,2025-02-16 12:40:00,12.89427,121.777,Mahogany,Philippines,verified
cap_1114,grower_124,2025-01-24 20:44:00,20.621459,78.944256,Mango,India,verified
cap_1115,grower_113,2025-07-27 02:03:00,1.364752,32.32064,Avocado,Uganda,verified
cap_1116,grower_31,2025-04-28 13:01:00,20.541066,78.941895,Avocado,India,verified
cap_1117,grower_2,2025-06-04 19:48:00,1.374351,32.238193,Mahogany,Uganda,verified
cap_1118,grower_26,2025-01-01 12:26:00,20.564698,78.912849,Avocado,India,unverified
cap_1119,grower_139,2025-06-13 10:22:00,3.877797,11.404753,Avocado,Cameroon,verified
cap_1120,grower_141,2025-05-09 10:29:00,-1.322999,36.874108,Mahogany,Kenya,verified
cap_1121,grower_56,2025-04-01 14:41:00,-1.304313,36.828338,Acacia,Kenya,verified
cap_1122,grower_122,2025-03-05 16:06:00,12.886793,121.767375,Avocado,Philippines,verified
cap_1123,grower_81,2025-01-01 09:36:00,1.341296,32.275944,Mango,Uganda,verified
cap_1124,grower_59,2025-02-10 19:41:00,12.883735,121.82175,Mango,Philippines,verified
cap_1125,grower_72,2025-01-12 01:08:00,1.373795,32.321133,Mahogany,Uganda,verified
cap_1126,grower_25,2025-05-11 00:48:00,-1.23528,36.9091,Moringa,Kenya,verified
cap_1127,grower_2,2025-04-20 06:59:00,1.395713,32.349467,Neem,Uganda,unverified
cap_1128,grower_76,2025-02-12 00:56:00,3.843862,11.489203,Avocado,Cameroon,verified
cap_1129,grower_37,2025-03-21 02:18:00,20.591472,78.985832,Acacia,India,verified
cap_1130,grower_125,2025-03-06 01:27:00,-1.286094,36.837281,Mango,Kenya,verified
cap_1131,grower_145,2025-01-15 08:58:00,12.805434,121.852509,Mahogany,Philippines,verified
cap_1132,grower_31,2025-02-01 19:43:00,20.6054,78.894858,Mango,India,verified
cap_1133,grower_61,2025-05-15 16:26:00,3.788373,11.465775,Acacia,Cameroon,verified
cap_1134,grower_112,2025-04-29 06:22:00,20.654478,78.961776,Mango,India,verified
cap_1135,grower_105,2025-04-22 01:54:00,-1.213525,36.872093,Moringa,Kenya,verified
cap_1136,grower_113,2025-06-03 11:01:00,1.321956,32.316518,Avocado,Uganda,verified
cap_1137,grower_100,2025-06-17 19:49:00,-1.35184,36.797748,Neem,Kenya,verified
cap_1138,grower_144,2025-03-13 10:37:00,12.889535,121.866563,Avocado,Philippines,verified
cap_1139,grower_81,2025-05-21 21:38:00,1.372661,32.248957,Mango,Uganda,verified
cap_1140,grower_54,2025-07-22 18:23:00,1.46171,32.31992,Moringa,Uganda,verified
cap_1141,grower_128,2025-06-25 19:09:00,12.859929,121.780602,Mahogany,Philippines,verified
cap_1142,grower_107,2025-05-14 14:00:00,20.576861,78.971059,Avocado,India,verified
cap_1143,grower_12,2025-07-16 03:54:00,20.494766,79.032221,Acacia,India,verified
cap_1144,grower_3,2025-02-24 09:16:00,20.517171,79.053292,Acacia,India,verified
cap_1145,grower_21,2025-03-08 04:59:00,3.88968,11.520487,Avocado,Cameroon,verified
cap_1146,grower_69,2025-04-26 17:54:00,12.906574,121.715861,Neem,Philippines,verified
cap_1147,grower_17,2025-05-09 04:50:00,12.896903,121.802299,Neem,Philippines,verified
cap_1148,grower_59,2025-06-10 18:43:00,12.847143,121.735114,Neem,Philippines,unverified
cap_1149,grower_90,2025-05-11 14:12:00,20.522002,79.02139,Mango,India,verified
cap_1150,grower_21,2025-01-26 00:40:00,3.828548,11.52347,Avocado,Cameroon,verified
cap_1151,grower_88,2025-03-01 07:30:00,-1.335629,36.81969,Mango,Kenya,unverified
cap_1152,grower_147,2025-02-13 02:23:00,12.857128,121.775519,Mango,Philippines,verified
cap_1153,grower_140,2025-06-10 13:16:00,1.429518,32.368608,Neem,Uganda,verified
cap_1154,grower_80,2025-04-07 11:56:00,12.882751,121.754007,Acacia,Philippines,verified
cap_1155,grower_74,2025-07-06 09:23:00,3.839031,11.500985,Avocado,Cameroon,verified
cap_1156,grower_87,2025-03-10 19:03:00,-1.338592,36.862008,Moringa,Kenya,unverified
cap_1157,grower_71,2025-07-08 11:02:00,-1.301746,36.775324,Mahogany,Kenya,verified
cap_1158,grower_96,2025-07-19 02:11:00,20.570075,78.984309,Avocado,India,unverified
cap_1159,grower_121,2025-01-26 14:56:00,3.858153,11.446875,Acacia,Cameroon,verified
cap_1160,grower_33,2025-06-22 21:11:00,12.852057,121.738161,Avocado,Philippines,verified
cap_1161,grower_62,2025-03-06 14:00:00,12.910207,121.670504,Moringa,Philippines,verified
cap_1162,grower_137,2025-03-19 14:52:00,12.89624,121.775582,Moringa,Philippines,verified
cap_1163,grower_141,2025-01-21 13:34:00,-1.371864,36.793943,Mahogany,Kenya,verified
cap_1164,grower_85,2025-02-11 16:36:00,-1.320056,36.878296,Mango,Kenya,verified
cap_1165,grower_2,2025-03-11 08:48:00,1.348247,32.362016,Acacia,Uganda,verified
cap_1166,grower_94,2025-03-23 19:37:00,20.546425,78.971452,Acacia,India,unverified
cap_1167,grower_121,2025-03-27 16:25:00,3.851744,11.431224,Mahogany,Cameroon,verified
cap_1168,grower_71,2025-01-12 17:14:00,-1.289875,36.910453,Mango,Kenya,verified
cap_1169,grower_86,2025-03-21 03:11:00,-1.216309,36.863603,Mahogany,Kenya,verified
cap_1170,grower_92,2025-06-29 01:36:00,-1.267342,36.831659,Moringa,Kenya,verified
cap_1171,grower_9,2025-06-21 17:11:00,20.649519,79.010933,Avocado,India,verified
cap_1172,grower_33,2025-01-18 11:28:00,12.90493,121.807687,Avocado,Philippines,unverified
cap_1173,grower_136,2025-03-23 11:29:00,20.636936,78.898843,Neem,India,verified
cap_1174,grower_111,2025-01-16 08:14:00,-1.232368,36.75913,Mahogany,Kenya,verified
cap_1175,grower_78,2025-03-30 19:43:00,12.832897,121.7426,Mahogany,Philippines,verified
cap_1176,grower_144,2025-05-25 05:44:00,12.784619,121.74258,Neem,Philippines,unverified
cap_1177,grower_5,2025-02-02 06:16:00,1.382637,32.26755,Mahogany,Uganda,verified
cap_1178,grower_137,2025-02-08 19:56:00,12.925253,121.763281,Mango,Philippines,verified
cap_1179,grower_46,2025-07-08 15:18:00,-1.29554,36.805426,Moringa,Kenya,verified
cap_1180,grower_77,2025-05-08 20:52:00,-1.325133,36.724733,Neem,Kenya,verified
cap_1181,grower_118,2025-01-02 20:01:00,20.559202,78.908813,Neem,India,unverified
cap_1182,grower_77,2025-01-12 04:19:00,-1.264505,36.845824,Neem,Kenya,verified
cap_1183,grower_125,2025-03-10 01:08:00,-1.280068,36.810249,Mango,Kenya,verified
cap_1184,grower_6,2025-03-07 04:25:00,3.893098,11.432826,Neem,Cameroon,verified
cap_1185,grower_77,2025-07-19 07:06:00,-1.316214,36.772009,Avocado,Kenya,verified
cap_1186,grower_10,2025-06-12 17:18:00,1.372466,32.326122,Moringa,Uganda,verified
cap_1187,grower_103,2025-03-01 08:05:00,12.841411,121.743421,Mango,Philippines,verified
cap_1188,grower_121,2025-04-25 23:08:00,3.799373,11.511179,Avocado,Cameroon,unverified
cap_1189,grower_84,2025-03-19 13:01:00,1.342025,32.304775,Acacia,Uganda,verified
cap_1190,grower_83,2025-04-05 03:42:00,1.447432,32.306011,Mango,Uganda,verified
cap_1191,grower_60,2025-04-05 02:44:00,3.88022,11.418594,Moringa,Cameroon,verified
cap_1192,grower_109,2025-05-04 00:18:00,20.564966,78.967858,Mango,India,verified
cap_1193,grower_22,2025-02-07 17:51:00,1.407309,32.295839,Moringa,Uganda,verified
cap_1194,grower_107,2025-03-16 19:20:00,20.564946,78.98397,Avocado,India,verified
cap_1195,grower_95,2025-02-28 06:42:00,-1.254688,36.8314,Acacia,Kenya,verified
cap_1196,grower_24,2025-04-30 02:58:00,-1.346671,36.837496,Avocado,Kenya,verified
cap_1197,grower_25,2025-02-07 02:49:00,-1.224157,36.808679,Neem,Kenya,verified
cap_1198,grower_89,2025-07-19 21:32:00,12.903113,121.708371,Moringa,Philippines,verified
cap_1199,grower_57,2025-05-30 08:18:00,12.881059,121.788355,Mango,Philippines,verified
cap_1200,grower_87,2025-03-06 13:16:00,-1.19657,36.82174,Neem,Kenya,verified
cap_1201,grower_101,2025-05-21 02:17:00,12.881423,121.771086,Avocado,Philippines,verified
cap_1202,grower_25,2025-01-07 20:34:00,-1.358978,36.864799,Mahogany,Kenya,unverified
cap_1203,grower_21,2025-07-07 17:36:00,3.916381,11.610459,Acacia,Cameroon,verified
cap_1204,grower_91,2025-05-24 00:23:00,20.551349,78.916464,Neem,India,unverified
cap_1205,grower_77,2025-06-08 22:51:00,-1.339994,36.743539,Mahogany,Kenya,verified
cap_1206,grower_99,2025-04-25 23:45:00,3.826036,11.426293,Mango,Cameroon,verified
cap_1207,grower_31,2025-04-07 15:34:00,20.506203,78.965421,Neem,India,verified
cap_1208,grower_18,2025-04-16 09:25:00,1.304268,32.201371,Neem,Uganda,unverified
cap_1209,grower_76,2025-05-01 00:24:00,3.841902,11.521921,Acacia,Cameroon,verified
cap_1210,grower_132,2025-06-24 00:00:00,1.371633,32.263147,Moringa,Uganda,verified
cap_1211,grower_62,2025-04-15 22:21:00,12.874711,121.831928,Moringa,Philippines,verified
cap_1212,grower_43,2025-05-08 21:19:00,12.945782,121.762758,Moringa,Philippines,unverified
cap_1213,grower_146,2025-01-15 18:03:00,12.93415,121.716181,Moringa,Philippines,verified
cap_1214,grower_112,2025-04-17 08:22:00,20.6764,78.910703,Avocado,India,verified
cap_1215,grower_125,2025-02-01 06:03:00,-1.383996,36.891983,Avocado,Kenya,verified
cap_1216,grower_68,2025-04-24 06:07:00,3.964596,11.593373,Acacia,Cameroon,verified
cap_1217,grower_134,2025-01-17 12:07:00,1.366836,32.257013,Acacia,Uganda,verified
cap_1218,grower_144,2025-04-11 14:39:00,12.907978,121.762693,Mahogany,Philippines,verified
cap_1219,grower_116,2025-04-13 06:20:00,1.362379,32.383219,Mahogany,Uganda,verified
cap_1220,grower_143,2025-04-07 05:06:00,12.793294,121.690337,Moringa,Philippines,verified
cap_1221,grower_77,2025-04-03 09:59:00,-1.320375,36.818575,Mango,Kenya,verified
cap_1222,grower_92,2025-02-07 02:18:00,-1.237808,36.818933,Moringa,Kenya,verified
cap_1223,grower_135,2025-04-03 06:35:00,20.552202,78.978022,Mahogany,India,verified
cap_1224,grower_51,2025-04-24 12:36:00,12.931561,121.698186,Mango,Philippines,verified
cap_1225,grower_100,2025-04-30 15:01:00,-1.264739,36.890319,Mango,Kenya,verified
cap_1226,grower_127,2025-06-18 15:12:00,1.467925,32.331904,Mango,Uganda,unverified
cap_1227,grower_55,2025-05-27 15:02:00,20.52864,79.025032,Avocado,India,verified
cap_1228,grower_38,2025-07-13 01:34:00,1.373667,32.338438,Acacia,Uganda,unverified
cap_1229,grower_24,2025-04-03 02:12:00,-1.294598,36.765904,Neem,Kenya,verified
cap_1230,grower_29,2025-04-25 04:18:00,12.925511,121.760824,Moringa,Philippines,verified
cap_1231,grower_7,2025-07-26 02:06:00,20.630529,79.005035,Neem,India,verified
cap_1232,grower_91,2025-03-05 23:37:00,20.497119,78.934232,Neem,India,verified
cap_1233,grower_61,2025-02-10 15:25:00,3.875278,11.521812,Mahogany,Cameroon,unverified
cap_1234,grower_11,2025-05-11 22:39:00,12.843856,121.752535,Moringa,Philippines,verified
cap_1235,grower_106,2025-06-29 13:35:00,1.359578,32.246494,Acacia,Uganda,verified
cap_1236,grower_88,2025-03-19 12:51:00,-1.310456,36.828026,Mango,Kenya,verified
cap_1237,grower_128,2025-01-31 08:11:00,12.872395,121.847287,Neem,Philippines,verified
cap_1238,grower_23,2025-01-29 23:04:00,12.900147,121.792852,Acacia,Philippines,verified
cap_1239,grower_101,2025-07-10 08:52:00,12.80209,121.840946,Mahogany,Philippines,verified
cap_1240,grower_88,2025-01-12 21:26:00,-1.310099,36.866487,Mango,Kenya,verified
cap_1241,grower_114,2025-04-05 17:38:00,20.628695,78.990892,Mango,India,unverified
cap_1242,grower_123,2025-02-26 17:35:00,1.321263,32.282327,Acacia,Uganda,verified
cap_1243,grower_92,2025-07-15 02:12:00,-1.372709,36.768276,Mango,Kenya,verified
cap_1244,grower_39,2025-05-06 02:54:00,-1.357688,36.856724,Moringa,Kenya,unverified
cap_1245,grower_105,2025-03-28 22:57:00,-1.31559,36.848196,Moringa,Kenya,verified
cap_1246,grower_26,2025-02-10 11:37:00,20.579844,78.934079,Avocado,India,verified
cap_1247,grower_10,2025-01-17 21:28:00,1.357683,32.174926,Avocado,Uganda,verified
cap_1248,grower_36,2025-04-05 22:29:00,1.389787,32.297058,Avocado,Uganda,verified
cap_1249,grower_150,2025-01-06 06:49:00,12.815005,121.739294,Moringa,Philippines,verified
cap_1250,grower_3,2025-03-17 23:41:00,20.692891,78.888079,Mango,India,verified
cap_1251,grower_68,2025-03-31 21:08:00,3.782969,11.484028,Avocado,Cameroon,verified
cap_1252,grower_16,2025-03-07 02:46:00,3.746634,11.489435,Mango,Cameroon,verified
cap_1253,grower_144,2025-05-31 23:16:00,12.946046,121.791339,Neem,Philippines,verified
cap_1254,grower_105,2025-06-07 07:08:00,-1.291956,36.814306,Moringa,Kenya,unverified
cap_1255,grower_61,2025-07-23 04:17:00,3.851107,11.474353,Mahogany,Cameroon,unverified
cap_1256,grower_86,2025-01-09 01:32:00,-1.297615,36.787966,Mahogany,Kenya,verified
cap_1257,grower_125,2025-05-14 05:17:00,-1.241698,36.887866,Mango,Kenya,verified
cap_1258,grower_123,2025-03-30 03:06:00,1.358345,32.317406,Moringa,Uganda,verified
cap_1259,grower_132,2025-03-15 17:37:00,1.342471,32.315484,Acacia,Uganda,verified
cap_1260,grower_110,2025-02-10 02:54:00,20.579195,78.909174,Mahogany,India,verified
cap_1261,grower_95,2025-07-06 13:52:00,-1.321445,36.911466,Acacia,Kenya,verified
cap_1262,grower_26,2025-05-04 15:52:00,20.495016,78.953587,Mahogany,India,unverified
cap_1263,grower_51,2025-03-24 18:36:00,12.8599,121.806061,Neem,Philippines,verified
cap_1264,grower_12,2025-07-08 02:01:00,20.568015,78.930229,Acacia,India,verified
cap_1265,grower_60,2025-07-29 12:32:00,3.870528,11.461634,Mahogany,Cameroon,verified
cap_1266,grower_80,2025-01-13 03:21:00,12.91286,121.763037,Neem,Philippines,verified
cap_1267,grower_1,2025-01-10 12:03:00,12.872375,121.752701,Neem,Philippines,unverified
cap_1268,grower_12,2025-04-22 12:02:00,20.596468,78.840963,Avocado,India,unverified
cap_1269,grower_149,2025-07-01 09:05:00,3.880659,11.519273,Neem,Cameroon,unverified
cap_1270,grower_25,2025-03-27 12:42:00,-1.334302,36.803371,Mahogany,Kenya,verified
cap_1271,grower_88,2025-04-03 04:15:00,-1.219638,36.808595,Mahogany,Kenya,verified
cap_1272,grower_53,2025-05-12 18:29:00,12.9279,121.803177,Avocado,Philippines,verified
cap_1273,grower_114,2025-03-03 09:25:00,20.652354,79.003403,Neem,India,verified
cap_1274,grower_37,2025-06-29 23:55:00,20.629917,78.968779,Acacia,India,verified
cap_1275,grower_122,2025-06-03 13:35:00,12.816565,121.85933,Mango,Philippines,unverified
cap_1276,grower_57,2025-05-06 02:38:00,12.826053,121.73792,Moringa,Philippines,verified
cap_1277,grower_108,2025-07-23 15:15:00,12.92472,121.686666,Neem,Philippines,verified
cap_1278,grower_71,2025-04-03 14:00:00,-1.345781,36.819201,Acacia,Kenya,verified
cap_1279,grower_95,2025-06-11 15:40:00,-1.274441,36.768675,Mango,Kenya,verified
cap_1280,grower_19,2025-05-19 11:55:00,-1.245224,36.732982,Neem,Kenya,verified
cap_1281,grower_13,2025-01-20 11:15:00,1.363812,32.336557,Acacia,Uganda,verified
cap_1282,grower_37,2025-04-09 11:19:00,20.618946,78.983002,Mahogany,India,verified
cap_1283,grower_41,2025-07-09 05:41:00,12.879137,121.749897,Neem,Philippines,verified
cap_1284,grower_44,2025-03-28 11:21:00,3.887218,11.53274,Moringa,Cameroon,verified
cap_1285,grower_141,2025-03-30 07:54:00,-1.298998,36.852616,Avocado,Kenya,unverified
cap_1286,grower_91,2025-06-14 18:37:00,20.617842,78.858384,Neem,India,verified
cap_1287,grower_80,2025-02-09 23:02:00,12.905518,121.858912,Mahogany,Philippines,verified
cap_1288,grower_69,2025-06-27 11:40:00,12.864856,121.837305,Acacia,Philippines,unverified
cap_1289,grower_17,2025-04-17 13:35:00,12.953756,121.760329,Acacia,Philippines,verified
cap_1290,grower_117,2025-06-11 13:40:00,3.880904,11.51921,Mahogany,Cameroon,unverified
cap_1291,grower_116,2025-01-12 19:11:00,1.377938,32.3478,Mahogany,Uganda,verified
cap_1292,grower_41,2025-03-30 17:27:00,12.847404,121.772244,Mango,Philippines,verified
cap_1293,grower_80,2025-04-02 02:45:00,12.932376,121.627353,Mango,Philippines,verified
cap_1294,grower_142,2025-02-21 16:30:00,1.334529,32.285848,Mahogany,Uganda,verified
cap_1295,grower_99,2025-05-19 15:19:00,3.757548,11.486022,Moringa,Cameroon,verified
cap_1296,grower_18,2025-03-28 10:51:00,1.412884,32.203368,Mango,Uganda,verified
cap_1297,grower_92,2025-03-18 21:44:00,-1.229093,36.871231,Acacia,Kenya,verified
cap_1298,grower_135,2025-04-22 14:29:00,20.553927,78.987383,Moringa,India,verified
cap_1299,grower_48,2025-06-19 06:14:00,1.369937,32.320047,Neem,Uganda,verified
cap_1300,grower_14,2025-05-15 09:24:00,3.778064,11.488737,Avocado,Cameroon,verified
cap_1301,grower_38,2025-02-13 13:34:00,1.263745,32.305873,Moringa,Uganda,verified
cap_1302,grower_60,2025-06-18 02:10:00,3.804052,11.474989,Neem,Cameroon,verified
cap_1303,grower_96,2025-07-05 08:03:00,20.581645,79.002116,Moringa,India,verified
cap_1304,grower_77,2025-07-01 00:10:00,-1.328018,36.800319,Neem,Kenya,verified
cap_1305,grower_32,2025-07-26 22:21:00,12.860144,121.767926,Moringa,Philippines,verified
cap_1306,grower_105,2025-02-13 16:45:00,-1.373438,36.834928,Mango,Kenya,verified
cap_1307,grower_136,2025-03-23 02:14:00,20.536346,78.920437,Mango,India,verified
cap_1308,grower_55,2025-03-29 10:55:00,20.549945,78.991673,Neem,India,unverified
cap_1309,grower_40,2025-07-06 04:04:00,3.891658,11.468488,Mahogany,Cameroon,verified
cap_1310,grower_127,2025-05-14 05:10:00,1.276301,32.299221,Mango,Uganda,verified
cap_1311,grower_16,2025-07-06 12:09:00,3.787325,11.489252,Mahogany,Cameroon,verified
cap_1312,grower_47,2025-01-09 00:23:00,3.838615,11.376926,Acacia,Cameroon,verified
cap_1313,grower_101,2025-07-25 06:17:00,12.881524,121.725137,Acacia,Philippines,verified
cap_1314,grower_61,2025-05-06 02:34:00,3.845226,11.444425,Mango,Cameroon,unverified
cap_1315,grower_68,2025-07-12 04:18:00,3.795774,11.488957,Acacia,Cameroon,verified
cap_1316,grower_95,2025-06-06 13:04:00,-1.266343,36.784854,Neem,Kenya,verified
cap_1317,grower_125,2025-02-08 01:08:00,-1.233288,36.812393,Acacia,Kenya,verified
cap_1318,grower_57,2025-01-15 05:24:00,12.793828,121.763948,Neem,Philippines,verified
cap_1319,grower_62,2025-07-18 00:25:00,12.910434,121.825422,Avocado,Philippines,verified
cap_1320,grower_4,2025-01-25 10:54:00,1.449124,32.219696,Neem,Uganda,verified
cap_1321,grower_43,2025-06-24 10:03:00,12.890499,121.842983,Neem,Philippines,verified
cap_1322,grower_53,2025-06-01 15:15:00,12.93242,121.765947,Neem,Philippines,verified
cap_1323,grower_88,2025-02-07 16:15:00,-1.3432,36.903055,Acacia,Kenya,verified
cap_1324,grower_140,2025-02-18 21:40:00,1.364205,32.308689,Mahogany,Uganda,unverified
cap_1325,grower_15,2025-04-03 10:16:00,12.8122,121.724102,Neem,Philippines,verified
cap_1326,grower_57,2025-05-15 21:23:00,12.878003,121.82181,Neem,Philippines,verified
cap_1327,grower_80,2025-01-02 04:01:00,12.816493,121.759065,Neem,Philippines,verified
cap_1328,grower_82,2025-06-05 09:53:00,-1.353885,36.869401,Moringa,Kenya,verified
cap_1329,grower_100,2025-03-04 22:14:00,-1.299857,36.744696,Avocado,Kenya,verified
cap_1330,grower_69,2025-06-05 21:22:00,12.78459,121.78901,Mahogany,Philippines,verified
cap_1331,grower_45,2025-06-14 20:16:00,3.864861,11.583363,Mango,Cameroon,verified
cap_1332,grower_65,2025-06-08 17:33:00,3.802413,11.590575,Avocado,Cameroon,unverified
cap_1333,grower_64,2025-07-03 16:56:00,3.815949,11.510579,Avocado,Cameroon,unverified
cap_1334,grower_47,2025-01-02 05:13:00,3.809463,11.409502,Moringa,Cameroon,verified
cap_1335,grower_72,2025-05-09 00:59:00,1.481068,32.298854,Moringa,Uganda,verified
cap_1336,grower_3,2025-03-01 03:50:00,20.513793,78.995712,Moringa,India,verified
cap_1337,grower_22,2025-02-04 10:18:00,1.375152,32.337781,Moringa,Uganda,unverified
cap_1338,grower_143,2025-01-24 22:36:00,12.864888,121.811239,Neem,Philippines,verified
cap_1339,grower_98,2025-01-01 09:31:00,3.872962,11.489573,Avocado,Cameroon,verified
cap_1340,grower_139,2025-01-25 04:12:00,3.799616,11.499941,Acacia,Cameroon,verified
cap_1341,grower_119,2025-07-13 17:38:00,-1.263903,36.813944,Moringa,Kenya,verified
cap_1342,grower_8,2025-07-29 00:45:00,20.61405,78.908651,Moringa,India,unverified
cap_1343,grower_10,2025-03-08 19:18:00,1.518043,32.33012,Avocado,Uganda,verified
cap_1344,grower_81,2025-01-20 21:32:00,1.3124,32.295454,Neem,Uganda,unverified
cap_1345,grower_143,2025-01-04 16:21:00,12.960162,121.724741,Neem,Philippines,verified
cap_1346,grower_97,2025-05-20 19:13:00,1.463554,32.247456,Moringa,Uganda,verified
cap_1347,grower_86,2025-07-19 16:19:00,-1.26783,36.825066,Acacia,Kenya,verified
cap_1348,grower_92,2025-04-12 15:52:00,-1.227528,36.746433,Mango,Kenya,verified
cap_1349,grower_91,2025-04-17 06:03:00,20.610047,79.001871,Acacia,India,verified
cap_1350,grower_48,2025-07-19 16:38:00,1.417457,32.281047,Mango,Uganda,verified
cap_1351,grower_112,2025-05-29 14:57:00,20.4908,78.957725,Acacia,India,verified
cap_1352,grower_12,2025-06-01 16:57:00,20.665403,79.016145,Acacia,India,verified
cap_1353,grower_91,2025-07-11 14:00:00,20.546932,79.00227,Mahogany,India,verified
cap_1354,grower_121,2025-04-21 16:27:00,3.840289,11.450157,Moringa,Cameroon,verified
cap_1355,grower_15,2025-03-05 08:24:00,12.881249,121.736341,Acacia,Philippines,verified
cap_1356,grower_69,2025-07-28 05:33:00,12.817776,121.792491,Acacia,Philippines,unverified
cap_1357,grower_67,2025-06-02 16:21:00,3.813989,11.443717,Mahogany,Cameroon,verified
cap_1358,grower_92,2025-05-30 06:44:00,-1.33224,36.77848,Mango,Kenya,verified
cap_1359,grower_85,2025-02-28 09:25:00,-1.348203,36.8021,Mahogany,Kenya,verified
cap_1360,grower_6,2025-06-21 14:33:00,3.886667,11.463805,Mahogany,Cameroon,unverified
cap_1361,grower_26,2025-02-16 23:35:00,20.57848,78.899581,Neem,India,verified
cap_1362,grower_53,2025-01-16 21:36:00,12.863903,121.73075,Mahogany,Philippines,verified
cap_1363,grower_20,2025-04-21 20:33:00,12.828313,121.756268,Mango,Philippines,verified
cap_1364,grower_6,2025-04-20 01:27:00,3.862374,11.499517,Acacia,Cameroon,verified
cap_1365,grower_133,2025-07-27 20:22:00,12.819292,121.773864,Moringa,Philippines,verified
cap_1366,grower_33,2025-04-21 00:06:00,12.85479,121.75746,Moringa,Philippines,verified
cap_1367,grower_24,2025-02-14 13:48:00,-1.239502,36.753419,Mahogany,Kenya,verified
cap_1368,grower_53,2025-01-27 19:49:00,12.830095,121.682286,Mahogany,Philippines,verified
cap_1369,grower_109,2025-04-27 04:04:00,20.590198,78.930428,Mango,India,verified
cap_1370,grower_141,2025-01-25 11:45:00,-1.311489,36.849446,Acacia,Kenya,verified
cap_1371,grower_19,2025-02-01 11:00:00,-1.277618,36.820302,Avocado,Kenya,unverified
cap_1372,grower_86,2025-03-29 00:45:00,-1.348316,36.81945,Neem,Kenya,verified
cap_1373,grower_94,2025-02-15 09:17:00,20.657459,78.961222,Moringa,India,verified
cap_1374,grower_63,2025-06-06 14:14:00,1.358798,32.220117,Avocado,Uganda,unverified
cap_1375,grower_77,2025-03-16 21:13:00,-1.303316,36.810856,Moringa,Kenya,verified
cap_1376,grower_47,2025-04-23 06:01:00,3.787292,11.472249,Mango,Cameroon,verified
cap_1377,grower_79,2025-05-14 10:19:00,12.909404,121.818117,Mango,Philippines,verified
cap_1378,grower_56,2025-04-05 09:27:00,-1.310124,36.759296,Acacia,Kenya,verified
cap_1379,grower_9,2025-06-10 00:20:00,20.556905,78.96021,Acacia,India,verified
cap_1380,grower_141,2025-03-19 21:48:00,-1.264633,36.710072,Acacia,Kenya,verified
cap_1381,grower_26,2025-07-03 04:29:00,20.523317,78.944249,Mahogany,India,verified
cap_1382,grower_104,2025-03-02 07:59:00,3.837573,11.511547,Acacia,Cameroon,verified
cap_1383,grower_147,2025-06-15 15:38:00,12.902349,121.819548,Mango,Philippines,verified
cap_1384,grower_142,2025-04-10 18:46:00,1.367199,32.30265,Avocado,Uganda,verified
cap_1385,grower_38,2025-02-09 12:55:00,1.450268,32.351197,Neem,Uganda,verified
cap_1386,grower_34,2025-03-28 17:43:00,-1.307131,36.784424,Neem,Kenya,unverified
cap_1387,grower_86,2025-03-03 14:20:00,-1.375572,36.84193,Avocado,Kenya,verified
cap_1388,grower_37,2025-03-28 08:21:00,20.518417,78.975527,Acacia,India,verified
cap_1389,grower_123,2025-06-02 10:00:00,1.356482,32.288631,Neem,Uganda,verified
cap_1390,grower_137,2025-04-17 05:42:00,12.904286,121.850436,Mango,Philippines,verified
cap_1391,grower_15,2025-01-20 21:52:00,12.860781,121.759712,Mango,Philippines,verified
cap_1392,grower_77,2025-04-17 03:20:00,-1.358604,36.878997,Mango,Kenya,verified
cap_1393,grower_74,2025-05-04 07:14:00,3.837001,11.501421,Acacia,Cameroon,verified
cap_1394,grower_117,2025-06-28 19:15:00,3.774411,11.526749,Acacia,Cameroon,verified
cap_1395,grower_76,2025-06-14 07:39:00,3.900194,11.399255,Neem,Cameroon,verified
cap_1396,grower_34,2025-01-20 16:08:00,-1.222443,36.944434,Moringa,Kenya,verified
cap_1397,grower_102,2025-03-24 16:32:00,-1.293785,36.858791,Mango,Kenya,verified
cap_1398,grower_6,2025-02-20 18:30:00,3.787099,11.543957,Acacia,Cameroon,verified
cap_1399,grower_42,2025-06-15 18:05:00,-1.288889,36.874207,Neem,Kenya,verified
cap_1400,grower_26,2025-03-02 18:49:00,20.608419,78.881941,Neem,India,verified
cap_1401,grower_81,2025-03-06 15:25:00,1.416938,32.360855,Neem,Uganda,unverified
cap_1402,grower_9,2025-04-04 07:55:00,20.585805,78.940816,Acacia,India,unverified
cap_1403,grower_8,2025-02-23 07:41:00,20.599672,79.025493,Mango,India,verified
cap_1404,grower_96,2025-03-28 13:26:00,20.554238,78.925291,Neem,India,verified
cap_1405,grower_80,2025-07-13 19:24:00,12.718949,121.78978,Acacia,Philippines,verified
cap_1406,grower_9,2025-06-06 11:16:00,20.56831,78.993185,Moringa,India,verified
cap_1407,grower_64,2025-01-12 02:30:00,3.875623,11.539421,Mango,Cameroon,verified
cap_1408,grower_87,2025-07-12 22:06:00,-1.250507,36.852951,Avocado,Kenya,verified
cap_1409,grower_121,2025-04-06 12:34:00,3.863612,11.497136,Neem,Cameroon,verified
cap_1410,grower_124,2025-06-01 05:59:00,20.588896,78.920925,Neem,India,unverified
cap_1411,grower_57,2025-06-05 22:54:00,12.939323,121.675429,Moringa,Philippines,verified
cap_1412,grower_70,2025-04-19 22:29:00,12.908813,121.760023,Neem,Philippines,verified
cap_1413,grower_60,2025-04-13 15:42:00,3.852152,11.534343,Moringa,Cameroon,verified
cap_1414,grower_48,2025-07-06 22:06:00,1.268173,32.35504,Avocado,Uganda,verified
cap_1415,grower_113,2025-04-22 14:17:00,1.385812,32.318352,Acacia,Uganda,verified
cap_1416,grower_68,2025-02-21 10:49:00,3.857077,11.583676,Mahogany,Cameroon,verified
cap_1417,grower_48,2025-03-01 03:21:00,1.488371,32.271112,Avocado,Uganda,verified
cap_1418,grower_114,2025-04-05 14:32:00,20.611836,78.905838,Neem,India,verified
cap_1419,grower_66,2025-06-11 09:13:00,12.849925,121.797194,Acacia,Philippines,verified
cap_1420,grower_75,2025-02-18 19:07:00,1.313043,32.32071,Neem,Uganda,verified
cap_1421,grower_146,2025-01-17 14:26:00,12.870223,121.795445,Neem,Philippines,verified
cap_1422,grower_123,2025-02-22 17:27:00,1.342928,32.251254,Acacia,Uganda,verified
cap_1423,grower_17,2025-05-23 05:06:00,12.837309,121.737841,Neem,Philippines,verified
cap_1424,grower_73,2025-07-28 15:51:00,1.323256,32.278847,Avocado,Uganda,verified
cap_1425,grower_120,2025-04-05 02:22:00,3.885958,11.590989,Acacia,Cameroon,verified
cap_1426,grower_112,2025-04-20 06:09:00,20.462738,78.976249,Moringa,India,verified
cap_1427,grower_19,2025-01-10 08:08:00,-1.357132,36.787625,Mango,Kenya,verified
cap_1428,grower_99,2025-01-24 21:54:00,3.912678,11.585317,Moringa,Cameroon,verified
cap_1429,grower_109,2025-07-15 09:04:00,20.616772,79.070109,Neem,India,verified
cap_1430,grower_147,2025-05-20 12:10:00,13.057781,121.782354,Mango,Philippines,verified
cap_1431,grower_3,2025-04-17 02:13:00,20.67433,78.943492,Acacia,India,verified
cap_1432,grower_124,2025-04-24 00:12:00,20.578487,78.909717,Mahogany,India,verified
cap_1433,grower_149,2025-05-05 18:53:00,3.834682,11.422558,Neem,Cameroon,verified
cap_1434,grower_91,2025-04-21 07:10:00,20.596112,78.939052,Mahogany,India,verified
cap_1435,grower_38,2025-04-26 20:38:00,1.394775,32.26017,Neem,Uganda,verified
cap_1436,grower_3,2025-05-25 19:11:00,20.539966,78.933654,Moringa,India,verified
cap_1437,grower_133,2025-02-19 01:08:00,12.875349,121.781698,Mahogany,Philippines,verified
cap_1438,grower_105,2025-01-17 22:52:00,-1.288152,36.826088,Acacia,Kenya,unverified
cap_1439,grower_62,2025-02-13 09:27:00,12.915114,121.843522,Avocado,Philippines,verified
cap_1440,grower_114,2025-07-29 21:40:00,20.737152,78.996225,Mahogany,India,unverified
cap_1441,grower_70,2025-06-08 02:28:00,12.86643,121.746803,Moringa,Philippines,verified
cap_1442,grower_101,2025-03-07 23:39:00,12.90732,121.737034,Mahogany,Philippines,verified
cap_1443,grower_107,2025-04-06 06:34:00,20.547717,78.895826,Mango,India,verified
cap_1444,grower_63,2025-01-27 13:39:00,1.442504,32.226488,Avocado,Uganda,verified
cap_1445,grower_16,2025-04-28 09:52:00,3.790406,11.597176,Mahogany,Cameroon,verified
cap_1446,grower_50,2025-04-21 05:02:00,12.932978,121.742236,Mango,Philippines,verified
cap_1447,grower_29,2025-04-06 19:00:00,12.862635,121.721964,Mahogany,Philippines,verified
cap_1448,grower_110,2025-07-06 10:00:00,20.65504,78.907619,Mango,India,verified
cap_1449,grower_100,2025-05-24 17:54:00,-1.307694,36.858333,Moringa,Kenya,verified
cap_1450,grower_127,2025-02-22 07:21:00,1.34215,32.333902,Mango,Uganda,verified
cap_1451,grower_108,2025-02-11 15:22:00,12.908353,121.731348,Moringa,Philippines,verified
cap_1452,grower_85,2025-06-27 14:38:00,-1.320982,36.775934,Avocado,Kenya,verified
cap_1453,grower_106,2025-06-17 00:41:00,1.440365,32.310391,Neem,Uganda,verified
cap_1454,grower_26,2025-07-29 12:28:00,20.686731,79.000298,Acacia,India,verified
cap_1455,grower_115,2025-03-06 16:25:00,-1.256413,36.734244,Acacia,Kenya,unverified
cap_1456,grower_80,2025-07-18 20:36:00,12.866204,121.684722,Neem,Philippines,verified
cap_1457,grower_95,2025-04-13 04:08:00,-1.250899,36.774419,Mahogany,Kenya,verified
cap_1458,grower_113,2025-06-19 12:50:00,1.373879,32.235737,Acacia,Uganda,verified
cap_1459,grower_138,2025-03-28 20:53:00,3.836894,11.494034,Acacia,Cameroon,verified
cap_1460,grower_20,2025-01-29 04:28:00,12.85745,121.784697,Moringa,Philippines,verified
cap_1461,grower_94,2025-05-13 22:15:00,20.678246,79.09961,Avocado,India,verified
cap_1462,grower_49,2025-05-13 12:01:00,3.815961,11.504537,Acacia,Cameroon,verified
cap_1463,grower_57,2025-03-25 05:03:00,12.905539,121.690467,Acacia,Philippines,verified
cap_1464,grower_48,2025-07-10 14:05:00,1.259159,32.247588,Mahogany,Uganda,verified
cap_1465,grower_47,2025-06-30 20:03:00,3.912979,11.601877,Mango,Cameroon,verified
cap_1466,grower_150,2025-03-01 21:29:00,12.781243,121.72775,Mango,Philippines,verified
cap_1467,grower_81,2025-05-12 22:27:00,1.338334,32.388959,Avocado,Uganda,verified
cap_1468,grower_9,2025-03-10 08:28:00,20.639702,79.008353,Neem,India,verified
cap_1469,grower_22,2025-07-07 20:53:00,1.339479,32.308127,Moringa,Uganda,verified
cap_1470,grower_7,2025-02-14 06:17:00,20.571986,78.991127,Moringa,India,verified
cap_1471,grower_10,2025-01-20 16:23:00,1.483525,32.292692,Neem,Uganda,verified
cap_1472,grower_39,2025-03-23 09:25:00,-1.176029,36.785226,Mahogany,Kenya,unverified
cap_1473,grower_110,2025-06-27 10:13:00,20.546469,78.956157,Moringa,India,verified
cap_1474,grower_31,2025-07-08 08:41:00,20.635449,78.932482,Neem,India,verified
cap_1475,grower_116,2025-04-13 15:59:00,1.41927,32.210708,Moringa,Uganda,verified
cap_1476,grower_92,2025-01-02 23:00:00,-1.269976,36.818516,Mango,Kenya,unverified
cap_1477,grower_58,2025-02-04 01:14:00,3.8407,11.529451,Mango,Cameroon,verified
cap_1478,grower_73,2025-02-17 09:38:00,1.419404,32.372256,Neem,Uganda,verified
cap_1479,grower_119,2025-07-07 20:14:00,-1.316095,36.841953,Neem,Kenya,verified
cap_1480,grower_86,2025-01-19 17:50:00,-1.226387,36.810447,Mango,Kenya,unverified
cap_1481,grower_146,2025-01-05 18:36:00,12.9018,121.760423,Mango,Philippines,verified
cap_1482,grower_94,2025-02-27 09:50:00,20.664628,78.961862,Acacia,India,verified
cap_1483,grower_12,2025-02-02 06:49:00,20.476843,78.991865,Avocado,India,verified
cap_1484,grower_15,2025-01-02 01:04:00,12.836601,121.75932,Acacia,Philippines,verified
cap_1485,grower_150,2025-01-30 17:13:00,12.840609,121.794514,Moringa,Philippines,verified
cap_1486,grower_85,2025-06-20 03:32:00,-1.375449,36.770343,Neem,Kenya,unverified
cap_1487,grower_60,2025-01-22 06:47:00,3.83208,11.43875,Neem,Cameroon,verified
cap_1488,grower_6,2025-04-20 21:49:00,3.817992,11.574187,Avocado,Cameroon,verified
cap_1489,grower_138,2025-01-09 03:15:00,3.821903,11.428555,Neem,Cameroon,verified
cap_1490,grower_61,2025-05-12 09:23:00,3.903244,11.476984,Avocado,Cameroon,verified
cap_1491,grower_8,2025-01-28 23:18:00,20.538039,79.000899,Moringa,India,unverified
cap_1492,grower_81,2025-01-26 10:32:00,1.318097,32.341122,Acacia,Uganda,verified
cap_1493,grower_115,2025-05-11 23:59:00,-1.217653,36.786958,Moringa,Kenya,verified
cap_1494,grower_81,2025-01-19 01:03:00,1.363556,32.264545,Neem,Uganda,verified
cap_1495,grower_66,2025-03-08 07:32:00,12.817821,121.817927,Moringa,Philippines,unverified
cap_1496,grower_24,2025-07-13 11:23:00,-1.261304,36.767565,Mahogany,Kenya,verified
cap_1497,grower_119,2025-01-07 03:40:00,-1.28186,36.894752,Neem,Kenya,verified
cap_1498,grower_97,2025-01-10 01:56:00,1.345285,32.256669,Avocado,Uganda,verified
cap_1499,grower_39,2025-01-21 18:16:00,-1.234913,36.8446,Avocado,Kenya,unverified
cap_1500,grower_131,2025-04-03 07:33:00,20.625598,78.911547,Neem,India,verified
cap_1501,grower_26,2025-05-10 10:19:00,20.502532,78.871658,Mahogany,India,verified
cap_1502,grower_148,2025-03-22 15:09:00,20.595023,78.856618,Acacia,India,verified
cap_1503,grower_3,2025-07-25 02:54:00,20.501729,78.939661,Moringa,India,verified
cap_1504,grower_35,2025-02-19 22:37:00,20.487356,78.900958,Neem,India,verified
cap_1505,grower_40,2025-01-01 14:31:00,3.799266,11.503025,Mango,Cameroon,verified
cap_1506,grower_116,2025-05-22 18:29:00,1.414659,32.322095,Mahogany,Uganda,unverified
cap_1507,grower_10,2025-03-27 10:48:00,1.312466,32.289996,Mango,Uganda,verified
cap_1508,grower_104,2025-01-06 14:12:00,3.846509,11.441298,Moringa,Cameroon,verified
cap_1509,grower_100,2025-01-29 05:29:00,-1.228909,36.846919,Avocado,Kenya,verified
cap_1510,grower_110,2025-02-26 12:53:00,20.566576,78.911612,Acacia,India,verified
cap_1511,grower_75,2025-07-09 04:34:00,1.359895,32.372637,Avocado,Uganda,verified
cap_1512,grower_73,2025-03-13 22:27:00,1.421583,32.219554,Acacia,Uganda,unverified
cap_1513,grower_80,2025-03-19 08:30:00,12.817621,121.83591,Neem,Philippines,unverified
cap_1514,grower_76,2025-05-02 07:30:00,3.811912,11.485015,Acacia,Cameroon,unverified
cap_1515,grower_62,2025-04-29 06:32:00,12.917669,121.776689,Acacia,Philippines,verified
cap_1516,grower_143,2025-07-02 07:59:00,12.867633,121.786662,Mahogany,Philippines,verified
cap_1517,grower_99,2025-02-03 13:44:00,3.915824,11.495274,Neem,Cameroon,verified
cap_1518,grower_147,2025-05-22 18:46:00,12.944117,121.918654,Acacia,Philippines,verified
cap_1519,grower_123,2025-05-01 05:47:00,1.365961,32.26289,Avocado,Uganda,verified
cap_1520,grower_117,2025-01-17 16:56:00,3.850547,11.425928,Mango,Cameroon,verified
cap_1521,grower_66,2025-03-25 02:45:00,12.879276,121.741908,Acacia,Philippines,unverified
cap_1522,grower_5,2025-03-19 20:24:00,1.405471,32.282972,Mahogany,Uganda,unverified
cap_1523,grower_114,2025-07-21 16:34:00,20.622085,79.0542,Avocado,India,verified
cap_1524,grower_43,2025-07-29 10:39:00,12.921185,121.708637,Avocado,Philippines,unverified
cap_1525,grower_71,2025-01-04 14:33:00,-1.337803,36.935882,Acacia,Kenya,verified
cap_1526,grower_93,2025-01-16 06:42:00,20.630283,79.0167,Neem,India,verified
cap_1527,grower_18,2025-07-12 14:57:00,1.275502,32.359368,Acacia,Uganda,verified
cap_1528,grower_106,2025-03-27 05:19:00,1.390865,32.265133,Moringa,Uganda,verified
cap_1529,grower_106,2025-03-06 23:16:00,1.33816,32.307405,Mango,Uganda,verified
cap_1530,grower_71,2025-05-20 18:14:00,-1.286874,36.86582,Mahogany,Kenya,unverified
cap_1531,grower_149,2025-04-19 16:05:00,3.855699,11.460327,Neem,Cameroon,verified
cap_1532,grower_6,2025-02-06 22:36:00,3.880341,11.548116,Neem,Cameroon,verified
cap_1533,grower_92,2025-06-15 04:47:00,-1.256961,36.774109,Mahogany,Kenya,verified
cap_1534,grower_25,2025-03-29 03:13:00,-1.219234,36.799264,Mahogany,Kenya,verified
cap_1535,grower_34,2025-06-25 11:30:00,-1.264761,36.823406,Neem,Kenya,unverified
cap_1536,grower_116,2025-02-17 18:04:00,1.380681,32.224979,Acacia,Uganda,verified
cap_1537,grower_18,2025-06-29 13:03:00,1.401546,32.32834,Neem,Uganda,verified
cap_1538,grower_137,2025-06-13 17:12:00,12.90354,121.751819,Mahogany,Philippines,verified
cap_1539,grower_122,2025-02-26 05:09:00,12.87032,121.807229,Acacia,Philippines,verified
cap_1540,grower_84,2025-07-27 11:17:00,1.365414,32.288763,Moringa,Uganda,verified
cap_1541,grower_78,2025-01-15 06:09:00,12.866202,121.751914,Neem,Philippines,unverified
cap_1542,grower_97,2025-01-16 05:53:00,1.402322,32.405563,Mango,Uganda,verified
cap_1543,grower_108,2025-07-29 19:34:00,12.89649,121.772321,Acacia,Philippines,verified
cap_1544,grower_30,2025-02-14 09:49:00,12.843882,121.780378,Mango,Philippines,verified
cap_1545,grower_32,2025-02-22 18:11:00,12.829969,121.727245,Mahogany,Philippines,unverified
cap_1546,grower_50,2025-06-03 20:02:00,12.909475,121.628058,Avocado,Philippines,verified
cap_1547,grower_92,2025-07-21 07:24:00,-1.383746,36.790487,Neem,Kenya,verified
cap_1548,grower_82,2025-03-07 13:11:00,-1.320199,36.955681,Mahogany,Kenya,verified
cap_1549,grower_117,2025-03-02 15:41:00,3.820377,11.516354,Neem,Cameroon,verified
cap_1550,grower_59,2025-02-04 02:41:00,12.813996,121.758062,Neem,Philippines,verified
cap_1551,grower_127,2025-03-25 05:47:00,1.299211,32.355051,Mahogany,Uganda,unverified
cap_1552,grower_147,2025-06-24 21:19:00,12.813374,121.795749,Mahogany,Philippines,verified
cap_1553,grower_94,2025-07-17 13:04:00,20.588897,78.99308,Mango,India,verified
cap_1554,grower_50,2025-02-08 20:06:00,12.801235,121.749648,Acacia,Philippines,verified
cap_1555,grower_14,2025-03-24 17:25:00,3.87052,11.491456,Acacia,Cameroon,verified
cap_1556,grower_46,2025-05-19 19:03:00,-1.287994,36.715407,Mahogany,Kenya,verified
cap_1557,grower_21,2025-05-16 00:07:00,3.854673,11.520921,Acacia,Cameroon,verified
cap_1558,grower_34,2025-05-30 12:32:00,-1.260596,36.738168,Moringa,Kenya,unverified
cap_1559,grower_109,2025-01-30 00:07:00,20.557256,78.909379,Mahogany,India,unverified
cap_1560,grower_108,2025-02-15 03:19:00,12.851672,121.883609,Neem,Philippines,verified
cap_1561,grower_51,2025-01-20 19:35:00,12.925489,121.765517,Acacia,Philippines,verified
cap_1562,grower_109,2025-05-25 23:32:00,20.613766,78.936895,Mango,India,verified
cap_1563,grower_53,2025-06-22 21:35:00,12.957691,121.811581,Mahogany,Philippines,unverified
cap_1564,grower_20,2025-05-27 19:48:00,12.928791,121.770443,Avocado,Philippines,verified
cap_1565,grower_14,2025-06-11 13:14:00,3.808028,11.48156,Moringa,Cameroon,verified
cap_1566,grower_2,2025-07-26 17:27:00,1.437602,32.39497,Mahogany,Uganda,verified
cap_1567,grower_134,2025-04-25 07:44:00,1.338477,32.371854,Acacia,Uganda,verified
cap_1568,grower_108,2025-04-07 20:14:00,12.89476,121.785619,Avocado,Philippines,verified
cap_1569,grower_49,2025-01-23 18:41:00,3.862054,11.413566,Neem,Cameroon,verified
cap_1570,grower_148,2025-04-15 09:17:00,20.553564,78.917674,Mango,India,verified
cap_1571,grower_87,2025-03-07 13:26:00,-1.286754,36.807649,Mango,Kenya,verified
cap_1572,grower_21,2025-02-25 06:02:00,3.872959,11.485271,Neem,Cameroon,verified
cap_1573,grower_56,2025-03-12 12:01:00,-1.208052,36.865401,Mango,Kenya,verified
cap_1574,grower_41,2025-07-03 16:25:00,12.89635,121.728244,Neem,Philippines,verified
cap_1575,grower_141,2025-07-07 11:29:00,-1.226107,36.848524,Moringa,Kenya,unverified
cap_1576,grower_52,2025-01-15 00:52:00,12.924576,121.757543,Mahogany,Philippines,verified
cap_1577,grower_72,2025-04-28 15:11:00,1.286702,32.303327,Moringa,Uganda,unverified
cap_1578,grower_99,2025-05-20 09:19:00,3.95605,11.548892,Mahogany,Cameroon,unverified
cap_1579,grower_127,2025-03-07 17:11:00,1.323921,32.374257,Mahogany,Uganda,verified
cap_1580,grower_94,2025-04-14 10:26:00,20.569254,79.035098,Avocado,India,verified
cap_1581,grower_135,2025-02-04 13:38:00,20.574196,78.997027,Acacia,India,verified
cap_1582,grower_105,2025-02-17 12:35:00,-1.18984,36.831141,Neem,Kenya,unverified
cap_1583,grower_19,2025-02-12 18:42:00,-1.249,36.771691,Acacia,Kenya,unverified
cap_1584,grower_112,2025-05-19 03:50:00,20.568815,78.935542,Neem,India,verified
cap_1585,grower_49,2025-03-07 03:41:00,3.811047,11.482759,Neem,Cameroon,unverified
cap_1586,grower_38,2025-01-29 10:25:00,1.306411,32.290439,Avocado,Uganda,verified
cap_1587,grower_8,2025-04-23 21:14:00,20.591717,78.941875,Avocado,India,verified
cap_1588,grower_108,2025-03-13 13:14:00,12.807145,121.695179,Moringa,Philippines,verified
cap_1589,grower_45,2025-04-30 01:04:00,3.83804,11.467459,Mango,Cameroon,verified
cap_1590,grower_106,2025-02-05 10:58:00,1.363648,32.215773,Mahogany,Uganda,verified
cap_1591,grower_9,2025-01-13 22:00:00,20.612018,78.933952,Avocado,India,verified
cap_1592,grower_24,2025-03-01 06:25:00,-1.295173,36.795521,Mahogany,Kenya,verified
cap_1593,grower_81,2025-02-14 22:24:00,1.427675,32.348129,Moringa,Uganda,verified
cap_1594,grower_99,2025-04-04 20:43:00,3.842235,11.475206,Moringa,Cameroon,verified
cap_1595,grower_133,2025-04-26 22:08:00,12.850674,121.769794,Avocado,Philippines,verified
cap_1596,grower_92,2025-06-02 18:20:00,-1.208664,36.805574,Mango,Kenya,verified
cap_1597,grower_69,2025-06-08 10:45:00,12.857368,121.778617,Moringa,Philippines,verified
cap_1598,grower_12,2025-02-05 23:44:00,20.643805,78.935524,Acacia,India,verified
cap_1599,grower_102,2025-07-17 13:53:00,-1.300126,36.828727,Neem,Kenya,verified
cap_1600,grower_82,2025-03-23 00:08:00,-1.341731,36.910997,Mango,Kenya,unverified
cap_1601,grower_49,2025-01-24 18:51:00,3.88013,11.492429,Neem,Cameroon,verified
cap_1602,grower_23,2025-07-25 09:49:00,12.9469,121.752805,Mango,Philippines,verified
cap_1603,grower_103,2025-05-26 07:57:00,12.903254,121.678662,Acacia,Philippines,verified
cap_1604,grower_30,2025-04-21 13:12:00,12.836002,121.795587,Avocado,Philippines,unverified
cap_1605,grower_76,2025-06-15 05:13:00,3.896313,11.4807,Mahogany,Cameroon,unverified
cap_1606,grower_57,2025-04-08 00:15:00,12.907754,121.784032,Mahogany,Philippines,unverified
cap_1607,grower_14,2025-07-12 17:58:00,4.010438,11.459491,Acacia,Cameroon,verified
cap_1608,grower_25,2025-07-15 12:54:00,-1.330409,36.807558,Mahogany,Kenya,verified
cap_1609,grower_147,2025-02-07 23:43:00,12.856462,121.826059,Acacia,Philippines,verified
cap_1610,grower_97,2025-04-18 13:30:00,1.304591,32.301332,Moringa,Uganda,verified
cap_1611,grower_132,2025-05-25 17:03:00,1.39787,32.321611,Avocado,Uganda,verified
cap_1612,grower_21,2025-06-21 00:04:00,3.82839,11.459462,Mango,Cameroon,verified
cap_1613,grower_149,2025-03-15 02:48:00,3.818075,11.503227,Mango,Cameroon,verified
cap_1614,grower_38,2025-07-06 21:04:00,1.331857,32.265259,Avocado,Uganda,verified
cap_1615,grower_23,2025-02-09 05:02:00,12.852582,121.774061,Mango,Philippines,verified
cap_1616,grower_20,2025-02-14 14:57:00,12.834078,121.73932,Acacia,Philippines,verified
cap_1617,grower_91,2025-06-12 20:51:00,20.502555,78.974091,Avocado,India,verified
cap_1618,grower_38,2025-04-13 08:36:00,1.432467,32.251038,Acacia,Uganda,verified
cap_1619,grower_80,2025-06-11 20:37:00,12.858368,121.879287,Mahogany,Philippines,verified
cap_1620,grower_26,2025-05-24 10:33:00,20.487769,78.931051,Mahogany,India,verified
cap_1621,grower_6,2025-04-30 07:09:00,3.812406,11.576827,Mango,Cameroon,verified
cap_1622,grower_86,2025-03-18 13:41:00,-1.298694,36.88693,Neem,Kenya,verified
cap_1623,grower_137,2025-04-11 18:16:00,12.818764,121.651744,Mahogany,Philippines,verified
cap_1624,grower_111,2025-06-24 05:01:00,-1.294468,36.788707,Mango,Kenya,verified
cap_1625,grower_51,2025-04-28 02:35:00,12.923775,121.765922,Moringa,Philippines,verified
cap_1626,grower_147,2025-06-20 01:08:00,12.837828,121.812185,Mahogany,Philippines,verified
cap_1627,grower_120,2025-02-11 00:50:00,3.776167,11.55289,Acacia,Cameroon,verified
cap_1628,grower_144,2025-03-20 04:15:00,12.895551,121.719775,Avocado,Philippines,verified
cap_1629,grower_23,2025-02-24 11:59:00,12.931352,121.738459,Mango,Philippines,verified
cap_1630,grower_63,2025-03-06 00:08:00,1.420017,32.325422,Acacia,Uganda,unverified
cap_1631,grower_26,2025-01-27 09:09:00,20.596943,78.99091,Acacia,India,verified
cap_1632,grower_64,2025-07-09 00:11:00,3.860782,11.509656,Moringa,Cameroon,unverified
cap_1633,grower_38,2025-05-23 15:13:00,1.411575,32.329905,Acacia,Uganda,verified
cap_1634,grower_21,2025-07-04 14:46:00,3.817942,11.486747,Neem,Cameroon,verified
cap_1635,grower_140,2025-07-20 06:24:00,1.442421,32.324236,Avocado,Uganda,verified
cap_1636,grower_149,2025-02-24 06:05:00,3.829446,11.53691,Acacia,Cameroon,verified
cap_1637,grower_87,2025-07-23 00:26:00,-1.214084,36.845323,Mahogany,Kenya,unverified
cap_1638,grower_92,2025-06-17 12:18:00,-1.383178,36.859406,Avocado,Kenya,unverified
cap_1639,grower_41,2025-03-20 11:56:00,12.919397,121.793068,Mahogany,Philippines,verified
cap_1640,grower_142,2025-01-21 22:15:00,1.301582,32.281082,Mahogany,Uganda,verified
cap_1641,grower_46,2025-01-31 19:44:00,-1.312158,36.857073,Acacia,Kenya,unverified
cap_1642,grower_130,2025-06-19 13:31:00,1.440055,32.416667,Mango,Uganda,verified
cap_1643,grower_99,2025-01-06 09:39:00,3.831179,11.515803,Moringa,Cameroon,verified
cap_1644,grower_134,2025-02-27 13:59:00,1.397913,32.241016,Neem,Uganda,verified
cap_1645,grower_137,2025-07-26 00:31:00,12.912762,121.78285,Avocado,Philippines,verified
cap_1646,grower_95,2025-06-25 23:56:00,-1.271311,36.847936,Moringa,Kenya,verified
cap_1647,grower_101,2025-07-04 12:07:00,12.944791,121.790259,Acacia,Philippines,unverified
cap_1648,grower_64,2025-03-19 02:46:00,3.849788,11.537886,Avocado,Cameroon,verified
cap_1649,grower_15,2025-03-27 09:35:00,12.800199,121.728162,Acacia,Philippines,verified
cap_1650,grower_101,2025-04-02 21:12:00,12.933942,121.712174,Mango,Philippines,unverified
cap_1651,grower_31,2025-03-06 13:37:00,20.548131,79.00479,Neem,India,verified
cap_1652,grower_144,2025-01-22 09:12:00,12.788005,121.78255,Acacia,Philippines,verified
cap_1653,grower_59,2025-05-03 12:30:00,12.902165,121.779105,Mango,Philippines,verified
cap_1654,grower_101,2025-07-26 03:53:00,12.819496,121.788959,Avocado,Philippines,verified
cap_1655,grower_90,2025-07-25 12:49:00,20.63972,79.006387,Neem,India,verified
cap_1656,grower_71,2025-03-14 00:26:00,-1.318911,36.834757,Neem,Kenya,verified
cap_1657,grower_43,2025-07-10 18:27:00,12.859959,121.849229,Acacia,Philippines,verified
cap_1658,grower_135,2025-05-21 14:30:00,20.580065,78.962003,Mahogany,India,unverified
cap_1659,grower_112,2025-04-23 04:15:00,20.569986,78.868223,Acacia,India,verified
cap_1660,grower_106,2025-02-17 10:14:00,1.353404,32.267596,Neem,Uganda,verified
cap_1661,grower_12,2025-03-03 18:12:00,20.581231,78.955236,Moringa,India,verified
cap_1662,grower_91,2025-03-30 23:53:00,20.56085,78.980014,Mahogany,India,verified
cap_1663,grower_25,2025-07-12 10:17:00,-1.251069,36.763887,Neem,Kenya,unverified
cap_1664,grower_10,2025-06-04 09:11:00,1.326779,32.369476,Mango,Uganda,verified
cap_1665,grower_71,2025-05-04 23:50:00,-1.24057,36.800943,Moringa,Kenya,verified
cap_1666,grower_13,2025-01-17 00:12:00,1.366216,32.366878,Mahogany,Uganda,verified
cap_1667,grower_97,2025-04-14 05:38:00,1.377626,32.212423,Mahogany,Uganda,unverified
cap_1668,grower_103,2025-02-11 03:21:00,12.883116,121.704597,Avocado,Philippines,verified
cap_1669,grower_145,2025-01-19 09:24:00,12.82568,121.795082,Neem,Philippines,verified
cap_1670,grower_104,2025-05-04 18:24:00,3.806187,11.54239,Mango,Cameroon,verified
cap_1671,grower_70,2025-04-28 13:24:00,13.005272,121.747418,Acacia,Philippines,unverified
cap_1672,grower_6,2025-01-20 22:03:00,3.902503,11.528781,Avocado,Cameroon,verified
cap_1673,grower_64,2025-07-22 23:52:00,3.75034,11.490035,Mahogany,Cameroon,verified
cap_1674,grower_73,2025-03-02 09:35:00,1.427451,32.258822,Neem,Uganda,verified
cap_1675,grower_129,2025-03-03 20:05:00,1.345252,32.2392,Acacia,Uganda,verified
cap_1676,grower_113,2025-06-09 21:03:00,1.315535,32.37842,Moringa,Uganda,unverified
cap_1677,grower_98,2025-02-21 08:25:00,3.868431,11.406839,Mango,Cameroon,verified
cap_1678,grower_22,2025-04-27 16:07:00,1.318895,32.310118,Acacia,Uganda,verified
cap_1679,grower_4,2025-04-12 19:52:00,1.389514,32.253294,Moringa,Uganda,verified
cap_1680,grower_38,2025-05-29 06:38:00,1.292318,32.296952,Moringa,Uganda,unverified
cap_1681,grower_16,2025-05-22 07:15:00,3.853781,11.52353,Avocado,Cameroon,verified
cap_1682,grower_96,2025-05-28 09:51:00,20.56994,78.99548,Avocado,India,verified
cap_1683,grower_47,2025-02-10 06:28:00,3.850073,11.466317,Moringa,Cameroon,verified
cap_1684,grower_5,2025-03-20 21:38:00,1.333977,32.310568,Mahogany,Uganda,unverified
cap_1685,grower_17,2025-07-21 07:55:00,12.897014,121.732219,Mango,Philippines,verified
cap_1686,grower_146,2025-03-21 22:09:00,12.888092,121.851719,Avocado,Philippines,verified
cap_1687,grower_135,2025-03-26 14:58:00,20.613736,78.947322,Moringa,India,verified
cap_1688,grower_142,2025-04-03 15:47:00,1.360951,32.32117,Mahogany,Uganda,verified
cap_1689,grower_51,2025-03-07 02:20:00,12.8752,121.760097,Mahogany,Philippines,verified
cap_1690,grower_98,2025-06-25 12:27:00,3.828187,11.552406,Mango,Cameroon,verified
cap_1691,grower_74,2025-02-26 01:18:00,3.829614,11.484439,Mango,Cameroon,verified
cap_1692,grower_116,2025-02-10 10:19:00,1.274335,32.287493,Neem,Uganda,verified
cap_1693,grower_75,2025-07-07 21:44:00,1.356751,32.226148,Mahogany,Uganda,unverified
cap_1694,grower_82,2025-01-02 11:09:00,-1.316199,36.927431,Mahogany,Kenya,verified
cap_1695,grower_77,2025-01-23 18:49:00,-1.335514,36.810099,Mango,Kenya,verified
cap_1696,grower_115,2025-05-08 00:31:00,-1.255197,36.736395,Neem,Kenya,verified
cap_1697,grower_85,2025-02-05 06:55:00,-1.236781,36.83358,Neem,Kenya,verified
cap_1698,grower_110,2025-03-16 11:28:00,20.595609,78.957879,Avocado,India,verified
cap_1699,grower_50,2025-03-16 05:47:00,12.915871,121.756889,Mahogany,Philippines,verified
cap_1700,grower_92,2025-07-13 08:49:00,-1.231013,36.80356,Neem,Kenya,verified
cap_1701,grower_20,2025-06-27 11:34:00,12.823605,121.74907,Acacia,Philippines,verified
cap_1702,grower_81,2025-05-03 05:07:00,1.429805,32.331927,Acacia,Uganda,verified
cap_1703,grower_70,2025-03-17 04:09:00,12.898267,121.84734,Mahogany,Philippines,verified
cap_1704,grower_4,2025-06-02 18:12:00,1.380125,32.237609,Mahogany,Uganda,verified
cap_1705,grower_91,2025-04-15 12:54:00,20.543841,78.986832,Moringa,India,verified
cap_1706,grower_83,2025-02-26 22:40:00,1.380358,32.335938,Avocado,Uganda,verified
cap_1707,grower_75,2025-03-08 01:01:00,1.377425,32.313544,Moringa,Uganda,unverified
cap_1708,grower_107,2025-06-27 14:06:00,20.691861,78.967354,Avocado,India,unverified
cap_1709,grower_29,2025-02-16 02:30:00,12.871998,121.803794,Avocado,Philippines,verified
cap_1710,grower_132,2025-03-26 00:52:00,1.368272,32.335286,Avocado,Uganda,verified
cap_1711,grower_79,2025-05-27 21:58:00,12.943583,121.764079,Moringa,Philippines,verified
cap_1712,grower_12,2025-06-15 19:53:00,20.51784,78.991909,Acacia,India,verified
cap_1713,grower_120,2025-05-01 14:35:00,3.846987,11.534298,Neem,Cameroon,verified
cap_1714,grower_79,2025-06-22 05:51:00,12.905117,121.738862,Mango,Philippines,unverified
cap_1715,grower_127,2025-05-31 00:04:00,1.311996,32.399327,Avocado,Uganda,verified
cap_1716,grower_95,2025-05-05 21:34:00,-1.332445,36.773764,Neem,Kenya,verified
cap_1717,grower_53,2025-04-23 21:40:00,12.885901,121.665021,Acacia,Philippines,unverified
cap_1718,grower_14,2025-03-18 16:26:00,3.932176,11.516149,Acacia,Cameroon,verified
cap_1719,grower_9,2025-04-27 21:22:00,20.538269,78.857347,Avocado,India,verified
cap_1720,grower_23,2025-04-15 21:16:00,12.901115,121.776839,Mahogany,Philippines,verified
cap_1721,grower_15,2025-01-08 18:12:00,12.937078,121.717115,Mahogany,Philippines,verified
cap_1722,grower_68,2025-01-06 19:02:00,3.880954,11.481225,Mango,Cameroon,unverified
cap_1723,grower_67,2025-04-24 22:56:00,3.839799,11.502874,Moringa,Cameroon,verified
cap_1724,grower_140,2025-06-21 13:44:00,1.420781,32.299373,Neem,Uganda,verified
cap_1725,grower_100,2025-01-21 18:03:00,-1.296256,36.841681,Moringa,Kenya,verified
cap_1726,grower_126,2025-03-17 11:37:00,12.947845,121.836921,Mahogany,Philippines,unverified
cap_1727,grower_86,2025-06-19 17:09:00,-1.270106,36.850046,Mahogany,Kenya,verified
cap_1728,grower_149,2025-02-25 00:09:00,3.881468,11.485047,Avocado,Cameroon,verified
cap_1729,grower_113,2025-04-15 19:55:00,1.318641,32.307481,Moringa,Uganda,unverified
cap_1730,grower_135,2025-02-12 02:51:00,20.568839,78.979553,Avocado,India,verified
cap_1731,grower_139,2025-07-14 14:23:00,3.893712,11.508635,Avocado,Cameroon,verified
cap_1732,grower_86,2025-02-20 18:55:00,-1.361721,36.840986,Avocado,Kenya,verified
cap_1733,grower_88,2025-02-11 04:03:00,-1.321217,36.763965,Neem,Kenya,verified
cap_1734,grower_118,2025-03-19 15:14:00,20.550417,78.932464,Mango,India,verified
cap_1735,grower_90,2025-03-27 17:58:00,20.603258,78.92755,Mango,India,verified
cap_1736,grower_108,2025-05-16 23:28:00,12.853238,121.760917,Acacia,Philippines,verified
cap_1737,grower_5,2025-03-25 06:51:00,1.405325,32.289044,Neem,Uganda,verified
cap_1738,grower_1,2025-01-31 10:02:00,12.898739,121.781913,Mango,Philippines,verified
cap_1739,grower_16,2025-04-23 02:55:00,3.824307,11.541743,Neem,Cameroon,verified
cap_1740,grower_126,2025-02-19 23:21:00,12.844043,121.76514,Avocado,Philippines,verified
cap_1741,grower_55,2025-05-27 10:13:00,20.67559,78.927722,Neem,India,verified
cap_1742,grower_10,2025-01-29 05:00:00,1.420401,32.225519,Moringa,Uganda,verified
cap_1743,grower_101,2025-03-23 08:02:00,12.932898,121.774092,Mahogany,Philippines,verified
cap_1744,grower_133,2025-07-24 04:12:00,12.791908,121.819661,Mahogany,Philippines,verified
cap_1745,grower_149,2025-06-15 05:04:00,3.784882,11.435547,Moringa,Cameroon,verified
cap_1746,grower_39,2025-01-01 03:36:00,-1.273062,36.81358,Moringa,Kenya,unverified
cap_1747,grower_69,2025-06-07 14:06:00,12.779584,121.798451,Acacia,Philippines,unverified
cap_1748,grower_77,2025-05-02 02:23:00,-1.324184,36.797005,Acacia,Kenya,verified
cap_1749,grower_45,2025-06-05 08:38:00,3.821485,11.496013,Mahogany,Cameroon,verified
cap_1750,grower_114,2025-03-27 14:42:00,20.553112,78.862479,Mahogany,India,unverified
cap_1751,grower_66,2025-05-31 22:23:00,12.964166,121.789638,Mango,Philippines,verified
cap_1752,grower_135,2025-05-12 05:33:00,20.534074,78.992143,Acacia,India,verified
cap_1753,grower_142,2025-05-29 09:58:00,1.391871,32.252473,Neem,Uganda,verified
cap_1754,grower_106,2025-02-04 01:52:00,1.378649,32.280862,Acacia,Uganda,verified
cap_1755,grower_53,2025-04-23 04:01:00,12.942314,121.80204,Neem,Philippines,verified
cap_1756,grower_105,2025-07-02 00:58:00,-1.297267,36.83737,Moringa,Kenya,verified
cap_1757,grower_46,2025-04-22 23:56:00,-1.31721,36.857305,Acacia,Kenya,verified
cap_1758,grower_145,2025-06-11 00:17:00,12.719131,121.782623,Moringa,Philippines,verified
cap_1759,grower_10,2025-01-12 18:18:00,1.350076,32.233753,Acacia,Uganda,verified
cap_1760,grower_27,2025-07-12 07:05:00,20.602839,78.948576,Mango,India,unverified
cap_1761,grower_79,2025-07-07 01:18:00,12.944668,121.791097,Moringa,Philippines,unverified
cap_1762,grower_111,2025-03-23 10:43:00,-1.297733,36.816993,Moringa,Kenya,verified
cap_1763,grower_79,2025-01-26 09:21:00,12.79962,121.78891,Mahogany,Philippines,verified
cap_1764,grower_37,2025-02-18 00:45:00,20.630421,78.953521,Moringa,India,verified
cap_1765,grower_116,2025-07-06 04:32:00,1.354695,32.338392,Avocado,Uganda,verified
cap_1766,grower_83,2025-03-02 20:51:00,1.326411,32.355199,Mango,Uganda,verified
cap_1767,grower_31,2025-07-23 01:34:00,20.583511,78.958764,Neem,India,verified
cap_1768,grower_150,2025-06-03 02:10:00,12.834714,121.786273,Acacia,Philippines,verified
cap_1769,grower_40,2025-01-18 02:48:00,3.842229,11.442215,Mahogany,Cameroon,verified
cap_1770,grower_143,2025-03-14 22:00:00,12.816129,121.788709,Acacia,Philippines,verified
cap_1771,grower_68,2025-06-04 04:22:00,3.819487,11.51299,Mango,Cameroon,verified
cap_1772,grower_122,2025-03-26 05:07:00,12.8291,121.724411,Mahogany,Philippines,verified
cap_1773,grower_119,2025-03-09 15:24:00,-1.210294,36.904318,Neem,Kenya,verified
cap_1774,grower_124,2025-07-29 03:36:00,20.598605,78.962286,Mango,India,verified
cap_1775,grower_79,2025-04-28 00:36:00,12.788285,121.729661,Moringa,Philippines,verified
cap_1776,grower_133,2025-03-03 14:15:00,12.864924,121.695778,Moringa,Philippines,unverified
cap_1777,grower_89,2025-06-27 14:01:00,12.850826,121.840516,Mango,Philippines,verified
cap_1778,grower_142,2025-01-14 12:17:00,1.361461,32.245317,Neem,Uganda,unverified
cap_1779,grower_116,2025-02-01 10:48:00,1.276002,32.319497,Acacia,Uganda,verified
cap_1780,grower_17,2025-01-10 18:23:00,12.823432,121.81366,Mahogany,Philippines,unverified
cap_1781,grower_116,2025-04-26 12:39:00,1.457557,32.26113,Neem,Uganda,unverified
cap_1782,grower_102,2025-02-05 03:39:00,-1.338394,36.829442,Mahogany,Kenya,verified
cap_1783,grower_56,2025-02-21 03:41:00,-1.306789,36.762268,Neem,Kenya,unverified
cap_1784,grower_53,2025-03-17 14:52:00,12.860953,121.785666,Moringa,Philippines,verified
cap_1785,grower_78,2025-04-17 23:15:00,12.973347,121.750385,Acacia,Philippines,verified
cap_1786,grower_47,2025-06-23 11:12:00,3.910822,11.507776,Avocado,Cameroon,verified
cap_1787,grower_23,2025-06-15 16:50:00,12.885361,121.745006,Neem,Philippines,verified
cap_1788,grower_124,2025-01-29 07:00:00,20.650386,78.935792,Mango,India,verified
cap_1789,grower_45,2025-02-19 11:44:00,3.920494,11.501678,Avocado,Cameroon,verified
cap_1790,grower_15,2025-06-28 12:37:00,12.848776,121.828971,Avocado,Philippines,unverified
cap_1791,grower_24,2025-02-05 05:26:00,-1.248287,36.846092,Avocado,Kenya,verified
cap_1792,grower_12,2025-07-27 02:12:00,20.480401,78.888888,Moringa,India,verified
cap_1793,grower_26,2025-01-14 10:23:00,20.631664,78.989908,Mango,India,verified
cap_1794,grower_127,2025-04-21 19:32:00,1.363269,32.295732,Mango,Uganda,verified
cap_1795,grower_58,2025-05-09 08:11:00,3.834356,11.46106,Neem,Cameroon,verified
cap_1796,grower_39,2025-06-12 02:35:00,-1.37801,36.852537,Avocado,Kenya,verified
cap_1797,grower_135,2025-05-07 17:55:00,20.65521,78.920705,Mahogany,India,verified
cap_1798,grower_36,2025-02-22 23:08:00,1.489152,32.397375,Mahogany,Uganda,verified
cap_1799,grower_113,2025-03-16 21:04:00,1.399293,32.325267,Mahogany,Uganda,verified
cap_1800,grower_16,2025-05-03 02:41:00,3.830745,11.460708,Moringa,Cameroon,verified
cap_1801,grower_73,2025-01-03 13:17:00,1.318669,32.267093,Neem,Uganda,verified
cap_1802,grower_99,2025-06-08 09:58:00,3.807574,11.4194,Mango,Cameroon,verified
cap_1803,grower_95,2025-05-18 04:47:00,-1.221474,36.915617,Mango,Kenya,verified
cap_1804,grower_144,2025-07-27 12:38:00,12.798624,121.801203,Moringa,Philippines,verified
cap_1805,grower_125,2025-02-14 15:53:00,-1.268151,36.860062,Mango,Kenya,verified
cap_1806,grower_136,2025-03-15 10:22:00,20.577098,79.023722,Avocado,India,verified
cap_1807,grower_114,2025-06-22 01:18:00,20.565113,79.015639,Avocado,India,verified
cap_1808,grower_50,2025-03-01 03:55:00,12.946872,121.760608,Neem,Philippines,unverified
cap_1809,grower_58,2025-01-26 10:13:00,3.881131,11.532611,Moringa,Cameroon,verified
cap_1810,grower_51,2025-07-04 02:24:00,12.896207,121.79509,Avocado,Philippines,verified
cap_1811,grower_81,2025-05-05 16:01:00,1.276872,32.344016,Avocado,Uganda,verified
cap_1812,grower_9,2025-01-25 05:57:00,20.547598,79.008401,Avocado,India,verified
cap_1813,grower_137,2025-02-26 09:08:00,12.93885,121.704377,Neem,Philippines,verified
cap_1814,grower_26,2025-07-18 22:33:00,20.513723,79.083562,Mahogany,India,verified
cap_1815,grower_132,2025-05-25 19:39:00,1.422924,32.304708,Mahogany,Uganda,verified
cap_1816,grower_75,2025-02-24 16:33:00,1.348243,32.224256,Neem,Uganda,verified
cap_1817,grower_26,2025-03-25 20:03:00,20.630502,78.999332,Avocado,India,unverified
cap_1818,grower_27,2025-01-06 02:41:00,20.561831,78.978515,Acacia,India,verified
cap_1819,grower_18,2025-07-29 18:59:00,1.459362,32.2683,Neem,Uganda,verified
cap_1820,grower_77,2025-02-18 15:33:00,-1.340597,36.760939,Moringa,Kenya,unverified
cap_1821,grower_81,2025-04-07 07:34:00,1.446977,32.268619,Mango,Uganda,verified
cap_1822,grower_146,2025-03-07 23:36:00,12.849206,121.757593,Acacia,Philippines,verified
cap_1823,grower_107,2025-04-13 11:04:00,20.511652,78.980355,Moringa,India,verified
cap_1824,grower_143,2025-03-21 10:54:00,12.880952,121.800304,Avocado,Philippines,verified
cap_1825,grower_48,2025-01-23 05:17:00,1.351435,32.235548,Neem,Uganda,verified
cap_1826,grower_20,2025-06-01 18:51:00,12.932376,121.820454,Mango,Philippines,verified
cap_1827,grower_64,2025-05-25 22:59:00,3.829382,11.427249,Mahogany,Cameroon,verified
cap_1828,grower_59,2025-04-21 01:45:00,12.933906,121.765689,Avocado,Philippines,verified
cap_1829,grower_145,2025-06-23 03:35:00,12.856807,121.715091,Neem,Philippines,unverified
cap_1830,grower_63,2025-06-12 06:11:00,1.308269,32.294981,Mahogany,Uganda,unverified
cap_1831,grower_46,2025-01-08 13:53:00,-1.312445,36.799694,Neem,Kenya,verified
cap_1832,grower_100,2025-02-05 01:51:00,-1.297358,36.777046,Neem,Kenya,verified
cap_1833,grower_47,2025-01-22 12:06:00,3.875476,11.490633,Avocado,Cameroon,verified
cap_1834,grower_106,2025-07-16 00:45:00,1.39963,32.309158,Avocado,Uganda,verified
cap_1835,grower_8,2025-03-20 10:32:00,20.533528,79.060244,Moringa,India,unverified
cap_1836,grower_99,2025-04-21 21:51:00,3.84098,11.529084,Neem,Cameroon,verified
cap_1837,grower_82,2025-07-22 18:13:00,-1.285636,36.768134,Mahogany,Kenya,verified
cap_1838,grower_1,2025-01-30 02:27:00,12.882281,121.761509,Moringa,Philippines,verified
cap_1839,grower_58,2025-07-06 14:56:00,3.906107,11.52144,Mango,Cameroon,verified
cap_1840,grower_81,2025-01-09 02:40:00,1.318315,32.286109,Mango,Uganda,unverified
cap_1841,grower_65,2025-03-26 11:43:00,3.746757,11.56109,Mango,Cameroon,verified
cap_1842,grower_17,2025-07-15 08:35:00,12.867904,121.690569,Moringa,Philippines,verified
cap_1843,grower_26,2025-01-13 21:58:00,20.643632,79.023111,Moringa,India,verified
cap_1844,grower_76,2025-04-30 19:41:00,3.805669,11.5375,Mahogany,Cameroon,unverified
cap_1845,grower_149,2025-03-03 09:29:00,3.880011,11.517345,Avocado,Cameroon,unverified
cap_1846,grower_48,2025-07-08 14:29:00,1.293066,32.310072,Neem,Uganda,verified
cap_1847,grower_132,2025-02-18 14:05:00,1.384203,32.266204,Avocado,Uganda,verified
cap_1848,grower_7,2025-03-10 22:59:00,20.487472,78.909039,Avocado,India,verified
cap_1849,grower_110,2025-04-01 08:00:00,20.578594,78.98134,Neem,India,unverified
cap_1850,grower_52,2025-07-06 20:28:00,12.824844,121.748056,Mahogany,Philippines,verified
cap_1851,grower_117,2025-06-20 01:49:00,3.873551,11.455991,Moringa,Cameroon,verified
cap_1852,grower_3,2025-02-21 22:55:00,20.612876,79.004396,Avocado,India,verified
cap_1853,grower_69,2025-03-09 03:06:00,12.856776,121.812379,Neem,Philippines,verified
cap_1854,grower_95,2025-02-22 22:33:00,-1.196167,36.758451,Mango,Kenya,verified
cap_1855,grower_95,2025-05-19 19:28:00,-1.212873,36.749006,Acacia,Kenya,verified
cap_1856,grower_69,2025-04-29 01:11:00,12.927508,121.80017,Acacia,Philippines,verified
cap_1857,grower_85,2025-01-03 16:08:00,-1.266768,36.816479,Acacia,Kenya,unverified
cap_1858,grower_133,2025-01-13 10:29:00,12.92485,121.794541,Mahogany,Philippines,unverified
cap_1859,grower_30,2025-03-25 15:34:00,12.883653,121.731722,Moringa,Philippines,verified
cap_1860,grower_143,2025-03-18 19:54:00,12.952885,121.776462,Mango,Philippines,verified
cap_1861,grower_18,2025-05-17 23:50:00,1.351355,32.319493,Moringa,Uganda,unverified
cap_1862,grower_130,2025-03-23 17:19:00,1.361949,32.255371,Neem,Uganda,unverified
cap_1863,grower_134,2025-07-14 10:25:00,1.286441,32.394509,Mango,Uganda,verified
cap_1864,grower_129,2025-01-12 01:06:00,1.366557,32.282515,Mahogany,Uganda,verified
cap_1865,grower_135,2025-04-06 15:38:00,20.515395,79.02476,Moringa,India,verified
cap_1866,grower_43,2025-03-15 06:12:00,12.890467,121.767748,Avocado,Philippines,verified
cap_1867,grower_138,2025-06-23 07:23:00,3.853819,11.588826,Mango,Cameroon,verified
cap_1868,grower_22,2025-02-20 23:12:00,1.462402,32.339536,Avocado,Uganda,verified
cap_1869,grower_3,2025-05-07 10:26:00,20.569766,78.861144,Moringa,India,verified
cap_1870,grower_12,2025-04-14 22:32:00,20.635111,79.022391,Neem,India,verified
cap_1871,grower_135,2025-01-24 04:17:00,20.489961,78.995079,Moringa,India,verified
cap_1872,grower_149,2025-02-14 12:53:00,3.770097,11.480794,Moringa,Cameroon,verified
cap_1873,grower_119,2025-07-16 00:24:00,-1.258876,36.840662,Moringa,Kenya,unverified
cap_1874,grower_36,2025-01-18 20:11:00,1.362773,32.268283,Avocado,Uganda,unverified
cap_1875,grower_136,2025-06-11 21:55:00,20.680037,78.926888,Mahogany,India,verified
cap_1876,grower_85,2025-06-27 13:32:00,-1.260201,36.835601,Avocado,Kenya,verified
cap_1877,grower_138,2025-04-28 09:46:00,3.883564,11.537301,Mahogany,Cameroon,verified
cap_1878,grower_147,2025-03-03 23:06:00,12.891287,121.665826,Neem,Philippines,verified
cap_1879,grower_56,2025-07-04 08:41:00,-1.263171,36.880252,Avocado,Kenya,verified
cap_1880,grower_123,2025-06-05 05:00:00,1.345835,32.320022,Mango,Uganda,verified
cap_1881,grower_137,2025-03-23 11:00:00,12.903501,121.775169,Neem,Philippines,verified
cap_1882,grower_69,2025-03-11 19:18:00,12.916204,121.81263,Mahogany,Philippines,verified
cap_1883,grower_28,2025-04-24 13:20:00,3.795899,11.483067,Moringa,Cameroon,verified
cap_1884,grower_46,2025-07-27 02:12:00,-1.232526,36.741283,Acacia,Kenya,verified
cap_1885,grower_38,2025-04-30 10:16:00,1.359196,32.25989,Avocado,Uganda,verified
cap_1886,grower_127,2025-05-07 23:31:00,1.439104,32.29299,Neem,Uganda,unverified
cap_1887,grower_115,2025-03-08 13:06:00,-1.351459,36.921927,Mango,Kenya,verified
cap_1888,grower_33,2025-05-16 11:19:00,12.92039,121.76805,Mango,Philippines,verified
cap_1889,grower_5,2025-04-26 10:24:00,1.27871,32.340114,Mahogany,Uganda,verified
cap_1890,grower_51,2025-06-24 08:32:00,12.857492,121.624854,Mahogany,Philippines,verified
cap_1891,grower_79,2025-05-07 06:07:00,12.954838,121.766125,Acacia,Philippines,verified
cap_1892,grower_89,2025-04-25 01:39:00,12.916737,121.696889,Neem,Philippines,verified
cap_1893,grower_93,2025-02-15 04:53:00,20.594573,78.939684,Neem,India,verified
cap_1894,grower_36,2025-04-13 21:40:00,1.426171,32.32385,Neem,Uganda,verified
cap_1895,grower_33,2025-04-20 08:35:00,12.796964,121.812897,Acacia,Philippines,unverified
cap_1896,grower_74,2025-04-03 05:20:00,3.930838,11.478745,Avocado,Cameroon,verified
cap_1897,grower_66,2025-01-26 23:36:00,12.92496,121.865536,Neem,Philippines,unverified
cap_1898,grower_107,2025-04-30 12:06:00,20.612,79.018865,Moringa,India,verified
cap_1899,grower_36,2025-01-06 20:08:00,1.392956,32.222903,Mahogany,Uganda,verified
cap_1900,grower_99,2025-04-27 18:39:00,3.838645,11.545974,Avocado,Cameroon,verified
cap_1901,grower_120,2025-01-18 22:35:00,3.84887,11.54949,Neem,Cameroon,unverified
cap_1902,grower_48,2025-05-07 07:07:00,1.314647,32.239575,Avocado,Uganda,unverified
cap_1903,grower_41,2025-05-02 02:15:00,12.970459,121.728833,Mahogany,Philippines,verified
cap_1904,grower_150,2025-05-24 01:18:00,12.862573,121.819822,Neem,Philippines,verified
cap_1905,grower_74,2025-01-02 04:37:00,3.872735,11.496692,Acacia,Cameroon,verified
cap_1906,grower_19,2025-02-21 02:54:00,-1.267275,36.758575,Avocado,Kenya,verified
cap_1907,grower_97,2025-03-04 03:45:00,1.332469,32.275023,Moringa,Uganda,verified
cap_1908,grower_121,2025-07-12 02:40:00,3.898752,11.478856,Moringa,Cameroon,verified
cap_1909,grower_101,2025-07-01 18:00:00,12.926152,121.790305,Avocado,Philippines,unverified
cap_1910,grower_31,2025-02-01 19:21:00,20.619721,78.93245,Mango,India,verified
cap_1911,grower_75,2025-05-07 21:28:00,1.428953,32.217954,Acacia,Uganda,verified
cap_1912,grower_97,2025-01-21 12:52:00,1.302947,32.24563,Neem,Uganda,unverified
cap_1913,grower_113,2025-02-08 02:41:00,1.417816,32.363982,Avocado,Uganda,verified
cap_1914,grower_143,2025-02-18 10:03:00,12.729118,121.734117,Mango,Philippines,verified
cap_1915,grower_100,2025-06-02 18:17:00,-1.27,36.828293,Acacia,Kenya,verified
cap_1916,grower_12,2025-05-07 13:01:00,20.534512,78.976162,Avocado,India,verified
cap_1917,grower_35,2025-02-05 15:14:00,20.519792,79.009261,Moringa,India,verified
cap_1918,grower_147,2025-02-05 19:09:00,12.921134,121.786766,Acacia,Philippines,verified
cap_1919,grower_51,2025-07-08 18:00:00,12.929373,121.825712,Neem,Philippines,verified
cap_1920,grower_24,2025-06-10 17:13:00,-1.191305,36.801239,Neem,Kenya,verified
cap_1921,grower_126,2025-06-24 15:10:00,12.800556,121.789959,Acacia,Philippines,verified
cap_1922,grower_134,2025-05-12 13:00:00,1.339454,32.270651,Mango,Uganda,verified
cap_1923,grower_41,2025-01-12 20:52:00,12.880175,121.758991,Avocado,Philippines,verified
cap_1924,grower_36,2025-01-20 11:15:00,1.341348,32.335513,Mahogany,Uganda,verified
cap_1925,grower_62,2025-04-01 19:06:00,12.795598,121.739963,Mahogany,Philippines,verified
cap_1926,grower_26,2025-06-13 22:35:00,20.567233,78.942307,Acacia,India,verified
cap_1927,grower_94,2025-01-18 19:30:00,20.531596,79.010683,Mahogany,India,verified
cap_1928,grower_41,2025-07-19 06:38:00,12.847239,121.764879,Avocado,Philippines,verified
cap_1929,grower_146,2025-02-24 12:18:00,12.838591,121.804283,Avocado,Philippines,verified
cap_1930,grower_130,2025-02-03 12:17:00,1.341532,32.319583,Mahogany,Uganda,verified
cap_1931,grower_20,2025-06-20 16:42:00,12.957805,121.782337,Mahogany,Philippines,verified
cap_1932,grower_112,2025-01-16 15:50:00,20.651721,79.010355,Mahogany,India,verified
cap_1933,grower_45,2025-04-25 15:32:00,3.84134,11.462423,Mango,Cameroon,verified
cap_1934,grower_139,2025-02-19 01:24:00,3.790926,11.375326,Acacia,Cameroon,unverified
cap_1935,grower_61,2025-05-13 10:11:00,3.871517,11.549696,Neem,Cameroon,verified
cap_1936,grower_31,2025-07-16 11:24:00,20.553198,78.902502,Avocado,India,verified
cap_1937,grower_77,2025-04-14 17:02:00,-1.352456,36.798861,Neem,Kenya,verified
cap_1938,grower_84,2025-05-04 05:49:00,1.386006,32.32765,Avocado,Uganda,verified
cap_1939,grower_93,2025-01-20 12:38:00,20.575189,78.864348,Acacia,India,verified
cap_1940,grower_115,2025-06-14 16:40:00,-1.24156,36.749117,Neem,Kenya,unverified
cap_1941,grower_94,2025-03-28 13:52:00,20.558387,79.028858,Moringa,India,verified
cap_1942,grower_142,2025-07-16 06:08:00,1.406199,32.334945,Mahogany,Uganda,verified
cap_1943,grower_8,2025-02-14 19:38:00,20.504053,79.012348,Moringa,India,verified
cap_1944,grower_137,2025-07-01 21:22:00,12.933695,121.751363,Moringa,Philippines,verified
cap_1945,grower_136,2025-01-13 19:54:00,20.607844,79.057429,Neem,India,unverified
cap_1946,grower_146,2025-04-29 06:15:00,12.851628,121.860076,Acacia,Philippines,verified
cap_1947,grower_115,2025-04-10 00:41:00,-1.413927,36.717825,Mango,Kenya,verified
cap_1948,grower_145,2025-01-22 17:30:00,12.912688,121.777413,Moringa,Philippines,verified
cap_1949,grower_94,2025-05-18 23:56:00,20.545508,78.911961,Mahogany,India,verified
cap_1950,grower_21,2025-06-03 04:24:00,3.869594,11.44827,Acacia,Cameroon,verified
cap_1951,grower_36,2025-03-14 19:33:00,1.316467,32.250784,Mango,Uganda,verified
cap_1952,grower_37,2025-04-17 23:40:00,20.586433,79.045988,Acacia,India,verified
cap_1953,grower_37,2025-05-29 19:52:00,20.625097,78.914977,Mango,India,verified
cap_1954,grower_2,2025-01-14 10:24:00,1.332966,32.265373,Neem,Uganda,verified
cap_1955,grower_64,2025-02-26 19:44:00,3.840496,11.537607,Acacia,Cameroon,verified
cap_1956,grower_140,2025-04-25 07:30:00,1.441681,32.299573,Mahogany,Uganda,unverified
cap_1957,grower_125,2025-07-17 17:46:00,-1.324797,36.919618,Mango,Kenya,verified
cap_1958,grower_120,2025-04-11 23:31:00,3.858688,11.457462,Mahogany,Cameroon,verified
cap_1959,grower_35,2025-05-29 21:08:00,20.640041,78.920916,Avocado,India,verified
cap_1960,grower_48,2025-05-14 03:58:00,1.418688,32.28251,Mango,Uganda,unverified
cap_1961,grower_32,2025-01-15 23:23:00,12.949421,121.802505,Acacia,Philippines,verified
cap_1962,grower_9,2025-07-09 13:32:00,20.628272,79.033886,Acacia,India,verified
cap_1963,grower_115,2025-04-16 02:15:00,-1.316275,36.83564,Mango,Kenya,verified
cap_1964,grower_18,2025-01-03 12:23:00,1.40354,32.330335,Moringa,Uganda,verified
cap_1965,grower_46,2025-05-15 03:21:00,-1.373982,36.777304,Neem,Kenya,verified
cap_1966,grower_81,2025-07-23 17:28:00,1.327577,32.292552,Neem,Uganda,verified
cap_1967,grower_4,2025-03-31 11:29:00,1.456974,32.292733,Mango,Uganda,verified
cap_1968,grower_66,2025-06-09 16:22:00,12.854475,121.703776,Avocado,Philippines,unverified
cap_1969,grower_66,2025-03-26 15:30:00,12.80179,121.760643,Neem,Philippines,verified
cap_1970,grower_88,2025-02-02 14:37:00,-1.286942,36.797302,Avocado,Kenya,verified
cap_1971,grower_129,2025-04-07 11:31:00,1.373059,32.286181,Moringa,Uganda,verified
cap_1972,grower_133,2025-05-22 04:44:00,12.911334,121.823752,Avocado,Philippines,verified
cap_1973,grower_29,2025-03-10 13:40:00,12.833839,121.822772,Acacia,Philippines,verified
cap_1974,grower_83,2025-05-25 19:10:00,1.399954,32.298784,Avocado,Uganda,verified
cap_1975,grower_17,2025-06-15 22:13:00,12.821359,121.790304,Moringa,Philippines,verified
cap_1976,grower_69,2025-04-30 12:09:00,12.816654,121.794616,Mahogany,Philippines,unverified
cap_1977,grower_20,2025-07-10 21:33:00,12.958271,121.724822,Moringa,Philippines,verified
cap_1978,grower_124,2025-01-06 19:01:00,20.611487,78.96095,Neem,India,verified
cap_1979,grower_118,2025-07-18 23:15:00,20.586157,79.025674,Moringa,India,verified
cap_1980,grower_97,2025-04-11 03:05:00,1.377418,32.273296,Mahogany,Uganda,verified
cap_1981,grower_29,2025-04-12 19:00:00,12.869269,121.668752,Neem,Philippines,verified
cap_1982,grower_31,2025-07-14 04:51:00,20.598762,78.834862,Neem,India,unverified
cap_1983,grower_52,2025-04-28 03:43:00,12.903641,121.633877,Mango,Philippines,verified
cap_1984,grower_44,2025-05-31 10:20:00,3.807226,11.486319,Moringa,Cameroon,verified
cap_1985,grower_95,2025-06-05 13:54:00,-1.213004,36.716572,Mahogany,Kenya,verified
cap_1986,grower_60,2025-03-14 11:47:00,3.769731,11.507083,Moringa,Cameroon,verified
cap_1987,grower_113,2025-01-30 18:40:00,1.505757,32.212352,Moringa,Uganda,verified
cap_1988,grower_92,2025-05-14 16:30:00,-1.307595,36.77722,Mahogany,Kenya,verified
cap_1989,grower_91,2025-03-02 19:03:00,20.637249,78.980686,Neem,India,verified
cap_1990,grower_115,2025-01-21 00:30:00,-1.21382,36.786852,Moringa,Kenya,verified
cap_1991,grower_73,2025-02-13 22:02:00,1.307313,32.300837,Neem,Uganda,verified
cap_1992,grower_76,2025-03-21 22:31:00,3.776184,11.546618,Avocado,Cameroon,unverified
cap_1993,grower_28,2025-07-13 18:31:00,3.832076,11.490108,Mahogany,Cameroon,verified
cap_1994,grower_107,2025-06-05 12:21:00,20.488393,79.030794,Acacia,India,verified
cap_1995,grower_65,2025-05-01 10:01:00,3.922737,11.594038,Mahogany,Cameroon,verified
cap_1996,grower_112,2025-05-27 10:18:00,20.467843,78.959807,Mahogany,India,unverified
cap_1997,grower_47,2025-02-22 07:29:00,3.917234,11.546263,Mahogany,Cameroon,verified
cap_1998,grower_52,2025-02-16 13:39:00,12.874121,121.7688,Mango,Philippines,verified
cap_1999,grower_64,2025-03-05 22:45:00,3.86305,11.571229,Moringa,Cameroon,verified
cap_2000,grower_125,2025-07-23 15:20:00,-1.275366,36.848598,Mahogany,Kenya,verified
cap_2001,grower_105,2025-03-18 10:34:00,-1.26367,36.864375,Neem,Kenya,verified
cap_2002,grower_21,2025-05-15 18:33:00,3.822296,11.407372,Mango,Cameroon,unverified
cap_2003,grower_52,2025-06-30 21:56:00,12.760443,121.854812,Avocado,Philippines,verified
cap_2004,grower_2,2025-01-03 15:41:00,1.348948,32.215123,Neem,Uganda,unverified
cap_2005,grower_1,2025-05-14 08:21:00,12.896467,121.724053,Mango,Philippines,verified
cap_2006,grower_4,2025-06-11 12:02:00,1.396402,32.251578,Acacia,Uganda,verified
cap_2007,grower_126,2025-06-29 20:17:00,12.914295,121.756888,Mango,Philippines,verified
cap_2008,grower_14,2025-04-09 00:32:00,3.809857,11.501738,Acacia,Cameroon,unverified
cap_2009,grower_19,2025-03-18 23:59:00,-1.251817,36.840037,Mango,Kenya,unverified
cap_2010,grower_67,2025-07-09 15:53:00,3.842589,11.525263,Mahogany,Cameroon,unverified
cap_2011,grower_75,2025-03-08 13:17:00,1.327512,32.325165,Neem,Uganda,verified
cap_2012,grower_41,2025-02-17 01:25:00,12.930092,121.790025,Acacia,Philippines,unverified
cap_2013,grower_31,2025-03-27 09:15:00,20.617019,79.056814,Avocado,India,verified
cap_2014,grower_87,2025-05-09 04:15:00,-1.332552,36.766503,Mahogany,Kenya,verified
cap_2015,grower_137,2025-04-22 02:25:00,12.885156,121.756435,Mango,Philippines,verified
cap_2016,grower_75,2025-05-16 03:51:00,1.391617,32.296726,Neem,Uganda,unverified
cap_2017,grower_129,2025-06-19 02:07:00,1.381937,32.226308,Mahogany,Uganda,verified
cap_2018,grower_61,2025-04-18 23:10:00,3.823274,11.504626,Acacia,Cameroon,verified
cap_2019,grower_36,2025-01-26 03:10:00,1.281203,32.373645,Neem,Uganda,verified
cap_2020,grower_128,2025-06-08 00:27:00,12.871353,121.775728,Neem,Philippines,verified
cap_2021,grower_120,2025-07-07 07:13:00,3.837618,11.514069,Acacia,Cameroon,verified
cap_2022,grower_47,2025-04-04 22:11:00,3.875808,11.553271,Acacia,Cameroon,verified
cap_2023,grower_90,2025-06-25 02:04:00,20.684775,78.952484,Moringa,India,verified
cap_2024,grower_50,2025-03-19 17:23:00,12.817031,121.749789,Neem,Philippines,unverified
cap_2025,grower_99,2025-03-09 23:13:00,3.827463,11.399915,Avocado,Cameroon,verified
cap_2026,grower_49,2025-07-10 10:13:00,3.89439,11.569924,Moringa,Cameroon,verified
cap_2027,grower_45,2025-04-03 08:25:00,3.824496,11.469949,Moringa,Cameroon,verified
cap_2028,grower_65,2025-07-20 19:25:00,3.884716,11.628638,Acacia,Cameroon,verified
cap_2029,grower_99,2025-02-16 14:08:00,3.87809,11.513132,Mahogany,Cameroon,verified
cap_2030,grower_146,2025-05-20 11:02:00,12.865607,121.819918,Neem,Philippines,verified
cap_2031,grower_72,2025-06-08 03:44:00,1.301527,32.378241,Mahogany,Uganda,verified
cap_2032,grower_147,2025-03-20 14:53:00,12.841287,121.758817,Avocado,Philippines,unverified
cap_2033,grower_121,2025-03-29 16:14:00,3.923873,11.44535,Moringa,Cameroon,verified
cap_2034,grower_101,2025-02-23 20:42:00,12.839403,121.763572,Avocado,Philippines,verified
cap_2035,grower_134,2025-01-07 13:45:00,1.487455,32.337494,Mango,Uganda,verified
cap_2036,grower_109,2025-07-13 18:49:00,20.634464,78.964034,Neem,India,verified
cap_2037,grower_119,2025-06-01 00:56:00,-1.390107,36.761568,Mahogany,Kenya,verified
cap_2038,grower_54,2025-03-18 00:43:00,1.346487,32.364927,Mahogany,Uganda,verified
cap_2039,grower_22,2025-05-05 08:36:00,1.422596,32.300399,Neem,Uganda,verified
cap_2040,grower_3,2025-05-22 12:26:00,20.596448,78.9586,Moringa,India,verified
cap_2041,grower_125,2025-01-15 03:45:00,-1.23225,36.829683,Mango,Kenya,verified
cap_2042,grower_37,2025-06-15 12:48:00,20.64207,78.86857,Avocado,India,verified
cap_2043,grower_19,2025-02-24 17:17:00,-1.237186,36.839876,Neem,Kenya,verified
cap_2044,grower_27,2025-01-12 19:21:00,20.568414,78.937055,Mahogany,India,verified
cap_2045,grower_41,2025-05-25 13:03:00,12.927652,121.793161,Acacia,Philippines,verified
cap_2046,grower_10,2025-06-05 06:47:00,1.38255,32.298971,Moringa,Uganda,verified
cap_2047,grower_42,2025-05-14 22:12:00,-1.305915,36.792919,Avocado,Kenya,verified
cap_2048,grower_30,2025-05-03 03:50:00,12.932745,121.817202,Mahogany,Philippines,verified
cap_2049,grower_16,2025-05-16 05:27:00,3.823403,11.631619,Moringa,Cameroon,verified
cap_2050,grower_38,2025-07-04 16:03:00,1.305034,32.271782,Mahogany,Uganda,unverified
cap_2051,grower_83,2025-02-15 22:53:00,1.379232,32.222934,Acacia,Uganda,verified
cap_2052,grower_32,2025-06-03 23:30:00,12.89815,121.711318,Moringa,Philippines,verified
cap_2053,grower_124,2025-07-24 10:32:00,20.645323,78.947708,Avocado,India,verified
cap_2054,grower_148,2025-02-17 06:36:00,20.618464,78.963583,Moringa,India,verified
cap_2055,grower_51,2025-07-25 08:08:00,12.886352,121.720272,Neem,Philippines,unverified
cap_2056,grower_55,2025-01-21 08:41:00,20.547009,79.024979,Mango,India,verified
cap_2057,grower_38,2025-06-24 22:05:00,1.432365,32.296775,Acacia,Uganda,verified
cap_2058,grower_62,2025-05-08 20:36:00,12.78308,121.776348,Neem,Philippines,verified
cap_2059,grower_62,2025-05-17 04:06:00,12.872552,121.725137,Mango,Philippines,unverified
cap_2060,grower_112,2025-07-22 18:32:00,20.532649,79.007907,Avocado,India,verified
cap_2061,grower_42,2025-02-10 01:38:00,-1.290487,36.787365,Avocado,Kenya,verified
cap_2062,grower_79,2025-04-16 23:44:00,12.936104,121.836307,Mango,Philippines,verified
cap_2063,grower_122,2025-04-08 07:38:00,12.868525,121.794936,Mango,Philippines,verified
cap_2064,grower_41,2025-04-08 17:52:00,12.890835,121.833863,Acacia,Philippines,verified
cap_2065,grower_66,2025-02-21 22:40:00,12.910308,121.750294,Mango,Philippines,verified
cap_2066,grower_5,2025-04-11 08:59:00,1.318031,32.246586,Avocado,Uganda,verified
cap_2067,grower_68,2025-04-22 12:21:00,3.864557,11.537889,Avocado,Cameroon,verified
cap_2068,grower_119,2025-05-07 06:00:00,-1.311921,36.85058,Avocado,Kenya,unverified
cap_2069,grower_15,2025-07-17 22:52:00,12.854886,121.793962,Moringa,Philippines,verified
cap_2070,grower_64,2025-03-15 12:42:00,3.954569,11.519739,Acacia,Cameroon,verified
cap_2071,grower_141,2025-03-05 21:08:00,-1.350424,36.840604,Avocado,Kenya,verified
cap_2072,grower_87,2025-05-20 06:32:00,-1.229594,36.712605,Avocado,Kenya,verified
cap_2073,grower_39,2025-01-15 00:27:00,-1.320333,36.898263,Acacia,Kenya,verified
cap_2074,grower_65,2025-02-16 22:40:00,3.807895,11.436636,Mahogany,Cameroon,verified
cap_2075,grower_97,2025-06-13 07:32:00,1.376998,32.313015,Mango,Uganda,verified
cap_2076,grower_6,2025-05-03 05:24:00,3.858249,11.484377,Avocado,Cameroon,verified
cap_2077,grower_13,2025-03-09 00:58:00,1.398072,32.266643,Moringa,Uganda,verified
cap_2078,grower_10,2025-01-15 23:49:00,1.42944,32.256748,Mango,Uganda,unverified
cap_2079,grower_136,2025-04-07 01:30:00,20.469328,78.982901,Avocado,India,verified
cap_2080,grower_73,2025-05-13 21:46:00,1.444958,32.255358,Mango,Uganda,verified
cap_2081,grower_32,2025-05-26 22:37:00,12.912541,121.836857,Avocado,Philippines,verified
cap_2082,grower_44,2025-06-16 08:10:00,3.872861,11.567638,Neem,Cameroon,verified
cap_2083,grower_103,2025-05-28 07:03:00,12.89936,121.861197,Moringa,Philippines,verified
cap_2084,grower_126,2025-04-21 23:51:00,12.944994,121.734298,Mango,Philippines,verified
cap_2085,grower_140,2025-04-02 02:53:00,1.34698,32.319829,Moringa,Uganda,verified
cap_2086,grower_103,2025-04-27 19:39:00,12.883863,121.64813,Acacia,Philippines,verified
cap_2087,grower_66,2025-02-17 16:18:00,12.900521,121.808455,Avocado,Philippines,unverified
cap_2088,grower_67,2025-07-11 22:32:00,3.948178,11.516758,Mahogany,Cameroon,verified
cap_2089,grower_63,2025-01-04 20:00:00,1.408069,32.30932,Acacia,Uganda,verified
cap_2090,grower_21,2025-07-03 04:06:00,3.860099,11.521282,Mango,Cameroon,verified
cap_2091,grower_68,2025-03-07 15:29:00,3.887343,11.601055,Mahogany,Cameroon,verified
cap_2092,grower_118,2025-02-05 08:50:00,20.538844,78.929512,Moringa,India,verified
cap_2093,grower_149,2025-06-04 01:37:00,3.852198,11.42705,Moringa,Cameroon,unverified
cap_2094,grower_28,2025-02-20 10:13:00,3.819786,11.421556,Avocado,Cameroon,verified
cap_2095,grower_100,2025-03-03 10:52:00,-1.298374,36.799768,Mango,Kenya,verified
cap_2096,grower_92,2025-04-17 18:54:00,-1.274921,36.807064,Neem,Kenya,verified
cap_2097,grower_50,2025-06-29 15:32:00,12.918762,121.786214,Mango,Philippines,unverified
cap_2098,grower_130,2025-03-23 12:16:00,1.396061,32.185783,Mahogany,Uganda,verified
cap_2099,grower_55,2025-06-05 19:39:00,20.604412,78.907443,Avocado,India,verified
cap_2100,grower_85,2025-04-18 07:45:00,-1.333607,36.87643,Acacia,Kenya,unverified
cap_2101,grower_58,2025-02-20 09:46:00,3.888563,11.575002,Acacia,Cameroon,verified
cap_2102,grower_40,2025-06-25 11:31:00,3.875275,11.499024,Neem,Cameroon,verified
cap_2103,grower_82,2025-01-20 04:49:00,-1.293531,36.83181,Mango,Kenya,verified
cap_2104,grower_23,2025-04-03 14:20:00,12.926372,121.850231,Mahogany,Philippines,verified
cap_2105,grower_136,2025-07-10 19:26:00,20.540779,78.798372,Neem,India,verified
cap_2106,grower_131,2025-07-06 10:55:00,20.549372,78.906081,Neem,India,verified
cap_2107,grower_12,2025-06-26 00:20:00,20.673909,78.956352,Acacia,India,verified
cap_2108,grower_123,2025-06-03 13:58:00,1.383683,32.344526,Mahogany,Uganda,verified
cap_2109,grower_24,2025-07-01 14:22:00,-1.215724,36.717932,Acacia,Kenya,verified
cap_2110,grower_16,2025-05-13 19:22:00,3.957987,11.45186,Neem,Cameroon,verified
cap_2111,grower_70,2025-02-03 18:03:00,12.919738,121.87032,Acacia,Philippines,verified
cap_2112,grower_80,2025-01-28 09:19:00,12.982549,121.769569,Neem,Philippines,verified
cap_2113,grower_109,2025-01-29 11:08:00,20.647303,79.072031,Avocado,India,verified
cap_2114,grower_27,2025-07-01 01:48:00,20.569907,78.985328,Acacia,India,verified
cap_2115,grower_73,2025-06-21 01:25:00,1.357062,32.265147,Mahogany,Uganda,verified
cap_2116,grower_142,2025-03-16 18:24:00,1.274812,32.265856,Avocado,Uganda,verified
cap_2117,grower_13,2025-04-30 01:27:00,1.34161,32.315627,Neem,Uganda,verified
cap_2118,grower_72,2025-06-05 22:21:00,1.367648,32.362716,Mahogany,Uganda,verified
cap_2119,grower_126,2025-03-20 10:54:00,12.831309,121.732925,Acacia,Philippines,verified
cap_2120,grower_139,2025-03-04 10:41:00,3.677287,11.495931,Mahogany,Cameroon,unverified
cap_2121,grower_104,2025-01-09 22:24:00,3.834163,11.533042,Moringa,Cameroon,verified
cap_2122,grower_136,2025-04-01 16:17:00,20.596535,78.955387,Avocado,India,verified
cap_2123,grower_48,2025-02-15 07:59:00,1.311932,32.272256,Neem,Uganda,verified
cap_2124,grower_126,2025-03-02 13:33:00,12.840681,121.782894,Moringa,Philippines,verified
cap_2125,grower_81,2025-07-15 03:22:00,1.328534,32.319579,Mahogany,Uganda,verified
cap_2126,grower_23,2025-07-18 04:22:00,12.891671,121.738808,Avocado,Philippines,verified
cap_2127,grower_141,2025-07-29 01:37:00,-1.333222,36.854639,Avocado,Kenya,verified
cap_2128,grower_1,2025-06-27 03:07:00,12.837524,121.748196,Mango,Philippines,verified
cap_2129,grower_15,2025-05-25 05:44:00,12.879382,121.753584,Avocado,Philippines,verified
cap_2130,grower_40,2025-06-27 12:25:00,3.882614,11.383454,Moringa,Cameroon,verified
cap_2131,grower_27,2025-07-19 09:03:00,20.547932,78.898465,Acacia,India,verified
cap_2132,grower_34,2025-06-23 07:11:00,-1.333035,36.768192,Mango,Kenya,verified
cap_2133,grower_89,2025-02-28 21:04:00,12.890053,121.752723,Avocado,Philippines,verified
cap_2134,grower_57,2025-06-05 04:28:00,12.904072,121.786763,Avocado,Philippines,verified
cap_2135,grower_118,2025-05-06 23:36:00,20.58851,78.986229,Avocado,India,unverified
cap_2136,grower_53,2025-05-04 07:35:00,12.932617,121.641897,Moringa,Philippines,verified
cap_2137,grower_83,2025-04-28 03:05:00,1.386535,32.229538,Acacia,Uganda,verified
cap_2138,grower_18,2025-01-09 06:59:00,1.366682,32.286127,Neem,Uganda,unverified
cap_2139,grower_149,2025-05-04 11:38:00,3.778182,11.527506,Mahogany,Cameroon,verified
cap_2140,grower_100,2025-07-07 11:20:00,-1.341183,36.805716,Mango,Kenya,verified
cap_2141,grower_42,2025-01-03 22:19:00,-1.32917,36.855715,Acacia,Kenya,verified
cap_2142,grower_145,2025-03-12 14:55:00,12.866146,121.766442,Neem,Philippines,verified
cap_2143,grower_112,2025-03-12 02:44:00,20.531701,78.965135,Moringa,India,unverified
cap_2144,grower_55,2025-02-02 02:47:00,20.624341,78.940084,Moringa,India,verified
cap_2145,grower_19,2025-01-10 19:03:00,-1.345847,36.767611,Moringa,Kenya,verified
cap_2146,grower_141,2025-02-28 19:11:00,-1.307017,36.820015,Moringa,Kenya,verified
cap_2147,grower_104,2025-02-07 23:06:00,3.90165,11.431192,Neem,Cameroon,verified
cap_2148,grower_1,2025-06-17 20:37:00,12.867678,121.79126,Moringa,Philippines,verified
cap_2149,grower_44,2025-01-08 00:04:00,3.955136,11.504633,Avocado,Cameroon,unverified
cap_2150,grower_17,2025-04-23 15:57:00,12.934666,121.807802,Moringa,Philippines,verified
cap_2151,grower_98,2025-05-26 07:07:00,3.779771,11.460279,Neem,Cameroon,verified
cap_2152,grower_124,2025-06-02 21:19:00,20.651721,78.824098,Moringa,India,unverified
cap_2153,grower_65,2025-03-10 23:31:00,3.897211,11.509758,Mango,Cameroon,verified
cap_2154,grower_53,2025-05-19 06:57:00,12.816647,121.759696,Mango,Philippines,verified
cap_2155,grower_138,2025-01-31 04:52:00,3.873483,11.495745,Acacia,Cameroon,verified
cap_2156,grower_70,2025-01-25 05:21:00,12.881253,121.766034,Mahogany,Philippines,verified
cap_2157,grower_98,2025-03-30 18:43:00,3.877781,11.450892,Mango,Cameroon,unverified
cap_2158,grower_59,2025-01-18 09:49:00,12.948126,121.705921,Neem,Philippines,verified
cap_2159,grower_50,2025-01-31 13:38:00,12.927081,121.773826,Moringa,Philippines,unverified
cap_2160,grower_127,2025-03-26 00:41:00,1.361278,32.252629,Moringa,Uganda,verified
cap_2161,grower_90,2025-05-03 15:29:00,20.517868,78.964978,Acacia,India,verified
cap_2162,grower_115,2025-03-02 23:06:00,-1.269275,36.756645,Mahogany,Kenya,verified
cap_2163,grower_74,2025-07-19 16:24:00,3.806787,11.488744,Moringa,Cameroon,verified
cap_2164,grower_136,2025-06-28 06:38:00,20.598196,78.922867,Acacia,India,verified
cap_2165,grower_68,2025-01-10 04:23:00,3.849787,11.542971,Acacia,Cameroon,unverified
cap_2166,grower_59,2025-02-09 01:36:00,12.912544,121.693654,Mahogany,Philippines,verified
cap_2167,grower_87,2025-05-26 11:00:00,-1.289073,36.948292,Neem,Kenya,unverified
cap_2168,grower_129,2025-05-17 13:10:00,1.316948,32.353079,Mahogany,Uganda,verified
cap_2169,grower_26,2025-03-10 02:12:00,20.605436,78.943052,Neem,India,verified
cap_2170,grower_61,2025-01-30 19:44:00,3.787069,11.502514,Avocado,Cameroon,verified
cap_2171,grower_121,2025-07-20 07:23:00,3.810289,11.411853,Neem,Cameroon,verified
cap_2172,grower_106,2025-06-19 00:28:00,1.368348,32.274215,Avocado,Uganda,verified
cap_2173,grower_123,2025-04-21 02:15:00,1.441682,32.345951,Mango,Uganda,verified
cap_2174,grower_45,2025-01-22 02:12:00,3.780445,11.51127,Mahogany,Cameroon,verified
cap_2175,grower_126,2025-05-15 10:29:00,12.833618,121.790576,Avocado,Philippines,unverified
cap_2176,grower_125,2025-06-22 20:10:00,-1.191844,36.720517,Avocado,Kenya,unverified
cap_2177,grower_105,2025-04-06 11:19:00,-1.368796,36.803279,Neem,Kenya,verified
cap_2178,grower_130,2025-05-17 22:58:00,1.340926,32.342308,Acacia,Uganda,verified
cap_2179,grower_84,2025-06-24 12:02:00,1.472561,32.243805,Mahogany,Uganda,verified
cap_2180,grower_77,2025-03-29 00:49:00,-1.260668,36.822648,Acacia,Kenya,verified
cap_2181,grower_11,2025-07-12 14:57:00,12.900669,121.772731,Mahogany,Philippines,verified
cap_2182,grower_2,2025-05-11 06:29:00,1.319087,32.235702,Neem,Uganda,verified
cap_2183,grower_138,2025-06-13 04:39:00,3.868127,11.558132,Mahogany,Cameroon,unverified
cap_2184,grower_150,2025-07-08 10:50:00,12.823386,121.702686,Neem,Philippines,verified
cap_2185,grower_33,2025-02-06 07:10:00,12.821728,121.843533,Acacia,Philippines,verified
cap_2186,grower_89,2025-05-12 23:49:00,12.896073,121.730452,Mango,Philippines,verified
cap_2187,grower_78,2025-04-19 14:21:00,12.920925,121.730234,Mahogany,Philippines,verified
cap_2188,grower_80,2025-05-14 11:47:00,12.846525,121.746674,Avocado,Philippines,verified
cap_2189,grower_101,2025-07-27 15:48:00,12.93704,121.615093,Avocado,Philippines,verified
cap_2190,grower_31,2025-01-10 18:16:00,20.601636,78.942909,Moringa,India,verified
cap_2191,grower_98,2025-03-22 05:21:00,3.831914,11.508933,Moringa,Cameroon,unverified
cap_2192,grower_57,2025-03-10 00:55:00,12.873892,121.776864,Acacia,Philippines,verified
cap_2193,grower_55,2025-02-22 07:19:00,20.566669,78.941575,Mango,India,unverified
cap_2194,grower_4,2025-01-30 19:21:00,1.407907,32.271327,Mahogany,Uganda,verified
cap_2195,grower_109,2025-02-05 19:54:00,20.589427,78.905488,Mahogany,India,verified
cap_2196,grower_99,2025-04-07 12:29:00,3.912311,11.577564,Neem,Cameroon,verified
cap_2197,grower_143,2025-01-22 11:02:00,12.891597,121.714012,Avocado,Philippines,verified
cap_2198,grower_114,2025-05-05 23:40:00,20.645224,78.953642,Mango,India,verified
cap_2199,grower_82,2025-04-17 05:57:00,-1.304259,36.867876,Mahogany,Kenya,verified
cap_2200,grower_148,2025-07-28 01:00:00,20.586186,78.876921,Acacia,India,verified
cap_2201,grower_55,2025-07-04 18:26:00,20.720089,79.068438,Moringa,India,verified
cap_2202,grower_113,2025-06-04 02:44:00,1.385149,32.260542,Avocado,Uganda,verified
cap_2203,grower_137,2025-06-16 06:30:00,12.883791,121.681546,Acacia,Philippines,unverified
cap_2204,grower_6,2025-07-18 20:19:00,3.926675,11.480249,Avocado,Cameroon,verified
cap_2205,grower_62,2025-04-21 15:35:00,12.944865,121.766031,Acacia,Philippines,verified
cap_2206,grower_138,2025-05-19 19:05:00,3.911868,11.487114,Acacia,Cameroon,verified
cap_2207,grower_115,2025-05-30 06:36:00,-1.289927,36.72311,Neem,Kenya,verified
cap_2208,grower_1,2025-04-21 22:02:00,12.852338,121.741315,Avocado,Philippines,verified
cap_2209,grower_115,2025-03-20 07:44:00,-1.209705,36.843745,Neem,Kenya,verified
cap_2210,grower_99,2025-04-22 14:01:00,3.792584,11.477238,Mango,Cameroon,verified
cap_2211,grower_50,2025-04-28 09:28:00,12.839595,121.794018,Mahogany,Philippines,verified
cap_2212,grower_130,2025-07-19 22:02:00,1.476766,32.273173,Mahogany,Uganda,verified
cap_2213,grower_137,2025-01-11 05:39:00,12.962133,121.714003,Moringa,Philippines,verified
cap_2214,grower_90,2025-04-26 19:47:00,20.584724,78.939986,Moringa,India,unverified
cap_2215,grower_145,2025-07-01 23:18:00,12.791429,121.708506,Avocado,Philippines,verified
cap_2216,grower_85,2025-05-09 07:30:00,-1.310013,36.901403,Mahogany,Kenya,verified
cap_2217,grower_38,2025-05-28 05:03:00,1.271873,32.266297,Moringa,Uganda,unverified
cap_2218,grower_88,2025-06-13 21:02:00,-1.20967,36.85168,Neem,Kenya,verified
cap_2219,grower_79,2025-02-01 13:30:00,12.914848,121.802318,Moringa,Philippines,verified
cap_2220,grower_69,2025-05-03 07:26:00,12.808058,121.874763,Mango,Philippines,verified
cap_2221,grower_112,2025-02-16 08:24:00,20.624091,78.961829,Moringa,India,unverified
cap_2222,grower_124,2025-06-14 01:35:00,20.617922,78.954112,Moringa,India,verified
cap_2223,grower_103,2025-03-07 20:02:00,12.853789,121.820935,Moringa,Philippines,verified
cap_2224,grower_37,2025-02-11 05:43:00,20.506535,78.995609,Mango,India,unverified
cap_2225,grower_41,2025-02-01 09:19:00,12.923092,121.806852,Acacia,Philippines,verified
cap_2226,grower_89,2025-02-08 20:12:00,12.88987,121.772156,Acacia,Philippines,verified
cap_2227,grower_62,2025-07-29 01:28:00,12.855992,121.771507,Acacia,Philippines,verified
cap_2228,grower_63,2025-01-29 13:10:00,1.439225,32.302602,Neem,Uganda,verified
cap_2229,grower_51,2025-05-30 19:21:00,12.838368,121.774471,Mango,Philippines,verified
cap_2230,grower_15,2025-03-28 01:00:00,12.845961,121.784613,Acacia,Philippines,verified
cap_2231,grower_51,2025-04-22 09:37:00,12.812367,121.766329,Mahogany,Philippines,verified
cap_2232,grower_115,2025-06-25 12:02:00,-1.311887,36.826151,Moringa,Kenya,verified
cap_2233,grower_13,2025-06-19 17:00:00,1.40347,32.264993,Mahogany,Uganda,verified
cap_2234,grower_80,2025-06-26 15:16:00,12.868018,121.758838,Mango,Philippines,verified
cap_2235,grower_47,2025-03-07 02:12:00,3.778514,11.428955,Mango,Cameroon,verified
cap_2236,grower_82,2025-05-05 03:29:00,-1.326708,36.859107,Moringa,Kenya,verified
cap_2237,grower_133,2025-04-17 06:21:00,12.910257,121.755986,Mahogany,Philippines,verified
cap_2238,grower_83,2025-06-11 05:00:00,1.354731,32.340522,Avocado,Uganda,verified
cap_2239,grower_143,2025-07-28 16:33:00,12.928783,121.759594,Avocado,Philippines,verified
cap_2240,grower_23,2025-02-26 18:40:00,12.872043,121.73418,Mango,Philippines,verified
cap_2241,grower_40,2025-04-12 22:57:00,3.824462,11.44467,Moringa,Cameroon,verified
cap_2242,grower_69,2025-06-07 08:03:00,12.948778,121.741748,Avocado,Philippines,unverified
cap_2243,grower_31,2025-01-08 11:44:00,20.585799,78.951422,Mahogany,India,unverified
cap_2244,grower_136,2025-06-26 17:14:00,20.599211,78.990498,Mahogany,India,verified
cap_2245,grower_114,2025-04-02 22:26:00,20.639857,78.943103,Neem,India,unverified
cap_2246,grower_150,2025-02-13 08:08:00,12.833596,121.825317,Neem,Philippines,verified
cap_2247,grower_116,2025-01-11 10:50:00,1.286025,32.229585,Neem,Uganda,verified
cap_2248,grower_135,2025-07-11 01:36:00,20.608788,78.912236,Moringa,India,verified
cap_2249,grower_137,2025-06-18 13:34:00,12.906364,121.751304,Mahogany,Philippines,verified
cap_2250,grower_48,2025-04-11 08:03:00,1.347928,32.336492,Mahogany,Uganda,verified
cap_2251,grower_136,2025-01-01 21:53:00,20.524379,79.012623,Neem,India,verified
cap_2252,grower_10,2025-06-25 16:22:00,1.287781,32.391329,Mahogany,Uganda,verified
cap_2253,grower_95,2025-07-03 03:29:00,-1.225653,36.813773,Acacia,Kenya,verified
cap_2254,grower_104,2025-07-27 11:39:00,3.753813,11.437891,Acacia,Cameroon,verified
cap_2255,grower_150,2025-05-21 15:22:00,12.869027,121.758209,Avocado,Philippines,verified
cap_2256,grower_142,2025-01-17 03:43:00,1.250862,32.234934,Mahogany,Uganda,verified
cap_2257,grower_93,2025-04-29 10:10:00,20.624597,78.967436,Acacia,India,unverified
cap_2258,grower_149,2025-04-14 01:38:00,3.786552,11.482873,Mango,Cameroon,verified
cap_2259,grower_73,2025-03-05 12:47:00,1.4151,32.251579,Mahogany,Uganda,unverified
cap_2260,grower_7,2025-07-22 18:41:00,20.549787,79.03688,Acacia,India,verified
cap_2261,grower_52,2025-05-20 22:31:00,12.863996,121.794861,Mahogany,Philippines,verified
cap_2262,grower_60,2025-03-02 03:09:00,3.808079,11.520929,Mango,Cameroon,verified
cap_2263,grower_40,2025-02-07 14:19:00,3.78407,11.554347,Neem,Cameroon,verified
cap_2264,grower_76,2025-04-20 10:18:00,3.820683,11.459221,Acacia,Cameroon,verified
cap_2265,grower_24,2025-04-28 03:19:00,-1.245602,36.805527,Neem,Kenya,unverified
cap_2266,grower_90,2025-05-13 06:55:00,20.53504,79.049867,Mango,India,verified
cap_2267,grower_40,2025-01-15 12:39:00,3.850748,11.478402,Acacia,Cameroon,verified
cap_2268,grower_65,2025-04-22 15:28:00,3.722086,11.486605,Acacia,Cameroon,verified
cap_2269,grower_31,2025-03-09 07:28:00,20.605217,78.947809,Avocado,India,unverified
cap_2270,grower_58,2025-05-09 04:54:00,3.923556,11.514448,Avocado,Cameroon,verified
cap_2271,grower_106,2025-05-22 11:57:00,1.340443,32.306434,Moringa,Uganda,verified
cap_2272,grower_130,2025-07-10 14:38:00,1.424542,32.272905,Neem,Uganda,verified
cap_2273,grower_100,2025-03-13 12:41:00,-1.352434,36.795344,Acacia,Kenya,verified
cap_2274,grower_142,2025-03-06 03:12:00,1.29767,32.22605,Mango,Uganda,verified
cap_2275,grower_44,2025-05-05 05:00:00,3.843688,11.469318,Moringa,Cameroon,verified
cap_2276,grower_88,2025-02-17 21:13:00,-1.232792,36.741085,Avocado,Kenya,verified
cap_2277,grower_72,2025-01-23 15:29:00,1.382583,32.34556,Moringa,Uganda,unverified
cap_2278,grower_34,2025-04-20 02:15:00,-1.267025,36.918,Mahogany,Kenya,unverified
cap_2279,grower_110,2025-01-16 21:40:00,20.496166,78.920047,Avocado,India,verified
cap_2280,grower_44,2025-05-17 19:41:00,3.865449,11.556534,Mango,Cameroon,unverified
cap_2281,grower_143,2025-03-02 01:19:00,12.872792,121.763163,Avocado,Philippines,verified
cap_2282,grower_77,2025-07-01 03:38:00,-1.241137,36.828985,Acacia,Kenya,verified
cap_2283,grower_83,2025-04-05 14:36:00,1.340519,32.185105,Avocado,Uganda,verified
cap_2284,grower_103,2025-03-04 20:22:00,12.913744,121.772831,Acacia,Philippines,verified
cap_2285,grower_46,2025-01-17 05:14:00,-1.265774,36.870259,Acacia,Kenya,unverified
cap_2286,grower_131,2025-02-02 14:13:00,20.517204,79.065188,Neem,India,verified
cap_2287,grower_62,2025-01-09 05:32:00,12.784638,121.788469,Acacia,Philippines,verified
cap_2288,grower_23,2025-01-21 04:58:00,12.888836,121.702528,Mango,Philippines,verified
cap_2289,grower_23,2025-03-10 14:42:00,12.873438,121.779795,Mango,Philippines,verified
cap_2290,grower_146,2025-03-27 17:19:00,12.831914,121.785416,Acacia,Philippines,verified
cap_2291,grower_139,2025-04-14 02:46:00,3.769332,11.500384,Acacia,Cameroon,verified
cap_2292,grower_16,2025-03-09 22:51:00,3.810751,11.535375,Mango,Cameroon,verified
cap_2293,grower_16,2025-03-03 22:43:00,3.87704,11.52458,Avocado,Cameroon,verified
cap_2294,grower_90,2025-07-28 02:56:00,20.573526,78.991673,Avocado,India,verified
cap_2295,grower_119,2025-05-28 07:57:00,-1.320306,36.741918,Mahogany,Kenya,verified
cap_2296,grower_3,2025-02-21 04:22:00,20.55852,78.898371,Neem,India,verified
cap_2297,grower_54,2025-07-14 05:02:00,1.353849,32.324306,Moringa,Uganda,verified
cap_2298,grower_64,2025-01-22 06:10:00,3.812067,11.531119,Mahogany,Cameroon,verified
cap_2299,grower_101,2025-07-28 11:14:00,12.920988,121.855513,Mahogany,Philippines,verified
cap_2300,grower_53,2025-07-27 12:33:00,12.935271,121.815321,Mango,Philippines,verified
cap_2301,grower_19,2025-01-28 16:58:00,-1.372534,36.828768,Mango,Kenya,verified
cap_2302,grower_29,2025-01-04 06:32:00,12.854992,121.796601,Avocado,Philippines,unverified
cap_2303,grower_71,2025-01-13 14:51:00,-1.278282,36.846719,Acacia,Kenya,verified
cap_2304,grower_83,2025-07-13 08:49:00,1.342092,32.238448,Neem,Uganda,verified
cap_2305,grower_102,2025-04-10 00:00:00,-1.323614,36.811772,Moringa,Kenya,verified
cap_2306,grower_34,2025-06-07 06:05:00,-1.270397,36.729707,Acacia,Kenya,unverified
cap_2307,grower_71,2025-06-11 19:26:00,-1.257684,36.893725,Mango,Kenya,verified
cap_2308,grower_64,2025-04-18 20:39:00,3.855294,11.3981,Mahogany,Cameroon,unverified
cap_2309,grower_37,2025-07-21 03:33:00,20.573953,78.962393,Mahogany,India,verified
cap_2310,grower_75,2025-05-22 05:21:00,1.370368,32.235858,Mahogany,Uganda,verified
cap_2311,grower_146,2025-03-24 06:39:00,12.908953,121.793355,Acacia,Philippines,verified
cap_2312,grower_55,2025-05-24 23:17:00,20.574195,78.947421,Acacia,India,unverified
cap_2313,grower_81,2025-06-16 02:43:00,1.485741,32.300364,Mahogany,Uganda,verified
cap_2314,grower_87,2025-05-14 08:55:00,-1.330319,36.909657,Neem,Kenya,verified
cap_2315,grower_102,2025-05-04 14:47:00,-1.367551,36.89526,Moringa,Kenya,verified
cap_2316,grower_6,2025-06-20 02:01:00,3.756688,11.461986,Neem,Cameroon,verified
cap_2317,grower_111,2025-05-06 22:57:00,-1.249065,36.865709,Avocado,Kenya,verified
cap_2318,grower_13,2025-05-31 18:29:00,1.423668,32.333479,Neem,Uganda,verified
cap_2319,grower_111,2025-06-01 01:11:00,-1.218777,36.808522,Mango,Kenya,verified
cap_2320,grower_131,2025-02-15 00:00:00,20.515912,78.982572,Mahogany,India,unverified
cap_2321,grower_102,2025-06-05 04:37:00,-1.345912,36.861096,Neem,Kenya,verified
cap_2322,grower_100,2025-07-04 07:28:00,-1.325734,36.778579,Neem,Kenya,verified
cap_2323,grower_115,2025-04-07 17:27:00,-1.235006,36.815291,Moringa,Kenya,verified
cap_2324,grower_23,2025-02-25 23:56:00,12.89413,121.798908,Mango,Philippines,unverified
cap_2325,grower_6,2025-02-11 12:13:00,3.754394,11.522097,Acacia,Cameroon,verified
cap_2326,grower_69,2025-04-09 12:10:00,12.903427,121.777613,Acacia,Philippines,verified
cap_2327,grower_123,2025-06-10 20:56:00,1.360482,32.283818,Moringa,Uganda,unverified
cap_2328,grower_55,2025-04-13 23:47:00,20.657879,79.004325,Moringa,India,verified
cap_2329,grower_55,2025-02-20 11:14:00,20.623149,79.069127,Acacia,India,verified
cap_2330,grower_68,2025-07-11 08:33:00,3.870424,11.456936,Mango,Cameroon,verified
cap_2331,grower_102,2025-06-09 02:52:00,-1.308109,36.808217,Mango,Kenya,verified
cap_2332,grower_28,2025-03-21 07:18:00,3.877733,11.433468,Avocado,Cameroon,verified
cap_2333,grower_36,2025-04-22 14:11:00,1.422754,32.300372,Mahogany,Uganda,verified
cap_2334,grower_67,2025-02-25 15:18:00,3.764491,11.551859,Moringa,Cameroon,verified
cap_2335,grower_26,2025-01-15 05:46:00,20.667622,78.876524,Acacia,India,verified
cap_2336,grower_64,2025-05-11 21:48:00,3.86982,11.478607,Avocado,Cameroon,verified
cap_2337,grower_113,2025-06-11 13:54:00,1.391182,32.261835,Acacia,Uganda,verified
cap_2338,grower_86,2025-03-10 16:09:00,-1.297459,36.858253,Avocado,Kenya,verified
cap_2339,grower_126,2025-07-22 00:57:00,12.862858,121.709421,Mahogany,Philippines,verified
cap_2340,grower_113,2025-04-13 01:42:00,1.392558,32.297113,Mango,Uganda,verified
cap_2341,grower_97,2025-07-22 12:49:00,1.322838,32.243727,Avocado,Uganda,verified
cap_2342,grower_145,2025-01-12 19:49:00,12.827303,121.806339,Avocado,Philippines,verified
cap_2343,grower_37,2025-03-31 08:18:00,20.629364,78.982979,Acacia,India,verified
cap_2344,grower_142,2025-02-22 01:57:00,1.398863,32.217454,Neem,Uganda,verified
cap_2345,grower_136,2025-02-14 00:17:00,20.546505,79.019928,Moringa,India,verified
cap_2346,grower_68,2025-05-01 07:58:00,3.835113,11.548617,Acacia,Cameroon,verified
cap_2347,grower_39,2025-07-05 03:27:00,-1.278155,36.814888,Moringa,Kenya,verified
cap_2348,grower_36,2025-01-19 15:53:00,1.308648,32.300958,Mango,Uganda,verified
cap_2349,grower_80,2025-04-13 06:24:00,12.899253,121.634622,Moringa,Philippines,unverified
cap_2350,grower_126,2025-04-21 23:24:00,12.786231,121.80196,Mango,Philippines,verified
cap_2351,grower_128,2025-03-13 11:33:00,12.938576,121.688307,Acacia,Philippines,verified
cap_2352,grower_29,2025-03-14 19:02:00,12.753827,121.754953,Neem,Philippines,verified
cap_2353,grower_89,2025-06-03 09:24:00,12.937142,121.775671,Mahogany,Philippines,verified
cap_2354,grower_138,2025-01-26 13:07:00,3.838728,11.482525,Neem,Cameroon,verified
cap_2355,grower_79,2025-05-20 22:19:00,12.878243,121.793573,Acacia,Philippines,verified
cap_2356,grower_16,2025-02-22 20:55:00,3.872567,11.44094,Acacia,Cameroon,unverified
cap_2357,grower_42,2025-02-02 08:46:00,-1.220765,36.799562,Mahogany,Kenya,verified
cap_2358,grower_5,2025-07-28 18:50:00,1.339424,32.329377,Acacia,Uganda,verified
cap_2359,grower_53,2025-06-30 02:53:00,12.91092,121.733627,Avocado,Philippines,verified
cap_2360,grower_143,2025-01-03 14:27:00,12.904887,121.743533,Neem,Philippines,verified
cap_2361,grower_84,2025-01-14 14:13:00,1.325931,32.266643,Moringa,Uganda,verified
cap_2362,grower_19,2025-03-20 02:18:00,-1.375566,36.74549,Mahogany,Kenya,verified
cap_2363,grower_17,2025-07-02 08:41:00,12.966738,121.716477,Neem,Philippines,unverified
cap_2364,grower_95,2025-02-02 03:05:00,-1.358413,36.73945,Mahogany,Kenya,verified
cap_2365,grower_129,2025-03-14 21:20:00,1.345205,32.165674,Neem,Uganda,verified
cap_2366,grower_4,2025-06-29 11:25:00,1.409567,32.236683,Neem,Uganda,verified
cap_2367,grower_144,2025-07-05 00:47:00,12.777791,121.802045,Avocado,Philippines,verified
cap_2368,grower_144,2025-04-16 02:11:00,12.888324,121.701433,Mango,Philippines,verified
cap_2369,grower_89,2025-01-25 23:55:00,12.917969,121.730622,Mango,Philippines,verified
cap_2370,grower_113,2025-05-14 06:30:00,1.386192,32.277931,Mahogany,Uganda,verified
cap_2371,grower_25,2025-03-14 00:05:00,-1.283437,36.853268,Mahogany,Kenya,verified
cap_2372,grower_137,2025-06-17 00:37:00,12.839639,121.767107,Moringa,Philippines,verified
cap_2373,grower_142,2025-02-11 17:41:00,1.3292,32.396072,Mahogany,Uganda,verified
cap_2374,grower_96,2025-04-18 10:30:00,20.591337,78.980035,Avocado,India,verified
cap_2375,grower_79,2025-06-28 12:18:00,12.872506,121.825615,Avocado,Philippines,verified
cap_2376,grower_94,2025-07-04 10:49:00,20.561003,78.959213,Moringa,India,verified
cap_2377,grower_67,2025-06-10 21:47:00,3.88482,11.44918,Mango,Cameroon,verified
cap_2378,grower_9,2025-04-01 06:20:00,20.598485,78.984098,Acacia,India,verified
cap_2379,grower_149,2025-02-22 03:21:00,3.864252,11.48468,Avocado,Cameroon,unverified
cap_2380,grower_13,2025-04-15 02:52:00,1.343503,32.219983,Moringa,Uganda,verified
cap_2381,grower_67,2025-03-15 20:54:00,3.860389,11.489541,Acacia,Cameroon,verified
cap_2382,grower_135,2025-06-15 00:26:00,20.576313,78.975084,Mahogany,India,verified
cap_2383,grower_129,2025-04-04 17:11:00,1.373847,32.259013,Moringa,Uganda,verified
cap_2384,grower_143,2025-02-19 01:51:00,12.858452,121.645332,Avocado,Philippines,verified
cap_2385,grower_50,2025-05-20 03:45:00,12.836336,121.764159,Moringa,Philippines,verified
cap_2386,grower_132,2025-03-22 22:08:00,1.349245,32.325257,Moringa,Uganda,unverified
cap_2387,grower_77,2025-07-28 02:23:00,-1.310761,36.905319,Moringa,Kenya,verified
cap_2388,grower_80,2025-03-25 09:19:00,12.88256,121.708583,Mango,Philippines,verified
cap_2389,grower_93,2025-04-07 12:53:00,20.727939,78.946418,Avocado,India,unverified
cap_2390,grower_89,2025-01-20 15:35:00,12.880053,121.769966,Mango,Philippines,verified
cap_2391,grower_44,2025-05-24 12:09:00,3.892739,11.473142,Avocado,Cameroon,verified
cap_2392,grower_16,2025-04-05 01:13:00,3.87735,11.566398,Mahogany,Cameroon,verified
cap_2393,grower_51,2025-02-28 08:44:00,12.896543,121.853939,Mango,Philippines,verified
cap_2394,grower_57,2025-07-01 01:45:00,12.840003,121.758899,Mango,Philippines,verified
cap_2395,grower_63,2025-01-13 15:04:00,1.373965,32.331219,Mango,Uganda,verified
cap_2396,grower_62,2025-04-05 14:52:00,12.941036,121.748332,Neem,Philippines,verified
cap_2397,grower_63,2025-07-01 23:46:00,1.356265,32.31017,Moringa,Uganda,unverified
cap_2398,grower_138,2025-05-20 17:26:00,3.920541,11.435405,Mahogany,Cameroon,verified
cap_2399,grower_118,2025-06-02 21:02:00,20.638346,78.923846,Mango,India,verified
cap_2400,grower_113,2025-02-19 01:46:00,1.337964,32.178713,Mango,Uganda,verified
cap_2401,grower_67,2025-04-24 09:34:00,3.817202,11.535108,Moringa,Cameroon,unverified
cap_2402,grower_70,2025-07-20 21:39:00,12.892526,121.736845,Neem,Philippines,verified
cap_2403,grower_36,2025-04-30 21:41:00,1.410774,32.294529,Avocado,Uganda,verified
cap_2404,grower_110,2025-01-09 17:25:00,20.630804,79.018817,Avocado,India,verified
cap_2405,grower_70,2025-07-26 20:25:00,12.949302,121.742541,Mango,Philippines,verified
cap_2406,grower_43,2025-01-07 19:57:00,12.804654,121.777311,Mango,Philippines,verified
cap_2407,grower_46,2025-04-01 18:04:00,-1.297452,36.811067,Mahogany,Kenya,unverified
cap_2408,grower_111,2025-01-13 19:45:00,-1.296683,36.866954,Mango,Kenya,verified
cap_2409,grower_83,2025-05-26 07:33:00,1.425526,32.320186,Mango,Uganda,verified
cap_2410,grower_89,2025-04-10 02:24:00,12.724974,121.783383,Avocado,Philippines,verified
cap_2411,grower_130,2025-06-18 10:41:00,1.446645,32.330555,Moringa,Uganda,verified
cap_2412,grower_89,2025-01-02 21:13:00,12.90396,121.803282,Mahogany,Philippines,verified
cap_2413,grower_19,2025-04-24 07:35:00,-1.225243,36.840247,Avocado,Kenya,verified
cap_2414,grower_149,2025-04-12 02:48:00,3.896246,11.563866,Neem,Cameroon,unverified
cap_2415,grower_49,2025-07-18 11:53:00,3.738566,11.594771,Avocado,Cameroon,verified
cap_2416,grower_92,2025-06-14 01:51:00,-1.270537,36.841825,Acacia,Kenya,verified
cap_2417,grower_122,2025-07-04 17:57:00,12.871401,121.723016,Neem,Philippines,verified
cap_2418,grower_14,2025-06-21 13:29:00,3.82934,11.530257,Mango,Cameroon,verified
cap_2419,grower_28,2025-01-18 10:26:00,3.895564,11.491882,Mango,Cameroon,verified
cap_2420,grower_53,2025-04-21 14:09:00,12.917827,121.733723,Mahogany,Philippines,verified
cap_2421,grower_133,2025-07-12 08:34:00,12.865487,121.65826,Mahogany,Philippines,verified
cap_2422,grower_18,2025-06-08 13:17:00,1.422548,32.282597,Avocado,Uganda,verified
cap_2423,grower_59,2025-05-17 14:08:00,12.872091,121.801873,Mango,Philippines,unverified
cap_2424,grower_39,2025-03-07 04:25:00,-1.252503,36.735656,Neem,Kenya,verified
cap_2425,grower_83,2025-03-11 11:11:00,1.312187,32.305491,Neem,Uganda,unverified
cap_2426,grower_41,2025-03-22 16:02:00,12.926738,121.878112,Avocado,Philippines,verified
cap_2427,grower_70,2025-02-17 04:33:00,12.914129,121.687768,Moringa,Philippines,verified
cap_2428,grower_120,2025-06-11 10:31:00,3.754649,11.498121,Mango,Cameroon,unverified
cap_2429,grower_54,2025-06-29 09:44:00,1.405717,32.28686,Neem,Uganda,verified
cap_2430,grower_132,2025-01-10 18:37:00,1.436774,32.251231,Mahogany,Uganda,verified
cap_2431,grower_127,2025-07-28 04:18:00,1.368499,32.257405,Mahogany,Uganda,verified
cap_2432,grower_26,2025-02-24 14:18:00,20.565311,78.904584,Avocado,India,verified
cap_2433,grower_79,2025-03-05 18:38:00,12.853948,121.774011,Avocado,Philippines,verified
cap_2434,grower_62,2025-04-21 13:01:00,12.8882,121.704347,Neem,Philippines,verified
cap_2435,grower_9,2025-04-10 14:02:00,20.58746,78.932821,Mango,India,verified
cap_2436,grower_19,2025-02-20 10:37:00,-1.351065,36.86322,Mahogany,Kenya,verified
cap_2437,grower_24,2025-07-17 17:14:00,-1.227912,36.872027,Acacia,Kenya,verified
cap_2438,grower_133,2025-07-05 01:18:00,12.838239,121.765382,Avocado,Philippines,verified
cap_2439,grower_127,2025-05-11 05:55:00,1.35735,32.323965,Mahogany,Uganda,unverified
cap_2440,grower_29,2025-05-18 07:34:00,12.894729,121.737658,Mango,Philippines,verified
cap_2441,grower_96,2025-03-21 11:05:00,20.511037,78.939896,Moringa,India,unverified
cap_2442,grower_8,2025-07-05 02:02:00,20.501673,78.979928,Mango,India,verified
cap_2443,grower_3,2025-07-09 23:14:00,20.638181,78.974914,Mango,India,verified
cap_2444,grower_29,2025-01-06 08:10:00,12.937715,121.791435,Avocado,Philippines,verified
cap_2445,grower_119,2025-01-25 01:30:00,-1.27709,36.805567,Acacia,Kenya,verified
cap_2446,grower_45,2025-06-26 06:56:00,3.926311,11.538375,Mahogany,Cameroon,verified
cap_2447,grower_54,2025-02-23 09:58:00,1.385445,32.309425,Neem,Uganda,verified
cap_2448,grower_54,2025-07-17 20:51:00,1.443403,32.314478,Neem,Uganda,unverified
cap_2449,grower_65,2025-03-08 10:22:00,3.890326,11.445714,Moringa,Cameroon,verified
cap_2450,grower_87,2025-07-10 04:59:00,-1.25497,36.826173,Neem,Kenya,verified
cap_2451,grower_131,2025-02-18 03:05:00,20.635963,78.997293,Neem,India,verified
cap_2452,grower_130,2025-01-31 04:09:00,1.294809,32.262645,Neem,Uganda,verified
cap_2453,grower_44,2025-06-28 22:01:00,3.873243,11.49076,Acacia,Cameroon,verified
cap_2454,grower_48,2025-01-05 20:47:00,1.370289,32.313163,Mahogany,Uganda,unverified
cap_2455,grower_126,2025-02-23 05:45:00,12.818211,121.762367,Acacia,Philippines,unverified
cap_2456,grower_144,2025-02-14 14:11:00,12.825436,121.837916,Mango,Philippines,verified
cap_2457,grower_103,2025-06-06 21:33:00,12.8325,121.742362,Mango,Philippines,verified
cap_2458,grower_63,2025-04-13 13:11:00,1.407602,32.291025,Mahogany,Uganda,verified
cap_2459,grower_133,2025-04-24 10:06:00,12.844842,121.69333,Mahogany,Philippines,verified
cap_2460,grower_73,2025-02-27 21:16:00,1.440015,32.21751,Neem,Uganda,unverified
cap_2461,grower_71,2025-01-04 14:11:00,-1.32254,36.782092,Neem,Kenya,verified
cap_2462,grower_102,2025-04-10 10:45:00,-1.337294,36.813317,Neem,Kenya,unverified
cap_2463,grower_100,2025-01-29 05:56:00,-1.226135,36.710331,Neem,Kenya,verified
cap_2464,grower_10,2025-01-04 23:05:00,1.368445,32.286677,Avocado,Uganda,verified
cap_2465,grower_65,2025-07-04 10:16:00,3.846247,11.514822,Avocado,Cameroon,unverified
cap_2466,grower_16,2025-02-23 21:51:00,3.811799,11.483956,Avocado,Cameroon,verified
cap_2467,grower_114,2025-06-10 15:23:00,20.577816,78.948951,Mango,India,unverified
cap_2468,grower_54,2025-06-11 21:16:00,1.34142,32.373637,Neem,Uganda,verified
cap_2469,grower_124,2025-04-08 08:47:00,20.633029,78.878541,Acacia,India,verified
cap_2470,grower_108,2025-05-14 19:48:00,12.919183,121.792117,Acacia,Philippines,verified
cap_2471,grower_32,2025-05-31 11:28:00,12.859565,121.818523,Neem,Philippines,verified
cap_2472,grower_77,2025-01-07 15:17:00,-1.379071,36.850762,Neem,Kenya,verified
cap_2473,grower_142,2025-03-26 10:05:00,1.330257,32.291921,Mahogany,Uganda,unverified
cap_2474,grower_23,2025-03-12 02:10:00,12.963796,121.798038,Acacia,Philippines,verified
cap_2475,grower_55,2025-04-11 00:30:00,20.627147,78.914781,Neem,India,verified
cap_2476,grower_47,2025-04-04 17:49:00,3.818744,11.552638,Mango,Cameroon,verified
cap_2477,grower_46,2025-04-15 22:40:00,-1.362612,36.795912,Mahogany,Kenya,unverified
cap_2478,grower_66,2025-02-25 18:10:00,12.847023,121.786624,Avocado,Philippines,verified
cap_2479,grower_38,2025-06-01 17:57:00,1.344781,32.255256,Avocado,Uganda,verified
cap_2480,grower_39,2025-02-17 22:08:00,-1.238066,36.810035,Avocado,Kenya,verified
cap_2481,grower_135,2025-02-03 13:38:00,20.512305,78.913982,Mango,India,verified
cap_2482,grower_142,2025-01-11 10:59:00,1.413617,32.236328,Acacia,Uganda,unverified
cap_2483,grower_38,2025-04-14 17:04:00,1.405931,32.275813,Moringa,Uganda,verified
cap_2484,grower_60,2025-02-02 11:51:00,3.847213,11.490352,Avocado,Cameroon,unverified
cap_2485,grower_61,2025-04-08 03:17:00,3.95197,11.547045,Acacia,Cameroon,verified
cap_2486,grower_147,2025-05-19 19:55:00,12.890653,121.733367,Neem,Philippines,verified
cap_2487,grower_59,2025-01-21 13:29:00,12.825912,121.860074,Acacia,Philippines,verified
cap_2488,grower_10,2025-05-14 02:39:00,1.367105,32.231993,Acacia,Uganda,verified
cap_2489,grower_11,2025-07-04 23:08:00,12.940422,121.718267,Moringa,Philippines,verified
cap_2490,grower_148,2025-04-03 16:14:00,20.712306,78.99617,Mahogany,India,verified
cap_2491,grower_29,2025-04-20 13:19:00,12.839781,121.863242,Avocado,Philippines,verified
cap_2492,grower_136,2025-06-12 21:55:00,20.616898,79.049264,Acacia,India,verified
cap_2493,grower_62,2025-03-28 23:52:00,12.870801,121.795277,Acacia,Philippines,verified
cap_2494,grower_70,2025-07-10 12:23:00,12.871879,121.782065,Acacia,Philippines,verified
cap_2495,grower_1,2025-05-18 06:47:00,12.873777,121.813358,Neem,Philippines,verified
cap_2496,grower_110,2025-06-08 08:06:00,20.606687,78.925119,Avocado,India,unverified
cap_2497,grower_14,2025-05-29 18:39:00,3.845551,11.523321,Moringa,Cameroon,unverified
cap_2498,grower_136,2025-05-26 10:58:00,20.615774,78.961963,Mahogany,India,verified
cap_2499,grower_82,2025-06-04 17:54:00,-1.329687,36.843455,Neem,Kenya,verified
cap_2500,grower_87,2025-03-09 16:51:00,-1.275621,36.894037,Acacia,Kenya,verified
cap_2501,grower_42,2025-06-04 21:09:00,-1.266548,36.875142,Avocado,Kenya,verified
cap_2502,grower_128,2025-05-09 23:01:00,12.887301,121.748593,Avocado,Philippines,verified
cap_2503,grower_6,2025-07-05 00:16:00,3.886975,11.521475,Mango,Cameroon,verified
cap_2504,grower_122,2025-07-20 17:55:00,12.792965,121.750046,Neem,Philippines,verified
cap_2505,grower_8,2025-02-11 09:14:00,20.645503,78.940376,Neem,India,verified
cap_2506,grower_91,2025-03-16 15:41:00,20.680847,78.976152,Moringa,India,verified
cap_2507,grower_135,2025-04-26 06:16:00,20.560538,78.942007,Avocado,India,verified
cap_2508,grower_42,2025-02-10 02:03:00,-1.239582,36.763918,Mango,Kenya,verified
cap_2509,grower_96,2025-02-07 08:08:00,20.541997,78.973092,Neem,India,unverified
cap_2510,grower_70,2025-01-24 22:45:00,12.817016,121.784702,Neem,Philippines,unverified
cap_2511,grower_26,2025-03-11 03:20:00,20.541179,79.008767,Acacia,India,verified
cap_2512,grower_36,2025-03-15 21:37:00,1.454132,32.272888,Mango,Uganda,verified
cap_2513,grower_5,2025-02-20 12:44:00,1.314864,32.269066,Neem,Uganda,verified
cap_2514,grower_149,2025-05-25 04:05:00,3.839482,11.483946,Mango,Cameroon,verified
cap_2515,grower_43,2025-01-23 10:06:00,12.838732,121.825376,Acacia,Philippines,verified
cap_2516,grower_112,2025-01-30 20:15:00,20.617707,78.929279,Neem,India,verified
cap_2517,grower_122,2025-01-25 06:10:00,12.951579,121.733861,Neem,Philippines,verified
cap_2518,grower_102,2025-07-22 21:30:00,-1.314242,36.792364,Mahogany,Kenya,verified
cap_2519,grower_104,2025-03-10 14:29:00,3.863306,11.525187,Avocado,Cameroon,verified
cap_2520,grower_118,2025-06-14 14:23:00,20.539254,78.930035,Acacia,India,verified
cap_2521,grower_32,2025-02-12 01:46:00,12.823525,121.732667,Mango,Philippines,verified
cap_2522,grower_114,2025-02-27 18:44:00,20.572035,78.94713,Mango,India,verified
cap_2523,grower_64,2025-03-26 17:29:00,3.850524,11.429997,Moringa,Cameroon,verified
cap_2524,grower_115,2025-05-16 11:45:00,-1.320574,36.775673,Neem,Kenya,verified
cap_2525,grower_55,2025-05-29 06:45:00,20.644793,78.951996,Mango,India,verified
cap_2526,grower_129,2025-03-07 10:55:00,1.289816,32.331004,Neem,Uganda,verified
cap_2527,grower_65,2025-07-10 03:29:00,3.783388,11.585954,Mango,Cameroon,verified
cap_2528,grower_52,2025-06-06 02:42:00,12.96926,121.725583,Mango,Philippines,verified
cap_2529,grower_94,2025-04-12 07:23:00,20.499722,79.010048,Mango,India,verified
cap_2530,grower_82,2025-04-07 20:26:00,-1.292113,36.810693,Avocado,Kenya,verified
cap_2531,grower_35,2025-03-13 08:57:00,20.596195,78.928825,Mango,India,verified
cap_2532,grower_37,2025-06-30 09:12:00,20.56707,78.940208,Neem,India,verified
cap_2533,grower_142,2025-06-29 13:53:00,1.373528,32.2346,Acacia,Uganda,verified
cap_2534,grower_68,2025-01-06 17:18:00,3.915591,11.430797,Avocado,Cameroon,verified
cap_2535,grower_6,2025-07-01 21:07:00,3.833986,11.439695,Mahogany,Cameroon,unverified
cap_2536,grower_100,2025-06-23 04:03:00,-1.377581,36.751354,Acacia,Kenya,verified
cap_2537,grower_47,2025-01-18 20:07:00,3.83737,11.519137,Mango,Cameroon,unverified
cap_2538,grower_32,2025-06-27 04:26:00,12.838904,121.719464,Neem,Philippines,verified
cap_2539,grower_101,2025-02-05 02:39:00,12.898975,121.776256,Mango,Philippines,verified
cap_2540,grower_127,2025-07-29 02:29:00,1.326987,32.24913,Acacia,Uganda,verified
cap_2541,grower_97,2025-06-21 18:00:00,1.309872,32.395876,Mango,Uganda,verified
cap_2542,grower_114,2025-01-24 08:12:00,20.559051,78.999438,Moringa,India,unverified
cap_2543,grower_150,2025-06-14 06:11:00,12.931738,121.827799,Acacia,Philippines,verified
cap_2544,grower_90,2025-07-24 06:38:00,20.56069,78.973875,Acacia,India,verified
cap_2545,grower_52,2025-05-10 00:54:00,12.870646,121.81162,Acacia,Philippines,verified
cap_2546,grower_43,2025-03-08 09:22:00,12.839234,121.810646,Acacia,Philippines,verified
cap_2547,grower_104,2025-07-25 20:54:00,3.87624,11.456075,Moringa,Cameroon,unverified
cap_2548,grower_76,2025-02-15 00:27:00,3.917211,11.505213,Mahogany,Cameroon,verified
cap_2549,grower_134,2025-07-14 07:12:00,1.346869,32.312759,Mahogany,Uganda,unverified
cap_2550,grower_134,2025-05-19 15:47:00,1.431844,32.262786,Neem,Uganda,verified
cap_2551,grower_26,2025-04-10 20:10:00,20.604172,78.964485,Acacia,India,verified
cap_2552,grower_23,2025-01-17 07:05:00,12.79945,121.724005,Neem,Philippines,verified
cap_2553,grower_85,2025-02-08 10:55:00,-1.308611,36.785552,Avocado,Kenya,verified
cap_2554,grower_102,2025-06-22 17:07:00,-1.352596,36.916317,Acacia,Kenya,verified
cap_2555,grower_139,2025-06-16 04:59:00,3.791189,11.469213,Mango,Cameroon,verified
cap_2556,grower_100,2025-06-16 17:41:00,-1.298976,36.937203,Mahogany,Kenya,unverified
cap_2557,grower_13,2025-02-12 23:31:00,1.395505,32.261371,Acacia,Uganda,verified
cap_2558,grower_44,2025-04-22 23:22:00,3.88396,11.504089,Avocado,Cameroon,verified
cap_2559,grower_120,2025-06-07 22:03:00,3.872473,11.520633,Avocado,Cameroon,verified
cap_2560,grower_86,2025-07-01 23:23:00,-1.36559,36.797762,Mahogany,Kenya,verified
cap_2561,grower_96,2025-06-16 22:16:00,20.545103,78.959016,Moringa,India,verified
cap_2562,grower_135,2025-05-16 11:35:00,20.582346,78.980866,Mango,India,verified
cap_2563,grower_150,2025-07-07 01:35:00,12.895826,121.756811,Avocado,Philippines,verified
cap_2564,grower_1,2025-01-22 08:34:00,12.882617,121.814705,Mahogany,Philippines,verified
cap_2565,grower_38,2025-05-19 16:36:00,1.343083,32.268273,Mango,Uganda,verified
cap_2566,grower_123,2025-02-08 02:17:00,1.408237,32.263193,Neem,Uganda,verified
cap_2567,grower_27,2025-07-08 00:35:00,20.523181,78.884567,Neem,India,verified
cap_2568,grower_28,2025-04-09 21:00:00,3.827431,11.507676,Moringa,Cameroon,verified
cap_2569,grower_122,2025-03-21 02:32:00,12.847948,121.734588,Mango,Philippines,verified
cap_2570,grower_92,2025-06-15 16:32:00,-1.284458,36.748677,Mango,Kenya,verified
cap_2571,grower_36,2025-03-21 16:27:00,1.331083,32.225532,Mango,Uganda,verified
cap_2572,grower_139,2025-02-14 06:10:00,3.855272,11.529263,Moringa,Cameroon,unverified
cap_2573,grower_40,2025-04-30 01:20:00,3.797327,11.514381,Mahogany,Cameroon,verified
cap_2574,grower_57,2025-01-10 20:50:00,12.848032,121.707398,Neem,Philippines,verified
cap_2575,grower_36,2025-01-04 22:13:00,1.347401,32.308268,Moringa,Uganda,verified
cap_2576,grower_119,2025-06-02 22:40:00,-1.294484,36.756553,Moringa,Kenya,unverified
cap_2577,grower_44,2025-05-05 21:35:00,3.821094,11.474663,Mango,Cameroon,verified
cap_2578,grower_95,2025-01-21 12:25:00,-1.287234,36.960373,Avocado,Kenya,verified
cap_2579,grower_43,2025-02-20 09:27:00,12.850018,121.791537,Moringa,Philippines,verified
cap_2580,grower_34,2025-05-31 10:54:00,-1.250393,36.832611,Mahogany,Kenya,verified
cap_2581,grower_17,2025-07-23 23:22:00,12.928773,121.804597,Mahogany,Philippines,unverified
cap_2582,grower_144,2025-06-10 05:23:00,12.875918,121.75167,Moringa,Philippines,unverified
cap_2583,grower_71,2025-05-07 05:16:00,-1.306875,36.848109,Moringa,Kenya,verified
cap_2584,grower_139,2025-07-23 06:01:00,3.820789,11.652034,Acacia,Cameroon,verified
cap_2585,grower_8,2025-06-01 22:25:00,20.56933,78.942009,Mahogany,India,verified
cap_2586,grower_125,2025-07-01 17:22:00,-1.277736,36.763902,Mango,Kenya,verified
cap_2587,grower_138,2025-06-06 00:14:00,3.828394,11.622046,Moringa,Cameroon,verified
cap_2588,grower_99,2025-07-15 01:54:00,3.845933,11.538886,Mango,Cameroon,verified
cap_2589,grower_75,2025-03-04 11:05:00,1.319827,32.215876,Neem,Uganda,unverified
cap_2590,grower_93,2025-01-29 11:23:00,20.712643,79.011918,Neem,India,verified
cap_2591,grower_55,2025-01-13 04:57:00,20.557501,78.932222,Avocado,India,verified
cap_2592,grower_87,2025-02-16 21:09:00,-1.286457,36.82495,Mango,Kenya,verified
cap_2593,grower_12,2025-02-12 22:33:00,20.559437,78.997209,Neem,India,verified
cap_2594,grower_101,2025-06-15 20:55:00,12.871404,121.858409,Mahogany,Philippines,verified
cap_2595,grower_86,2025-06-05 18:20:00,-1.319314,36.851274,Avocado,Kenya,verified
cap_2596,grower_117,2025-07-15 10:18:00,3.905985,11.510119,Moringa,Cameroon,verified
cap_2597,grower_28,2025-05-06 05:38:00,3.741866,11.546053,Avocado,Cameroon,verified
cap_2598,grower_110,2025-01-23 22:30:00,20.54287,78.881597,Avocado,India,verified
cap_2599,grower_46,2025-04-28 02:42:00,-1.346682,36.837065,Mango,Kenya,unverified
cap_2600,grower_63,2025-06-01 01:13:00,1.344437,32.301044,Avocado,Uganda,verified
cap_2601,grower_10,2025-05-26 15:36:00,1.349227,32.279559,Mahogany,Uganda,verified
cap_2602,grower_75,2025-02-15 05:15:00,1.379646,32.262402,Mango,Uganda,unverified
cap_2603,grower_97,2025-07-17 10:27:00,1.380118,32.226348,Neem,Uganda,verified
cap_2604,grower_93,2025-02-18 05:38:00,20.650489,78.869479,Mango,India,verified
cap_2605,grower_49,2025-05-06 10:09:00,3.856764,11.427639,Acacia,Cameroon,verified
cap_2606,grower_136,2025-05-23 10:43:00,20.605355,78.938742,Avocado,India,verified
cap_2607,grower_62,2025-02-10 03:20:00,12.902917,121.786886,Moringa,Philippines,verified
cap_2608,grower_101,2025-07-14 16:57:00,12.848277,121.720317,Neem,Philippines,unverified
cap_2609,grower_69,2025-02-15 15:08:00,12.870707,121.737708,Mahogany,Philippines,verified
cap_2610,grower_81,2025-05-10 17:17:00,1.377855,32.293434,Mango,Uganda,verified
cap_2611,grower_145,2025-04-13 12:08:00,12.852804,121.811293,Mahogany,Philippines,unverified
cap_2612,grower_18,2025-04-01 18:01:00,1.444737,32.22204,Moringa,Uganda,verified
cap_2613,grower_85,2025-04-22 17:50:00,-1.228541,36.880223,Moringa,Kenya,verified
cap_2614,grower_84,2025-05-23 23:43:00,1.349452,32.30855,Mango,Uganda,verified
cap_2615,grower_140,2025-04-22 22:19:00,1.446122,32.311883,Avocado,Uganda,verified
cap_2616,grower_26,2025-02-16 18:39:00,20.587089,78.968619,Avocado,India,verified
cap_2617,grower_17,2025-04-08 05:04:00,12.930166,121.833276,Mahogany,Philippines,verified
cap_2618,grower_77,2025-06-24 11:24:00,-1.32904,36.795586,Avocado,Kenya,unverified
cap_2619,grower_150,2025-04-03 00:20:00,12.932572,121.765769,Neem,Philippines,unverified
cap_2620,grower_91,2025-03-16 14:37:00,20.59094,78.931539,Avocado,India,unverified
cap_2621,grower_133,2025-04-29 21:03:00,12.831377,121.793303,Mango,Philippines,verified
cap_2622,grower_136,2025-04-26 19:14:00,20.563902,78.922645,Mahogany,India,verified
cap_2623,grower_145,2025-04-08 20:39:00,12.92907,121.726413,Acacia,Philippines,verified
cap_2624,grower_122,2025-01-27 07:34:00,12.90838,121.751788,Mahogany,Philippines,verified
cap_2625,grower_98,2025-07-26 20:56:00,3.879553,11.56713,Neem,Cameroon,verified
cap_2626,grower_71,2025-05-20 20:59:00,-1.271455,36.852632,Moringa,Kenya,verified
cap_2627,grower_133,2025-04-13 16:44:00,12.949006,121.797968,Avocado,Philippines,verified
cap_2628,grower_60,2025-02-01 14:22:00,3.771033,11.510208,Moringa,Cameroon,unverified
cap_2629,grower_3,2025-03-29 14:36:00,20.621237,79.007948,Moringa,India,verified
cap_2630,grower_77,2025-05-19 01:17:00,-1.398621,36.816263,Avocado,Kenya,verified
cap_2631,grower_124,2025-04-08 16:46:00,20.537423,78.911112,Mango,India,verified
cap_2632,grower_35,2025-06-25 07:15:00,20.60814,78.965993,Avocado,India,verified
cap_2633,grower_55,2025-06-10 01:01:00,20.707672,79.008903,Acacia,India,unverified
cap_2634,grower_31,2025-01-10 05:07:00,20.656198,78.964796,Moringa,India,unverified
cap_2635,grower_3,2025-03-20 23:43:00,20.705564,78.970653,Mahogany,India,verified
cap_2636,grower_120,2025-01-17 18:13:00,3.835254,11.5484,Mahogany,Cameroon,verified
cap_2637,grower_114,2025-07-16 00:46:00,20.607369,78.980304,Avocado,India,verified
cap_2638,grower_135,2025-06-20 09:48:00,20.491816,78.92638,Mango,India,verified
cap_2639,grower_18,2025-05-02 06:00:00,1.458448,32.307453,Avocado,Uganda,verified
cap_2640,grower_150,2025-07-15 17:35:00,12.915057,121.72436,Moringa,Philippines,verified
cap_2641,grower_1,2025-04-18 22:00:00,12.882723,121.813076,Mahogany,Philippines,verified
cap_2642,grower_105,2025-03-02 12:16:00,-1.430984,36.800423,Neem,Kenya,unverified
cap_2643,grower_126,2025-07-09 09:19:00,12.884441,121.74706,Avocado,Philippines,verified
cap_2644,grower_11,2025-04-03 10:27:00,12.899053,121.788257,Acacia,Philippines,verified
cap_2645,grower_37,2025-07-20 04:57:00,20.585731,79.002014,Neem,India,verified
cap_2646,grower_48,2025-07-04 22:05:00,1.442006,32.307621,Mango,Uganda,verified
cap_2647,grower_77,2025-07-29 07:45:00,-1.374432,36.789523,Mango,Kenya,unverified
cap_2648,grower_73,2025-03-07 01:48:00,1.334372,32.232336,Acacia,Uganda,verified
cap_2649,grower_52,2025-06-28 03:31:00,12.837686,121.880484,Avocado,Philippines,verified
cap_2650,grower_51,2025-06-20 01:12:00,12.767108,121.765128,Moringa,Philippines,verified
cap_2651,grower_106,2025-04-05 09:06:00,1.345569,32.252252,Moringa,Uganda,verified
cap_2652,grower_134,2025-05-15 08:42:00,1.403998,32.337881,Acacia,Uganda,verified
cap_2653,grower_80,2025-06-07 06:07:00,12.843754,121.805348,Neem,Philippines,unverified
cap_2654,grower_150,2025-02-06 04:05:00,12.927608,121.801415,Moringa,Philippines,unverified
cap_2655,grower_38,2025-03-21 06:50:00,1.455485,32.350495,Neem,Uganda,verified
cap_2656,grower_102,2025-05-27 14:57:00,-1.37838,36.852496,Moringa,Kenya,verified
cap_2657,grower_27,2025-07-18 00:16:00,20.666483,79.004682,Avocado,India,verified
cap_2658,grower_138,2025-06-02 14:15:00,3.889517,11.50848,Avocado,Cameroon,verified
cap_2659,grower_102,2025-04-07 03:02:00,-1.315834,36.738413,Mahogany,Kenya,verified
cap_2660,grower_77,2025-05-27 16:49:00,-1.266033,36.878766,Mango,Kenya,verified
cap_2661,grower_2,2025-01-23 22:13:00,1.400226,32.239195,Mahogany,Uganda,unverified
cap_2662,grower_136,2025-04-25 19:32:00,20.558468,78.918742,Mango,India,verified
cap_2663,grower_71,2025-01-16 23:33:00,-1.323327,36.802198,Mahogany,Kenya,verified
cap_2664,grower_2,2025-07-23 09:57:00,1.344209,32.267752,Mango,Uganda,verified
cap_2665,grower_21,2025-01-01 02:20:00,3.843176,11.551565,Mahogany,Cameroon,verified
cap_2666,grower_7,2025-06-27 15:21:00,20.549197,78.99924,Acacia,India,verified
cap_2667,grower_108,2025-06-15 09:01:00,12.836197,121.729953,Avocado,Philippines,verified
cap_2668,grower_101,2025-03-16 03:13:00,12.890137,121.716049,Neem,Philippines,verified
cap_2669,grower_40,2025-01-15 16:50:00,3.923827,11.536069,Moringa,Cameroon,verified
cap_2670,grower_36,2025-07-04 16:45:00,1.37345,32.249121,Mahogany,Uganda,verified
cap_2671,grower_99,2025-06-11 08:22:00,3.880269,11.526515,Avocado,Cameroon,verified
cap_2672,grower_14,2025-02-12 06:26:00,3.854391,11.394796,Mango,Cameroon,unverified
cap_2673,grower_96,2025-03-20 14:59:00,20.571952,78.841519,Acacia,India,verified
cap_2674,grower_75,2025-01-03 01:42:00,1.424822,32.318308,Mango,Uganda,verified
cap_2675,grower_91,2025-01-03 22:11:00,20.576348,78.823494,Mango,India,verified
cap_2676,grower_39,2025-01-15 12:54:00,-1.300993,36.786644,Neem,Kenya,verified
cap_2677,grower_9,2025-03-17 00:29:00,20.514336,78.894773,Acacia,India,verified
cap_2678,grower_54,2025-01-07 15:35:00,1.252064,32.220894,Mahogany,Uganda,verified
cap_2679,grower_142,2025-01-16 22:11:00,1.340245,32.325935,Neem,Uganda,verified
cap_2680,grower_84,2025-07-24 12:00:00,1.353712,32.244116,Acacia,Uganda,verified
cap_2681,grower_42,2025-01-22 02:07:00,-1.300963,36.814996,Avocado,Kenya,verified
cap_2682,grower_97,2025-02-13 22:35:00,1.446812,32.252965,Avocado,Uganda,verified
cap_2683,grower_62,2025-05-15 23:14:00,12.99459,121.828694,Mahogany,Philippines,verified
cap_2684,grower_138,2025-07-25 16:39:00,3.864611,11.479301,Mahogany,Cameroon,verified
cap_2685,grower_104,2025-04-18 08:54:00,3.843234,11.389871,Neem,Cameroon,unverified
cap_2686,grower_108,2025-05-09 22:10:00,12.924546,121.727848,Avocado,Philippines,verified
cap_2687,grower_46,2025-03-10 12:59:00,-1.244623,36.874512,Neem,Kenya,verified
cap_2688,grower_44,2025-04-28 00:09:00,3.945946,11.412172,Mahogany,Cameroon,verified
cap_2689,grower_37,2025-01-13 23:33:00,20.501262,78.84681,Avocado,India,verified
cap_2690,grower_48,2025-01-06 06:12:00,1.39608,32.347611,Mango,Uganda,unverified
cap_2691,grower_42,2025-07-06 06:27:00,-1.324854,36.753247,Mahogany,Kenya,verified
cap_2692,grower_34,2025-07-08 15:17:00,-1.330265,36.803357,Avocado,Kenya,verified
cap_2693,grower_119,2025-02-11 03:13:00,-1.32902,36.85568,Neem,Kenya,verified
cap_2694,grower_20,2025-06-26 07:39:00,12.852012,121.796892,Mango,Philippines,verified
cap_2695,grower_130,2025-04-22 22:45:00,1.3841,32.308819,Mango,Uganda,verified
cap_2696,grower_83,2025-07-23 16:24:00,1.358091,32.273442,Mahogany,Uganda,verified
cap_2697,grower_98,2025-03-04 18:32:00,3.887703,11.536151,Neem,Cameroon,verified
cap_2698,grower_89,2025-04-18 12:55:00,12.876385,121.72044,Neem,Philippines,verified
cap_2699,grower_119,2025-07-08 02:39:00,-1.408878,36.855011,Mahogany,Kenya,verified
cap_2700,grower_146,2025-04-25 05:27:00,12.85199,121.72598,Mango,Philippines,verified
cap_2701,grower_38,2025-04-17 15:15:00,1.348951,32.294502,Mahogany,Uganda,verified
cap_2702,grower_147,2025-04-30 22:00:00,12.982248,121.762143,Avocado,Philippines,verified
cap_2703,grower_33,2025-07-05 06:14:00,12.755365,121.813647,Avocado,Philippines,unverified
cap_2704,grower_96,2025-03-14 03:31:00,20.591458,79.072049,Acacia,India,verified
cap_2705,grower_7,2025-01-19 19:26:00,20.574093,78.957415,Mahogany,India,verified
cap_2706,grower_138,2025-07-22 22:31:00,3.88527,11.482855,Acacia,Cameroon,verified
cap_2707,grower_52,2025-01-03 06:38:00,12.939424,121.729682,Acacia,Philippines,verified
cap_2708,grower_50,2025-05-12 11:33:00,12.859898,121.807259,Mango,Philippines,unverified
cap_2709,grower_40,2025-05-16 09:58:00,3.812417,11.489703,Acacia,Cameroon,verified
cap_2710,grower_3,2025-07-29 08:54:00,20.649776,78.936854,Moringa,India,verified
cap_2711,grower_17,2025-04-20 03:04:00,12.898868,121.759866,Mahogany,Philippines,verified
cap_2712,grower_143,2025-02-10 05:01:00,12.835069,121.796668,Neem,Philippines,verified
cap_2713,grower_5,2025-01-05 02:20:00,1.407548,32.214798,Moringa,Uganda,unverified
cap_2714,grower_50,2025-03-23 18:27:00,12.958519,121.728064,Avocado,Philippines,verified
cap_2715,grower_60,2025-04-08 18:34:00,3.935818,11.521178,Neem,Cameroon,unverified
cap_2716,grower_132,2025-03-22 04:00:00,1.321446,32.328923,Mahogany,Uganda,unverified
cap_2717,grower_25,2025-01-19 00:14:00,-1.192803,36.816501,Mango,Kenya,verified
cap_2718,grower_60,2025-06-20 02:39:00,3.866232,11.572977,Neem,Cameroon,verified
cap_2719,grower_133,2025-05-13 16:36:00,12.938025,121.769041,Avocado,Philippines,verified
cap_2720,grower_66,2025-06-29 21:30:00,12.896797,121.779327,Avocado,Philippines,verified
cap_2721,grower_56,2025-07-27 09:28:00,-1.204627,36.945813,Avocado,Kenya,verified
cap_2722,grower_24,2025-06-24 13:47:00,-1.348786,36.827298,Mango,Kenya,verified
cap_2723,grower_137,2025-04-26 06:58:00,12.881346,121.778111,Avocado,Philippines,verified
cap_2724,grower_10,2025-04-09 15:11:00,1.370444,32.377864,Neem,Uganda,verified
cap_2725,grower_133,2025-04-22 02:14:00,12.921485,121.706084,Moringa,Philippines,unverified
cap_2726,grower_112,2025-05-21 04:20:00,20.632731,78.926842,Mango,India,verified
cap_2727,grower_68,2025-01-25 18:15:00,3.815371,11.555449,Mango,Cameroon,verified
cap_2728,grower_58,2025-04-07 13:50:00,3.890973,11.456089,Acacia,Cameroon,verified
cap_2729,grower_27,2025-03-30 17:48:00,20.658625,78.921422,Avocado,India,verified
cap_2730,grower_67,2025-04-01 17:45:00,3.824426,11.532109,Acacia,Cameroon,verified
cap_2731,grower_128,2025-01-06 00:38:00,12.882623,121.768481,Moringa,Philippines,verified
cap_2732,grower_108,2025-02-27 21:56:00,12.882593,121.775581,Neem,Philippines,verified
cap_2733,grower_144,2025-07-05 19:21:00,12.86293,121.76851,Acacia,Philippines,unverified
cap_2734,grower_19,2025-04-22 07:41:00,-1.280838,36.730467,Neem,Kenya,verified
cap_2735,grower_130,2025-01-07 23:54:00,1.324926,32.354996,Neem,Uganda,verified
cap_2736,grower_89,2025-06-10 14:23:00,12.940416,121.782239,Avocado,Philippines,unverified
cap_2737,grower_4,2025-01-23 03:36:00,1.222309,32.263845,Mango,Uganda,verified
cap_2738,grower_17,2025-05-28 14:55:00,12.953369,121.918111,Mango,Philippines,verified
cap_2739,grower_31,2025-04-02 19:32:00,20.632681,78.976785,Mahogany,India,unverified
cap_2740,grower_70,2025-06-10 01:14:00,12.908498,121.769118,Neem,Philippines,verified
cap_2741,grower_111,2025-07-11 14:43:00,-1.269127,36.824057,Mango,Kenya,verified
cap_2742,grower_141,2025-01-29 08:13:00,-1.339155,36.76947,Mahogany,Kenya,verified
cap_2743,grower_102,2025-06-08 03:51:00,-1.262076,36.87843,Acacia,Kenya,verified
cap_2744,grower_10,2025-04-01 07:35:00,1.400229,32.283065,Moringa,Uganda,verified
cap_2745,grower_126,2025-06-27 20:30:00,12.817275,121.790969,Mango,Philippines,verified
cap_2746,grower_122,2025-03-08 10:44:00,12.83315,121.70353,Mango,Philippines,unverified
cap_2747,grower_66,2025-05-18 09:21:00,12.865105,121.800914,Neem,Philippines,verified
cap_2748,grower_92,2025-03-16 23:28:00,-1.270389,36.868709,Neem,Kenya,verified
cap_2749,grower_67,2025-05-31 19:07:00,3.822091,11.57238,Mahogany,Cameroon,verified
cap_2750,grower_36,2025-04-07 15:23:00,1.395453,32.349501,Avocado,Uganda,verified
cap_2751,grower_81,2025-06-25 12:27:00,1.417115,32.337688,Acacia,Uganda,verified
cap_2752,grower_135,2025-01-09 12:14:00,20.57285,78.921375,Mahogany,India,verified
cap_2753,grower_80,2025-03-24 04:27:00,12.919209,121.813013,Acacia,Philippines,verified
cap_2754,grower_92,2025-05-12 15:25:00,-1.292066,36.896076,Mahogany,Kenya,verified
cap_2755,grower_37,2025-02-16 06:40:00,20.563121,79.001226,Mahogany,India,verified
cap_2756,grower_50,2025-05-03 02:08:00,12.899263,121.666021,Mango,Philippines,verified
cap_2757,grower_83,2025-04-14 12:23:00,1.330857,32.241978,Moringa,Uganda,verified
cap_2758,grower_93,2025-03-11 11:00:00,20.649073,78.957889,Acacia,India,verified
cap_2759,grower_54,2025-04-19 11:32:00,1.350751,32.271205,Moringa,Uganda,verified
cap_2760,grower_48,2025-01-02 10:38:00,1.306046,32.300462,Mahogany,Uganda,verified
cap_2761,grower_40,2025-02-02 18:05:00,3.796068,11.511854,Mahogany,Cameroon,unverified
cap_2762,grower_49,2025-03-10 08:12:00,3.844432,11.489492,Mango,Cameroon,verified
cap_2763,grower_46,2025-07-28 04:28:00,-1.311676,36.847983,Acacia,Kenya,verified
cap_2764,grower_146,2025-02-20 10:29:00,12.923115,121.737115,Acacia,Philippines,verified
cap_2765,grower_34,2025-04-01 19:07:00,-1.357966,36.746211,Neem,Kenya,verified
cap_2766,grower_96,2025-02-26 16:56:00,20.521419,78.943983,Neem,India,verified
cap_2767,grower_29,2025-01-04 06:32:00,12.870456,121.687054,Mango,Philippines,verified
cap_2768,grower_86,2025-07-25 21:01:00,-1.278176,36.741454,Mahogany,Kenya,verified
cap_2769,grower_47,2025-07-23 05:38:00,3.898771,11.519008,Moringa,Cameroon,verified
cap_2770,grower_29,2025-01-05 01:15:00,12.886687,121.675034,Neem,Philippines,verified
cap_2771,grower_130,2025-07-21 21:16:00,1.397183,32.370095,Mango,Uganda,verified
cap_2772,grower_72,2025-05-07 10:18:00,1.40682,32.323317,Avocado,Uganda,verified
cap_2773,grower_139,2025-02-28 03:35:00,3.884685,11.536221,Avocado,Cameroon,verified
cap_2774,grower_98,2025-02-11 20:03:00,3.84103,11.535545,Avocado,Cameroon,verified
cap_2775,grower_94,2025-06-02 16:53:00,20.538101,78.877248,Avocado,India,verified
cap_2776,grower_69,2025-01-06 19:31:00,12.916139,121.779431,Acacia,Philippines,verified
cap_2777,grower_28,2025-03-29 00:55:00,3.892391,11.501714,Mango,Cameroon,unverified
cap_2778,grower_25,2025-01-31 17:53:00,-1.350171,36.892207,Mango,Kenya,unverified
cap_2779,grower_138,2025-06-11 00:18:00,3.828391,11.557897,Mahogany,Cameroon,verified
cap_2780,grower_129,2025-03-25 23:19:00,1.426034,32.326769,Mahogany,Uganda,unverified
cap_2781,grower_145,2025-06-15 11:47:00,12.949538,121.694466,Moringa,Philippines,verified
cap_2782,grower_145,2025-07-13 20:19:00,12.884712,121.791656,Acacia,Philippines,unverified
cap_2783,grower_113,2025-04-27 09:58:00,1.396319,32.27885,Avocado,Uganda,verified
cap_2784,grower_7,2025-01-23 15:20:00,20.430012,78.918039,Mango,India,verified
cap_2785,grower_92,2025-04-13 08:02:00,-1.318218,36.829149,Neem,Kenya,verified
cap_2786,grower_103,2025-02-19 04:39:00,12.813582,121.778281,Avocado,Philippines,verified
cap_2787,grower_39,2025-06-02 15:22:00,-1.290938,36.763796,Moringa,Kenya,verified
cap_2788,grower_33,2025-07-02 21:44:00,12.965882,121.787059,Neem,Philippines,verified
cap_2789,grower_111,2025-01-21 10:38:00,-1.217232,36.904145,Neem,Kenya,verified
cap_2790,grower_124,2025-03-18 04:56:00,20.571465,78.990621,Avocado,India,verified
cap_2791,grower_75,2025-04-23 03:48:00,1.330231,32.323474,Avocado,Uganda,unverified
cap_2792,grower_11,2025-07-13 11:06:00,12.878018,121.73386,Moringa,Philippines,verified
cap_2793,grower_139,2025-03-31 07:33:00,3.87478,11.510005,Moringa,Cameroon,verified
cap_2794,grower_60,2025-05-10 15:52:00,3.789358,11.542863,Moringa,Cameroon,verified
cap_2795,grower_22,2025-07-03 12:12:00,1.427217,32.28727,Mahogany,Uganda,verified
cap_2796,grower_65,2025-01-19 06:23:00,3.821769,11.558882,Neem,Cameroon,verified
cap_2797,grower_104,2025-03-25 19:55:00,3.837567,11.46906,Acacia,Cameroon,unverified
cap_2798,grower_149,2025-02-24 14:31:00,3.874025,11.523017,Acacia,Cameroon,verified
cap_2799,grower_93,2025-07-16 22:34:00,20.683151,78.988934,Acacia,India,unverified
cap_2800,grower_40,2025-01-16 13:35:00,3.860787,11.521028,Moringa,Cameroon,verified
cap_2801,grower_22,2025-06-14 07:29:00,1.386841,32.344208,Moringa,Uganda,verified
cap_2802,grower_113,2025-03-04 19:07:00,1.351101,32.189239,Acacia,Uganda,verified
cap_2803,grower_97,2025-03-05 19:48:00,1.337491,32.22369,Neem,Uganda,verified
cap_2804,grower_56,2025-02-22 05:56:00,-1.292083,36.835218,Mango,Kenya,verified
cap_2805,grower_29,2025-04-21 17:39:00,12.887164,121.732161,Neem,Philippines,verified
cap_2806,grower_20,2025-01-01 21:38:00,12.883325,121.668322,Avocado,Philippines,verified
cap_2807,grower_59,2025-01-27 04:21:00,12.79769,121.776476,Mahogany,Philippines,unverified
cap_2808,grower_31,2025-07-01 02:48:00,20.601991,78.970176,Acacia,India,verified
cap_2809,grower_23,2025-07-29 04:12:00,12.907874,121.72246,Acacia,Philippines,verified
cap_2810,grower_106,2025-04-20 22:24:00,1.229244,32.279852,Neem,Uganda,verified
cap_2811,grower_41,2025-07-13 19:57:00,12.896428,121.758701,Mahogany,Philippines,verified
cap_2812,grower_85,2025-02-10 00:55:00,-1.171052,36.816368,Acacia,Kenya,verified
cap_2813,grower_147,2025-03-10 17:26:00,12.878076,121.75291,Mahogany,Philippines,verified
cap_2814,grower_53,2025-06-26 03:14:00,12.965323,121.742941,Avocado,Philippines,verified
cap_2815,grower_150,2025-06-16 11:48:00,12.921413,121.813283,Mahogany,Philippines,verified
cap_2816,grower_97,2025-02-21 14:48:00,1.434695,32.202003,Mango,Uganda,verified
cap_2817,grower_134,2025-01-16 19:57:00,1.358547,32.311269,Moringa,Uganda,verified
cap_2818,grower_18,2025-07-27 18:36:00,1.375959,32.2888,Moringa,Uganda,verified
cap_2819,grower_39,2025-07-05 16:32:00,-1.295129,36.766425,Mango,Kenya,verified
cap_2820,grower_104,2025-04-29 23:40:00,3.961261,11.474428,Moringa,Cameroon,verified
cap_2821,grower_147,2025-04-17 14:16:00,12.982246,121.743727,Mango,Philippines,verified
cap_2822,grower_105,2025-07-28 17:53:00,-1.34777,36.794128,Acacia,Kenya,verified
cap_2823,grower_72,2025-05-01 22:13:00,1.314627,32.350071,Acacia,Uganda,verified
cap_2824,grower_107,2025-04-18 09:48:00,20.66254,78.904143,Avocado,India,verified
cap_2825,grower_57,2025-03-05 17:51:00,12.846222,121.805374,Mahogany,Philippines,unverified
cap_2826,grower_4,2025-01-04 06:35:00,1.360092,32.284606,Neem,Uganda,verified
cap_2827,grower_93,2025-07-01 00:01:00,20.588155,78.959455,Mango,India,verified
cap_2828,grower_146,2025-02-12 11:38:00,12.886816,121.724888,Mahogany,Philippines,verified
cap_2829,grower_68,2025-05-10 13:10:00,3.889785,11.527008,Avocado,Cameroon,unverified
cap_2830,grower_140,2025-03-31 03:18:00,1.453861,32.263203,Neem,Uganda,verified
cap_2831,grower_89,2025-05-19 19:43:00,12.874342,121.704674,Acacia,Philippines,unverified
cap_2832,grower_42,2025-03-11 04:05:00,-1.340008,36.840712,Moringa,Kenya,verified
cap_2833,grower_16,2025-06-20 18:53:00,3.943911,11.522319,Avocado,Cameroon,verified
cap_2834,grower_148,2025-03-07 13:25:00,20.570347,78.948756,Mango,India,verified
cap_2835,grower_77,2025-03-09 04:13:00,-1.274931,36.882681,Mango,Kenya,verified
cap_2836,grower_57,2025-01-30 00:06:00,12.846611,121.660178,Mango,Philippines,unverified
cap_2837,grower_91,2025-06-11 00:51:00,20.631631,79.064947,Moringa,India,verified
cap_2838,grower_109,2025-07-21 15:00:00,20.593562,78.917316,Mahogany,India,verified
cap_2839,grower_98,2025-02-22 22:09:00,3.897975,11.481747,Acacia,Cameroon,unverified
cap_2840,grower_62,2025-04-11 14:37:00,12.856151,121.739173,Acacia,Philippines,verified
cap_2841,grower_29,2025-03-11 22:03:00,12.837058,121.715892,Avocado,Philippines,verified
cap_2842,grower_121,2025-04-09 16:48:00,3.789639,11.572466,Mahogany,Cameroon,verified
cap_2843,grower_27,2025-03-29 14:07:00,20.605042,78.936668,Mango,India,verified
cap_2844,grower_105,2025-06-10 00:25:00,-1.259246,36.872861,Moringa,Kenya,verified
cap_2845,grower_26,2025-07-14 08:44:00,20.598603,78.930582,Neem,India,verified
cap_2846,grower_129,2025-03-05 13:44:00,1.330469,32.275884,Neem,Uganda,verified
cap_2847,grower_25,2025-03-12 09:59:00,-1.328231,36.843809,Mango,Kenya,verified
cap_2848,grower_47,2025-05-15 21:07:00,3.937409,11.547896,Mango,Cameroon,verified
cap_2849,grower_106,2025-06-09 11:24:00,1.359053,32.291465,Moringa,Uganda,verified
cap_2850,grower_59,2025-05-29 13:15:00,12.905834,121.758478,Acacia,Philippines,verified
cap_2851,grower_112,2025-06-19 05:53:00,20.515503,78.896806,Mahogany,India,verified
cap_2852,grower_92,2025-02-13 02:34:00,-1.276908,36.821924,Moringa,Kenya,verified
cap_2853,grower_99,2025-05-03 01:51:00,3.801433,11.426888,Acacia,Cameroon,verified
cap_2854,grower_91,2025-06-09 21:57:00,20.618303,78.935826,Mango,India,verified
cap_2855,grower_109,2025-04-21 19:11:00,20.67246,79.003046,Moringa,India,verified
cap_2856,grower_145,2025-04-13 05:35:00,12.918757,121.81293,Mango,Philippines,verified
cap_2857,grower_124,2025-07-19 01:10:00,20.565627,78.99637,Mango,India,unverified
cap_2858,grower_44,2025-05-23 15:30:00,3.837511,11.529475,Neem,Cameroon,verified
cap_2859,grower_92,2025-04-18 19:16:00,-1.34993,36.811253,Mahogany,Kenya,verified
cap_2860,grower_21,2025-01-19 08:20:00,3.822144,11.468064,Moringa,Cameroon,verified
cap_2861,grower_20,2025-07-19 05:38:00,12.903268,121.830774,Neem,Philippines,verified
cap_2862,grower_85,2025-01-25 21:53:00,-1.337241,36.828251,Mango,Kenya,verified
cap_2863,grower_141,2025-06-11 04:22:00,-1.383973,36.73015,Mango,Kenya,verified
cap_2864,grower_91,2025-01-07 06:02:00,20.656517,79.054393,Neem,India,unverified
cap_2865,grower_21,2025-02-14 15:19:00,3.820184,11.546274,Mahogany,Cameroon,verified
cap_2866,grower_45,2025-01-23 18:05:00,3.851403,11.440818,Mahogany,Cameroon,verified
cap_2867,grower_69,2025-04-10 18:04:00,12.82811,121.843837,Acacia,Philippines,verified
cap_2868,grower_17,2025-02-15 14:48:00,12.893319,121.767368,Neem,Philippines,verified
cap_2869,grower_17,2025-03-09 23:23:00,12.877294,121.841251,Acacia,Philippines,verified
cap_2870,grower_109,2025-06-18 20:48:00,20.520661,78.932848,Mango,India,verified
cap_2871,grower_91,2025-01-19 19:58:00,20.585252,78.97159,Neem,India,verified
cap_2872,grower_67,2025-07-12 13:34:00,3.834957,11.505695,Moringa,Cameroon,unverified
cap_2873,grower_76,2025-02-24 03:41:00,3.801723,11.442928,Mango,Cameroon,verified
cap_2874,grower_108,2025-06-30 20:22:00,12.828538,121.816776,Mahogany,Philippines,verified
cap_2875,grower_136,2025-05-11 17:13:00,20.576212,78.943757,Moringa,India,verified
cap_2876,grower_150,2025-04-05 18:50:00,12.890727,121.723768,Acacia,Philippines,verified
cap_2877,grower_144,2025-02-10 13:35:00,12.922825,121.808878,Moringa,Philippines,verified
cap_2878,grower_132,2025-02-12 03:28:00,1.406471,32.351689,Neem,Uganda,verified
cap_2879,grower_126,2025-06-30 06:48:00,12.842278,121.79497,Mango,Philippines,verified
cap_2880,grower_77,2025-02-06 11:22:00,-1.310279,36.780057,Avocado,Kenya,verified
cap_2881,grower_52,2025-04-24 00:51:00,12.905946,121.802711,Moringa,Philippines,verified
cap_2882,grower_139,2025-07-26 19:27:00,3.829365,11.481254,Neem,Cameroon,verified
cap_2883,grower_67,2025-07-08 09:15:00,3.818914,11.486762,Avocado,Cameroon,verified
cap_2884,grower_14,2025-04-22 15:19:00,3.807626,11.576544,Mango,Cameroon,verified
cap_2885,grower_81,2025-04-08 06:22:00,1.410487,32.292938,Neem,Uganda,verified
cap_2886,grower_62,2025-04-01 22:45:00,12.87356,121.89436,Avocado,Philippines,verified
cap_2887,grower_94,2025-03-17 08:34:00,20.470936,78.82759,Mango,India,verified
cap_2888,grower_8,2025-03-15 19:06:00,20.570239,78.909607,Mango,India,verified
cap_2889,grower_115,2025-03-31 17:00:00,-1.184366,36.86213,Mahogany,Kenya,verified
cap_2890,grower_40,2025-06-13 09:32:00,3.919995,11.467417,Moringa,Cameroon,verified
cap_2891,grower_31,2025-03-18 07:56:00,20.536207,79.022826,Moringa,India,verified
cap_2892,grower_15,2025-01-04 03:56:00,12.979545,121.715152,Neem,Philippines,verified
cap_2893,grower_67,2025-01-25 00:10:00,3.843274,11.530256,Mango,Cameroon,verified
cap_2894,grower_138,2025-02-03 21:51:00,3.8457,11.513227,Acacia,Cameroon,verified
cap_2895,grower_126,2025-05-21 10:46:00,12.881547,121.694746,Neem,Philippines,verified
cap_2896,grower_65,2025-02-16 05:01:00,3.889008,11.573243,Neem,Cameroon,verified
cap_2897,grower_100,2025-05-08 20:14:00,-1.295147,36.762852,Moringa,Kenya,verified
cap_2898,grower_22,2025-04-19 17:47:00,1.253202,32.249234,Moringa,Uganda,verified
cap_2899,grower_65,2025-04-02 15:21:00,3.945112,11.471429,Moringa,Cameroon,verified
cap_2900,grower_105,2025-05-27 19:07:00,-1.269022,36.813717,Neem,Kenya,verified
cap_2901,grower_78,2025-07-10 14:31:00,12.89248,121.762641,Mahogany,Philippines,verified
cap_2902,grower_77,2025-06-07 08:24:00,-1.296381,36.810788,Mahogany,Kenya,unverified
cap_2903,grower_52,2025-05-06 06:13:00,12.834855,121.831145,Mahogany,Philippines,unverified
cap_2904,grower_137,2025-05-28 09:52:00,12.961029,121.760188,Acacia,Philippines,verified
cap_2905,grower_83,2025-07-17 04:18:00,1.364693,32.332912,Mango,Uganda,verified
cap_2906,grower_44,2025-06-29 21:55:00,3.760352,11.523381,Mango,Cameroon,verified
cap_2907,grower_82,2025-02-10 20:15:00,-1.312786,36.836601,Neem,Kenya,verified
cap_2908,grower_114,2025-05-13 05:16:00,20.628437,78.943189,Mango,India,verified
cap_2909,grower_81,2025-06-16 17:57:00,1.411261,32.314095,Mahogany,Uganda,verified
cap_2910,grower_48,2025-03-18 14:15:00,1.280834,32.324057,Moringa,Uganda,verified
cap_2911,grower_47,2025-02-26 18:48:00,3.831663,11.517389,Moringa,Cameroon,verified
cap_2912,grower_110,2025-06-10 05:31:00,20.543279,78.979805,Moringa,India,verified
cap_2913,grower_36,2025-05-25 06:43:00,1.439171,32.31366,Neem,Uganda,verified
cap_2914,grower_84,2025-05-26 02:04:00,1.456276,32.326287,Avocado,Uganda,verified
cap_2915,grower_138,2025-05-12 03:50:00,3.863334,11.488844,Moringa,Cameroon,verified
cap_2916,grower_130,2025-07-11 02:05:00,1.506048,32.269003,Moringa,Uganda,verified
cap_2917,grower_100,2025-07-20 16:25:00,-1.319225,36.801387,Acacia,Kenya,unverified
cap_2918,grower_116,2025-04-03 08:40:00,1.385008,32.323737,Mango,Uganda,verified
cap_2919,grower_106,2025-04-20 02:10:00,1.410468,32.304801,Neem,Uganda,unverified
cap_2920,grower_140,2025-06-22 07:11:00,1.310455,32.331729,Avocado,Uganda,verified
cap_2921,grower_139,2025-02-19 18:04:00,3.947908,11.542423,Moringa,Cameroon,verified
cap_2922,grower_85,2025-02-11 15:27:00,-1.245452,36.878817,Moringa,Kenya,verified
cap_2923,grower_147,2025-05-20 11:41:00,12.797416,121.743942,Avocado,Philippines,verified
cap_2924,grower_48,2025-07-15 09:59:00,1.402583,32.203629,Moringa,Uganda,verified
cap_2925,grower_102,2025-03-11 09:31:00,-1.352656,36.800342,Moringa,Kenya,unverified
cap_2926,grower_35,2025-02-07 02:50:00,20.669575,79.013204,Mahogany,India,verified
cap_2927,grower_71,2025-06-27 21:24:00,-1.264497,36.859645,Mahogany,Kenya,verified
cap_2928,grower_86,2025-03-20 02:45:00,-1.303854,36.790927,Mango,Kenya,verified
cap_2929,grower_129,2025-04-08 17:38:00,1.443601,32.23422,Acacia,Uganda,verified
cap_2930,grower_87,2025-07-29 01:18:00,-1.295201,36.923151,Neem,Kenya,verified
cap_2931,grower_26,2025-05-12 00:41:00,20.654142,78.947765,Mahogany,India,verified
cap_2932,grower_22,2025-03-31 16:26:00,1.414097,32.345088,Avocado,Uganda,verified
cap_2933,grower_136,2025-03-31 03:38:00,20.577193,78.932442,Mango,India,verified
cap_2934,grower_111,2025-06-27 18:10:00,-1.270224,36.75622,Mango,Kenya,verified
cap_2935,grower_16,2025-07-18 15:01:00,3.802126,11.535587,Avocado,Cameroon,verified
cap_2936,grower_51,2025-03-30 05:09:00,12.97525,121.742088,Mango,Philippines,unverified
cap_2937,grower_28,2025-05-06 09:37:00,3.918591,11.566409,Avocado,Cameroon,verified
cap_2938,grower_79,2025-01-22 16:33:00,12.895582,121.802265,Acacia,Philippines,verified
cap_2939,grower_135,2025-03-20 00:58:00,20.568761,79.020035,Moringa,India,verified
cap_2940,grower_21,2025-07-26 05:00:00,3.831731,11.435979,Mahogany,Cameroon,verified
cap_2941,grower_85,2025-03-28 05:46:00,-1.299095,36.825668,Moringa,Kenya,verified
cap_2942,grower_86,2025-07-09 08:05:00,-1.222446,36.86567,Avocado,Kenya,verified
cap_2943,grower_140,2025-06-14 02:03:00,1.303097,32.23393,Acacia,Uganda,verified
cap_2944,grower_109,2025-07-19 21:05:00,20.587188,78.906664,Neem,India,verified
cap_2945,grower_29,2025-05-07 09:15:00,12.918459,121.790447,Neem,Philippines,verified
cap_2946,grower_139,2025-05-10 15:30:00,3.901771,11.39283,Neem,Cameroon,verified
cap_2947,grower_35,2025-02-08 05:46:00,20.534686,78.899752,Neem,India,verified
cap_2948,grower_81,2025-01-05 11:03:00,1.335596,32.28007,Avocado,Uganda,verified
cap_2949,grower_29,2025-05-08 19:00:00,12.830504,121.759476,Acacia,Philippines,verified
cap_2950,grower_42,2025-03-09 11:41:00,-1.127858,36.903039,Avocado,Kenya,unverified
cap_2951,grower_80,2025-06-17 15:18:00,12.869275,121.797556,Acacia,Philippines,verified
cap_2952,grower_44,2025-03-21 14:40:00,3.884941,11.474633,Mahogany,Cameroon,unverified
cap_2953,grower_21,2025-01-23 09:34:00,3.765298,11.457664,Neem,Cameroon,unverified
cap_2954,grower_82,2025-01-03 23:54:00,-1.208618,36.843203,Acacia,Kenya,verified
cap_2955,grower_15,2025-03-11 03:39:00,12.873935,121.816404,Acacia,Philippines,verified
cap_2956,grower_145,2025-04-09 12:22:00,12.861795,121.706664,Avocado,Philippines,verified
cap_2957,grower_91,2025-01-07 11:53:00,20.588578,79.004671,Acacia,India,verified
cap_2958,grower_12,2025-06-09 01:54:00,20.59107,79.019026,Avocado,India,verified
cap_2959,grower_126,2025-03-02 18:45:00,12.890396,121.802524,Avocado,Philippines,verified
cap_2960,grower_92,2025-01-16 16:20:00,-1.309335,36.835966,Neem,Kenya,verified
cap_2961,grower_44,2025-03-17 15:13:00,3.843881,11.516293,Mahogany,Cameroon,verified
cap_2962,grower_60,2025-04-20 10:52:00,3.740994,11.502304,Mahogany,Cameroon,verified
cap_2963,grower_36,2025-06-08 21:21:00,1.430053,32.273193,Neem,Uganda,verified
cap_2964,grower_42,2025-03-24 19:11:00,-1.278562,36.755351,Mahogany,Kenya,verified
cap_2965,grower_50,2025-03-09 14:33:00,12.907318,121.785106,Moringa,Philippines,verified
cap_2966,grower_128,2025-06-20 17:22:00,12.871429,121.810392,Acacia,Philippines,verified
cap_2967,grower_112,2025-02-17 09:21:00,20.553568,78.887639,Mango,India,verified
cap_2968,grower_103,2025-06-10 18:59:00,12.827927,121.778214,Avocado,Philippines,unverified
cap_2969,grower_11,2025-02-17 10:05:00,12.957417,121.808529,Avocado,Philippines,verified
cap_2970,grower_87,2025-07-22 21:59:00,-1.336647,36.788612,Mango,Kenya,verified
cap_2971,grower_81,2025-05-16 18:00:00,1.334631,32.239453,Acacia,Uganda,verified
cap_2972,grower_24,2025-03-19 14:13:00,-1.267423,36.833326,Neem,Kenya,verified
cap_2973,grower_60,2025-05-15 01:46:00,3.752518,11.46715,Moringa,Cameroon,verified
cap_2974,grower_86,2025-07-19 20:42:00,-1.206827,36.746105,Avocado,Kenya,verified
cap_2975,grower_133,2025-01-05 13:10:00,12.908811,121.719576,Moringa,Philippines,verified
cap_2976,grower_31,2025-06-16 17:34:00,20.635745,78.903057,Moringa,India,verified
cap_2977,grower_35,2025-03-10 01:47:00,20.665385,78.939566,Moringa,India,verified
cap_2978,grower_143,2025-01-29 08:37:00,12.848145,121.788402,Avocado,Philippines,verified
cap_2979,grower_28,2025-02-23 14:07:00,3.787745,11.439276,Mango,Cameroon,verified
cap_2980,grower_43,2025-05-14 07:43:00,12.874244,121.750479,Mango,Philippines,verified
cap_2981,grower_34,2025-04-08 03:23:00,-1.47176,36.924605,Avocado,Kenya,verified
cap_2982,grower_60,2025-07-07 14:30:00,3.885844,11.405396,Acacia,Cameroon,verified
cap_2983,grower_46,2025-02-18 22:47:00,-1.248584,36.853425,Avocado,Kenya,verified
cap_2984,grower_94,2025-03-14 18:31:00,20.596296,78.985332,Mahogany,India,verified
cap_2985,grower_10,2025-05-23 08:40:00,1.343227,32.374825,Neem,Uganda,verified
cap_2986,grower_137,2025-06-02 14:52:00,12.946931,121.824448,Acacia,Philippines,verified
cap_2987,grower_81,2025-04-17 14:48:00,1.429871,32.324765,Acacia,Uganda,verified
cap_2988,grower_147,2025-07-03 03:17:00,12.852796,121.700151,Neem,Philippines,verified
cap_2989,grower_113,2025-05-19 16:35:00,1.364583,32.263257,Mahogany,Uganda,verified
cap_2990,grower_49,2025-02-16 21:07:00,3.919693,11.544332,Acacia,Cameroon,verified
cap_2991,grower_27,2025-06-25 11:09:00,20.55698,78.996194,Avocado,India,verified
cap_2992,grower_27,2025-01-10 19:04:00,20.725043,78.956191,Mango,India,verified
cap_2993,grower_126,2025-02-24 01:23:00,12.923987,121.725049,Avocado,Philippines,unverified
cap_2994,grower_78,2025-04-23 12:42:00,12.878186,121.755681,Mango,Philippines,verified
cap_2995,grower_91,2025-03-15 08:13:00,20.589617,78.968125,Acacia,India,verified
cap_2996,grower_29,2025-02-14 13:34:00,12.881442,121.754751,Neem,Philippines,verified
cap_2997,grower_73,2025-07-09 09:42:00,1.428148,32.333505,Mango,Uganda,unverified
cap_2998,grower_133,2025-07-27 20:45:00,12.831522,121.754103,Moringa,Philippines,verified
cap_2999,grower_127,2025-02-25 04:42:00,1.396783,32.234896,Avocado,Uganda,verified
cap_3000,grower_5,2025-04-07 15:45:00,1.361282,32.253719,Acacia,Uganda,verified
cap_3001,grower_37,2025-07-11 04:24:00,20.559659,78.94695,Avocado,India,verified
cap_3002,grower_120,2025-02-13 01:48:00,3.872532,11.494093,Mahogany,Cameroon,verified
cap_3003,grower_67,2025-06-28 17:11:00,3.808554,11.559458,Acacia,Cameroon,verified
cap_3004,grower_41,2025-06-15 14:13:00,12.797213,121.801444,Mahogany,Philippines,verified
cap_3005,grower_110,2025-05-20 14:45:00,20.644104,78.966699,Mango,India,verified
cap_3006,grower_50,2025-07-18 23:35:00,12.921351,121.749393,Mango,Philippines,verified
cap_3007,grower_8,2025-07-13 10:51:00,20.623707,78.995813,Moringa,India,verified
cap_3008,grower_61,2025-04-10 16:00:00,3.989928,11.499967,Mango,Cameroon,verified
cap_3009,grower_95,2025-01-10 11:13:00,-1.312621,36.781625,Mahogany,Kenya,verified
cap_3010,grower_125,2025-03-18 09:30:00,-1.289267,36.786414,Neem,Kenya,verified
cap_3011,grower_107,2025-03-23 09:38:00,20.589487,78.988896,Neem,India,verified
cap_3012,grower_147,2025-03-09 05:43:00,12.878868,121.760185,Mango,Philippines,verified
cap_3013,grower_15,2025-06-05 09:28:00,12.828289,121.784067,Mango,Philippines,verified
cap_3014,grower_125,2025-02-26 18:15:00,-1.288155,36.87107,Mahogany,Kenya,verified
cap_3015,grower_28,2025-07-18 18:59:00,3.830362,11.424908,Moringa,Cameroon,verified
cap_3016,grower_123,2025-05-02 13:52:00,1.426443,32.263779,Moringa,Uganda,verified
cap_3017,grower_127,2025-02-22 20:28:00,1.360582,32.284226,Acacia,Uganda,verified
cap_3018,grower_144,2025-02-08 03:02:00,12.942843,121.713511,Acacia,Philippines,unverified
cap_3019,grower_85,2025-05-17 17:40:00,-1.368822,36.739862,Mango,Kenya,unverified
cap_3020,grower_43,2025-07-16 03:48:00,12.877182,121.745643,Mango,Philippines,verified
cap_3021,grower_49,2025-02-16 00:24:00,3.886001,11.479617,Moringa,Cameroon,verified
cap_3022,grower_99,2025-07-16 01:48:00,3.829219,11.481379,Acacia,Cameroon,verified
cap_3023,grower_63,2025-05-09 17:11:00,1.457603,32.192982,Acacia,Uganda,verified
cap_3024,grower_101,2025-04-10 00:10:00,12.970645,121.72302,Moringa,Philippines,verified
cap_3025,grower_79,2025-07-10 12:54:00,12.771926,121.749621,Avocado,Philippines,verified
cap_3026,grower_40,2025-01-31 11:13:00,3.81877,11.409762,Mango,Cameroon,verified
cap_3027,grower_91,2025-06-29 19:26:00,20.571763,78.956525,Neem,India,verified
cap_3028,grower_21,2025-06-30 04:07:00,3.930214,11.505635,Moringa,Cameroon,verified
cap_3029,grower_32,2025-07-09 21:14:00,12.947191,121.815189,Mango,Philippines,verified
cap_3030,grower_115,2025-03-03 09:54:00,-1.296675,36.771516,Moringa,Kenya,verified
cap_3031,grower_109,2025-01-11 06:26:00,20.570506,78.885734,Mahogany,India,verified
cap_3032,grower_132,2025-01-13 09:06:00,1.406981,32.285259,Mahogany,Uganda,verified
cap_3033,grower_43,2025-06-26 11:13:00,12.873824,121.796754,Avocado,Philippines,verified
cap_3034,grower_51,2025-06-04 23:18:00,12.866116,121.811308,Avocado,Philippines,unverified
cap_3035,grower_69,2025-02-19 05:39:00,12.912952,121.725656,Mahogany,Philippines,verified
cap_3036,grower_27,2025-04-15 10:51:00,20.551552,78.965634,Avocado,India,verified
cap_3037,grower_117,2025-05-16 00:54:00,3.841356,11.486388,Mahogany,Cameroon,verified
cap_3038,grower_88,2025-01-15 01:17:00,-1.33874,36.878068,Neem,Kenya,verified
cap_3039,grower_72,2025-03-04 23:04:00,1.377166,32.336292,Neem,Uganda,verified
cap_3040,grower_110,2025-05-19 14:14:00,20.569545,78.936009,Acacia,India,verified
cap_3041,grower_56,2025-01-01 02:18:00,-1.373388,36.822055,Neem,Kenya,verified
cap_3042,grower_79,2025-06-06 16:20:00,12.850959,121.776383,Avocado,Philippines,unverified
cap_3043,grower_54,2025-01-02 04:20:00,1.334223,32.316873,Avocado,Uganda,verified
cap_3044,grower_148,2025-02-25 09:25:00,20.596911,79.036649,Moringa,India,verified
cap_3045,grower_28,2025-05-04 08:47:00,3.806297,11.470928,Neem,Cameroon,verified
cap_3046,grower_135,2025-03-30 10:18:00,20.475658,78.893416,Neem,India,verified
cap_3047,grower_126,2025-01-24 22:28:00,12.822406,121.71579,Avocado,Philippines,verified
cap_3048,grower_19,2025-06-29 23:13:00,-1.245339,36.8281,Acacia,Kenya,verified
cap_3049,grower_139,2025-02-04 23:56:00,3.841789,11.405574,Acacia,Cameroon,verified
cap_3050,grower_23,2025-03-02 23:35:00,12.935154,121.762212,Acacia,Philippines,verified
cap_3051,grower_87,2025-06-15 12:40:00,-1.292876,36.896237,Mahogany,Kenya,verified
cap_3052,grower_76,2025-04-28 19:48:00,3.799171,11.467349,Mahogany,Cameroon,verified
cap_3053,grower_40,2025-04-28 09:23:00,3.93779,11.467846,Mango,Cameroon,verified
cap_3054,grower_112,2025-05-25 01:51:00,20.624717,78.888617,Mahogany,India,verified
cap_3055,grower_99,2025-05-05 12:38:00,3.830485,11.554871,Acacia,Cameroon,verified
cap_3056,grower_25,2025-01-12 21:46:00,-1.297555,36.846632,Neem,Kenya,verified
cap_3057,grower_55,2025-05-27 05:41:00,20.671718,79.00445,Avocado,India,verified
cap_3058,grower_36,2025-01-23 23:18:00,1.274016,32.22514,Acacia,Uganda,verified
cap_3059,grower_22,2025-04-10 16:12:00,1.248504,32.302869,Acacia,Uganda,verified
cap_3060,grower_36,2025-03-11 08:02:00,1.282129,32.305552,Mahogany,Uganda,verified
cap_3061,grower_84,2025-04-13 01:46:00,1.358769,32.210125,Mango,Uganda,verified
cap_3062,grower_86,2025-02-06 22:14:00,-1.375467,36.851403,Mango,Kenya,verified
cap_3063,grower_53,2025-01-13 15:59:00,12.84616,121.744992,Acacia,Philippines,verified
cap_3064,grower_8,2025-06-23 18:39:00,20.52062,78.9026,Neem,India,unverified
cap_3065,grower_110,2025-03-03 11:14:00,20.491441,78.95677,Mahogany,India,verified
cap_3066,grower_21,2025-05-31 14:55:00,3.801302,11.433328,Mahogany,Cameroon,verified
cap_3067,grower_26,2025-06-16 13:19:00,20.556743,79.024697,Avocado,India,verified
cap_3068,grower_2,2025-01-29 08:02:00,1.39022,32.169372,Mango,Uganda,verified
cap_3069,grower_15,2025-01-22 01:20:00,12.911636,121.720152,Acacia,Philippines,unverified
cap_3070,grower_31,2025-01-25 07:01:00,20.591458,78.908755,Avocado,India,verified
cap_3071,grower_131,2025-02-20 17:30:00,20.547193,79.011283,Neem,India,verified
cap_3072,grower_144,2025-05-25 19:54:00,12.882954,121.764825,Mahogany,Philippines,verified
cap_3073,grower_4,2025-01-31 14:16:00,1.420963,32.267971,Neem,Uganda,verified
cap_3074,grower_69,2025-06-22 03:42:00,12.890642,121.74688,Neem,Philippines,verified
cap_3075,grower_23,2025-01-30 21:20:00,12.937103,121.74362,Acacia,Philippines,unverified
cap_3076,grower_53,2025-05-19 14:57:00,12.980545,121.750997,Neem,Philippines,verified
cap_3077,grower_7,2025-04-26 21:19:00,20.562717,78.998934,Moringa,India,verified
cap_3078,grower_147,2025-05-03 04:22:00,12.876946,121.763409,Moringa,Philippines,verified
cap_3079,grower_45,2025-05-24 22:38:00,3.875216,11.519291,Neem,Cameroon,verified
cap_3080,grower_83,2025-02-24 11:06:00,1.433354,32.255103,Moringa,Uganda,verified
cap_3081,grower_81,2025-04-21 20:07:00,1.411546,32.200254,Acacia,Uganda,verified
cap_3082,grower_75,2025-07-16 21:30:00,1.328448,32.357775,Acacia,Uganda,verified
cap_3083,grower_138,2025-06-02 06:07:00,3.825894,11.511832,Mahogany,Cameroon,verified
cap_3084,grower_143,2025-03-24 15:33:00,12.868158,121.759264,Avocado,Philippines,unverified
cap_3085,grower_127,2025-03-30 04:02:00,1.408951,32.334754,Mahogany,Uganda,unverified
cap_3086,grower_114,2025-01-13 13:50:00,20.646284,78.972155,Mahogany,India,verified
cap_3087,grower_18,2025-07-08 18:05:00,1.326782,32.336084,Neem,Uganda,verified
cap_3088,grower_118,2025-07-18 15:04:00,20.531621,78.96226,Acacia,India,verified
cap_3089,grower_74,2025-01-12 01:22:00,3.767959,11.447185,Mahogany,Cameroon,verified
cap_3090,grower_19,2025-07-24 14:57:00,-1.307965,36.809559,Acacia,Kenya,verified
cap_3091,grower_139,2025-03-05 17:04:00,3.829719,11.479672,Mango,Cameroon,verified
cap_3092,grower_87,2025-04-29 16:51:00,-1.298515,36.857642,Acacia,Kenya,verified
cap_3093,grower_111,2025-01-06 13:31:00,-1.307927,36.789693,Mahogany,Kenya,verified
cap_3094,grower_46,2025-06-04 14:42:00,-1.15923,36.861395,Moringa,Kenya,verified
cap_3095,grower_121,2025-06-16 06:44:00,3.811063,11.474522,Acacia,Cameroon,verified
cap_3096,grower_135,2025-01-17 20:48:00,20.596063,78.986423,Mango,India,verified
cap_3097,grower_120,2025-01-22 15:01:00,3.824052,11.51184,Acacia,Cameroon,verified
cap_3098,grower_83,2025-05-16 19:16:00,1.285836,32.308957,Acacia,Uganda,verified
cap_3099,grower_115,2025-07-19 19:00:00,-1.250041,36.798422,Moringa,Kenya,verified
cap_3100,grower_36,2025-02-27 10:16:00,1.363926,32.247,Acacia,Uganda,verified
cap_3101,grower_79,2025-05-17 22:37:00,12.821018,121.706462,Acacia,Philippines,unverified
cap_3102,grower_124,2025-01-17 00:50:00,20.639545,78.989617,Moringa,India,verified
cap_3103,grower_149,2025-05-23 16:37:00,3.851012,11.520564,Acacia,Cameroon,verified
cap_3104,grower_132,2025-01-22 14:16:00,1.347574,32.316406,Moringa,Uganda,verified
cap_3105,grower_136,2025-01-19 23:27:00,20.567185,78.888064,Mahogany,India,verified
cap_3106,grower_61,2025-04-14 10:50:00,3.8862,11.485685,Mahogany,Cameroon,verified
cap_3107,grower_99,2025-07-29 07:41:00,3.856855,11.516693,Mango,Cameroon,verified
cap_3108,grower_83,2025-05-16 19:52:00,1.369877,32.239467,Moringa,Uganda,verified
cap_3109,grower_150,2025-02-10 21:38:00,12.896648,121.74123,Mango,Philippines,verified
cap_3110,grower_96,2025-05-30 19:25:00,20.614882,78.893697,Acacia,India,verified
cap_3111,grower_54,2025-06-10 05:05:00,1.318813,32.340859,Mango,Uganda,verified
cap_3112,grower_39,2025-01-07 19:15:00,-1.306422,36.852882,Acacia,Kenya,verified
cap_3113,grower_84,2025-04-09 11:52:00,1.407335,32.304823,Neem,Uganda,unverified
cap_3114,grower_72,2025-01-16 23:45:00,1.401059,32.244839,Acacia,Uganda,unverified
cap_3115,grower_37,2025-03-01 11:40:00,20.61836,79.044785,Moringa,India,verified
cap_3116,grower_66,2025-03-31 18:37:00,12.932084,121.71466,Acacia,Philippines,verified
cap_3117,grower_59,2025-04-11 19:00:00,12.916547,121.691458,Mahogany,Philippines,verified
cap_3118,grower_98,2025-01-04 08:43:00,3.816578,11.723954,Avocado,Cameroon,unverified
cap_3119,grower_84,2025-02-04 02:54:00,1.458051,32.229529,Avocado,Uganda,verified
cap_3120,grower_57,2025-01-26 03:52:00,12.909685,121.831627,Mahogany,Philippines,verified
cap_3121,grower_26,2025-01-27 10:50:00,20.56166,79.06363,Neem,India,verified
cap_3122,grower_126,2025-01-15 21:54:00,12.909096,121.857759,Moringa,Philippines,verified
cap_3123,grower_47,2025-03-04 07:54:00,3.837892,11.543951,Mango,Cameroon,verified
cap_3124,grower_60,2025-02-26 15:51:00,3.821693,11.447553,Acacia,Cameroon,verified
cap_3125,grower_87,2025-03-13 16:16:00,-1.24181,36.832585,Mango,Kenya,verified
cap_3126,grower_140,2025-06-10 23:08:00,1.308385,32.319304,Mango,Uganda,verified
cap_3127,grower_35,2025-07-08 13:31:00,20.622105,78.895631,Moringa,India,unverified
cap_3128,grower_150,2025-06-25 03:51:00,12.809733,121.801746,Mahogany,Philippines,unverified
cap_3129,grower_33,2025-05-21 07:29:00,13.011744,121.831546,Mango,Philippines,verified
cap_3130,grower_31,2025-01-29 11:57:00,20.660217,78.989188,Avocado,India,verified
cap_3131,grower_103,2025-03-13 11:10:00,12.856021,121.774323,Moringa,Philippines,verified
cap_3132,grower_22,2025-03-18 19:13:00,1.40141,32.30292,Avocado,Uganda,verified
cap_3133,grower_42,2025-06-22 05:56:00,-1.253624,36.771681,Mango,Kenya,verified
cap_3134,grower_47,2025-05-03 17:37:00,3.792794,11.57379,Mahogany,Cameroon,verified
cap_3135,grower_42,2025-07-23 14:58:00,-1.297517,36.789559,Moringa,Kenya,verified
cap_3136,grower_15,2025-01-23 11:13:00,12.927991,121.853698,Moringa,Philippines,verified
cap_3137,grower_114,2025-06-04 23:16:00,20.661911,78.944713,Acacia,India,verified
cap_3138,grower_2,2025-07-28 17:25:00,1.453674,32.234902,Mahogany,Uganda,verified
cap_3139,grower_124,2025-05-31 22:33:00,20.547223,79.018977,Mahogany,India,verified
cap_3140,grower_128,2025-03-30 13:45:00,12.854623,121.811705,Avocado,Philippines,unverified
cap_3141,grower_24,2025-01-07 09:43:00,-1.346301,36.804851,Neem,Kenya,verified
cap_3142,grower_38,2025-04-26 03:47:00,1.319152,32.254372,Mango,Uganda,verified
cap_3143,grower_41,2025-03-17 17:40:00,12.910335,121.749405,Neem,Philippines,verified
cap_3144,grower_146,2025-04-05 10:31:00,12.883387,121.825644,Avocado,Philippines,verified
cap_3145,grower_110,2025-05-31 16:35:00,20.563893,78.853505,Neem,India,unverified
cap_3146,grower_74,2025-02-04 11:58:00,3.865311,11.461203,Mahogany,Cameroon,verified
cap_3147,grower_122,2025-05-05 00:26:00,12.817816,121.801848,Acacia,Philippines,unverified
cap_3148,grower_149,2025-04-02 01:24:00,3.909518,11.48586,Moringa,Cameroon,verified
cap_3149,grower_84,2025-03-27 14:54:00,1.404343,32.233481,Moringa,Uganda,verified
cap_3150,grower_12,2025-03-25 05:27:00,20.605134,78.96063,Acacia,India,verified
cap_3151,grower_21,2025-04-02 08:06:00,3.863612,11.499485,Mango,Cameroon,verified
cap_3152,grower_146,2025-03-01 10:26:00,12.837356,121.722251,Mahogany,Philippines,verified
cap_3153,grower_95,2025-01-06 01:26:00,-1.331451,36.750201,Mango,Kenya,verified
cap_3154,grower_62,2025-04-19 23:22:00,12.864429,121.864222,Acacia,Philippines,verified
cap_3155,grower_49,2025-07-02 10:58:00,3.783771,11.525657,Avocado,Cameroon,verified
cap_3156,grower_43,2025-02-02 19:20:00,12.858526,121.83014,Mahogany,Philippines,unverified
cap_3157,grower_105,2025-01-01 01:49:00,-1.388591,36.878839,Avocado,Kenya,verified
cap_3158,grower_126,2025-01-06 22:05:00,12.834577,121.704172,Neem,Philippines,unverified
cap_3159,grower_73,2025-01-06 14:36:00,1.434249,32.282204,Acacia,Uganda,unverified
cap_3160,grower_91,2025-04-04 17:39:00,20.583885,78.971994,Mahogany,India,verified
cap_3161,grower_6,2025-07-05 20:09:00,3.790523,11.545197,Avocado,Cameroon,verified
cap_3162,grower_128,2025-04-05 19:17:00,12.8582,121.81053,Avocado,Philippines,unverified
cap_3163,grower_27,2025-01-25 17:02:00,20.542951,78.890585,Avocado,India,verified
cap_3164,grower_140,2025-01-03 04:15:00,1.346844,32.332863,Moringa,Uganda,verified
cap_3165,grower_136,2025-01-19 22:28:00,20.585803,78.953714,Acacia,India,verified
cap_3166,grower_42,2025-01-16 19:27:00,-1.321556,36.84958,Avocado,Kenya,verified
cap_3167,grower_121,2025-07-15 13:06:00,3.886355,11.575378,Moringa,Cameroon,verified
cap_3168,grower_40,2025-03-23 03:08:00,3.80563,11.415709,Acacia,Cameroon,verified
cap_3169,grower_104,2025-02-02 12:28:00,3.741435,11.565096,Mahogany,Cameroon,verified
cap_3170,grower_12,2025-05-11 04:08:00,20.52442,79.02018,Avocado,India,verified
cap_3171,grower_4,2025-02-05 13:10:00,1.353145,32.306842,Neem,Uganda,verified
cap_3172,grower_72,2025-02-05 06:47:00,1.417458,32.229412,Mango,Uganda,verified
cap_3173,grower_62,2025-01-16 00:16:00,12.881475,121.710993,Avocado,Philippines,unverified
cap_3174,grower_130,2025-05-18 02:58:00,1.423132,32.364717,Acacia,Uganda,verified
cap_3175,grower_112,2025-03-23 14:20:00,20.525464,79.009571,Neem,India,verified
cap_3176,grower_72,2025-07-15 19:33:00,1.450155,32.334363,Mahogany,Uganda,unverified
cap_3177,grower_88,2025-04-20 13:36:00,-1.29433,36.788601,Moringa,Kenya,verified
cap_3178,grower_138,2025-05-31 14:38:00,3.817243,11.551368,Acacia,Cameroon,verified
cap_3179,grower_112,2025-03-01 23:11:00,20.601817,78.943556,Mahogany,India,verified
cap_3180,grower_23,2025-05-05 22:40:00,12.858628,121.78642,Mango,Philippines,unverified
cap_3181,grower_84,2025-02-01 22:42:00,1.346065,32.150814,Mango,Uganda,verified
cap_3182,grower_16,2025-02-23 11:23:00,3.92873,11.440256,Mango,Cameroon,verified
cap_3183,grower_9,2025-05-08 16:56:00,20.647132,79.04146,Avocado,India,verified
cap_3184,grower_115,2025-05-19 00:46:00,-1.383174,36.818568,Mango,Kenya,verified
cap_3185,grower_94,2025-04-27 04:15:00,20.507703,78.958715,Avocado,India,verified
cap_3186,grower_21,2025-07-23 20:01:00,3.822787,11.510394,Mahogany,Cameroon,verified
cap_3187,grower_120,2025-06-03 12:41:00,3.853145,11.483308,Moringa,Cameroon,verified
cap_3188,grower_107,2025-04-07 00:06:00,20.635948,79.016934,Avocado,India,unverified
cap_3189,grower_93,2025-01-12 18:00:00,20.554062,78.930899,Mahogany,India,unverified
cap_3190,grower_23,2025-05-27 06:03:00,12.951502,121.780052,Neem,Philippines,verified
cap_3191,grower_84,2025-05-21 05:22:00,1.337221,32.294545,Acacia,Uganda,verified
cap_3192,grower_95,2025-05-30 09:12:00,-1.29263,36.790245,Acacia,Kenya,unverified
cap_3193,grower_14,2025-04-28 14:23:00,3.81587,11.442668,Moringa,Cameroon,unverified
cap_3194,grower_10,2025-03-12 09:54:00,1.454828,32.284151,Acacia,Uganda,verified
cap_3195,grower_89,2025-06-25 00:03:00,12.873072,121.641628,Mahogany,Philippines,unverified
cap_3196,grower_21,2025-04-22 01:56:00,3.928198,11.458488,Moringa,Cameroon,verified
cap_3197,grower_102,2025-03-23 05:41:00,-1.355461,36.890169,Avocado,Kenya,verified
cap_3198,grower_96,2025-05-21 16:35:00,20.542629,78.947292,Neem,India,verified
cap_3199,grower_31,2025-02-28 00:09:00,20.581568,78.790638,Mango,India,verified
cap_3200,grower_90,2025-06-17 05:23:00,20.57229,78.955841,Moringa,India,unverified
cap_3201,grower_9,2025-05-27 22:34:00,20.562092,78.974862,Mango,India,verified
cap_3202,grower_27,2025-01-09 12:25:00,20.539633,78.914895,Acacia,India,unverified
cap_3203,grower_77,2025-01-29 01:27:00,-1.350077,36.753164,Avocado,Kenya,verified
cap_3204,grower_95,2025-02-23 04:02:00,-1.298292,36.802015,Mahogany,Kenya,verified
cap_3205,grower_52,2025-02-06 14:05:00,12.869673,121.843348,Neem,Philippines,verified
cap_3206,grower_9,2025-06-05 05:35:00,20.616277,78.922781,Avocado,India,verified
cap_3207,grower_25,2025-03-05 12:36:00,-1.295429,36.871587,Acacia,Kenya,verified
cap_3208,grower_112,2025-04-16 03:22:00,20.668486,78.87738,Acacia,India,verified
cap_3209,grower_33,2025-03-12 01:03:00,12.867551,121.720935,Mango,Philippines,verified
cap_3210,grower_105,2025-05-19 14:28:00,-1.153575,36.75183,Acacia,Kenya,verified
cap_3211,grower_109,2025-07-19 02:59:00,20.536595,78.98109,Mahogany,India,unverified
cap_3212,grower_43,2025-06-02 18:39:00,12.91981,121.776279,Mango,Philippines,verified
cap_3213,grower_120,2025-07-24 10:23:00,3.798994,11.514046,Moringa,Cameroon,verified
cap_3214,grower_126,2025-07-18 03:16:00,12.794673,121.802741,Avocado,Philippines,verified
cap_3215,grower_8,2025-04-13 19:34:00,20.581174,78.862393,Acacia,India,verified
cap_3216,grower_62,2025-01-29 09:13:00,12.825469,121.877479,Acacia,Philippines,verified
cap_3217,grower_96,2025-01-31 09:10:00,20.612222,78.842937,Avocado,India,verified
cap_3218,grower_126,2025-07-19 21:34:00,12.926437,121.820633,Moringa,Philippines,verified
cap_3219,grower_23,2025-05-31 04:25:00,12.973248,121.798478,Mango,Philippines,verified
cap_3220,grower_32,2025-03-06 05:56:00,12.881719,121.750745,Avocado,Philippines,verified
cap_3221,grower_54,2025-07-04 17:12:00,1.35084,32.283975,Mahogany,Uganda,unverified
cap_3222,grower_90,2025-01-03 19:13:00,20.67173,78.950159,Mahogany,India,unverified
cap_3223,grower_97,2025-07-14 06:07:00,1.29318,32.423,Avocado,Uganda,verified
cap_3224,grower_90,2025-04-15 06:59:00,20.553197,78.853831,Avocado,India,verified
cap_3225,grower_62,2025-04-19 22:20:00,12.891189,121.698348,Mango,Philippines,verified
cap_3226,grower_99,2025-06-16 23:32:00,3.871229,11.483921,Mango,Cameroon,verified
cap_3227,grower_91,2025-07-29 12:18:00,20.635421,78.995539,Mango,India,unverified
cap_3228,grower_123,2025-07-17 11:38:00,1.262183,32.329462,Avocado,Uganda,verified
cap_3229,grower_24,2025-04-12 02:50:00,-1.306295,36.928742,Mahogany,Kenya,verified
cap_3230,grower_14,2025-07-21 01:23:00,3.870967,11.460074,Acacia,Cameroon,verified
cap_3231,grower_99,2025-01-22 09:19:00,3.969099,11.511373,Neem,Cameroon,verified
cap_3232,grower_120,2025-06-14 16:46:00,3.862888,11.500955,Mango,Cameroon,verified
cap_3233,grower_30,2025-03-14 10:09:00,12.940598,121.733708,Avocado,Philippines,verified
cap_3234,grower_85,2025-05-24 08:31:00,-1.318248,36.851457,Mango,Kenya,unverified
cap_3235,grower_52,2025-07-03 05:26:00,12.869806,121.805796,Mango,Philippines,verified
cap_3236,grower_114,2025-02-13 22:55:00,20.64887,78.922873,Mango,India,verified
cap_3237,grower_125,2025-07-26 15:32:00,-1.288394,36.87438,Acacia,Kenya,verified
cap_3238,grower_132,2025-02-06 08:25:00,1.360922,32.291789,Acacia,Uganda,verified
cap_3239,grower_112,2025-01-14 17:57:00,20.516916,78.939538,Mahogany,India,verified
cap_3240,grower_58,2025-01-12 01:33:00,3.836424,11.54237,Acacia,Cameroon,unverified
cap_3241,grower_81,2025-04-18 10:13:00,1.352931,32.283843,Avocado,Uganda,verified
cap_3242,grower_109,2025-03-30 21:35:00,20.622534,78.96358,Mango,India,unverified
cap_3243,grower_89,2025-05-20 01:06:00,12.806205,121.844662,Moringa,Philippines,verified
cap_3244,grower_43,2025-07-18 08:16:00,12.83151,121.770926,Mango,Philippines,verified
cap_3245,grower_20,2025-01-04 01:10:00,12.828088,121.808795,Moringa,Philippines,verified
cap_3246,grower_100,2025-04-30 03:36:00,-1.313801,36.81511,Neem,Kenya,verified
cap_3247,grower_99,2025-06-26 16:34:00,3.835923,11.460438,Neem,Cameroon,unverified
cap_3248,grower_93,2025-01-03 14:37:00,20.62582,78.988543,Avocado,India,unverified
cap_3249,grower_5,2025-05-18 13:28:00,1.433009,32.288211,Acacia,Uganda,verified
cap_3250,grower_33,2025-01-02 16:00:00,12.818319,121.81092,Mango,Philippines,verified
cap_3251,grower_103,2025-01-26 19:58:00,12.876059,121.773993,Mango,Philippines,unverified
cap_3252,grower_90,2025-02-25 16:54:00,20.585191,79.003726,Mahogany,India,verified
cap_3253,grower_83,2025-02-11 01:49:00,1.316067,32.331663,Mahogany,Uganda,verified
cap_3254,grower_92,2025-04-28 20:20:00,-1.266159,36.904327,Neem,Kenya,unverified
cap_3255,grower_61,2025-01-09 06:52:00,3.793101,11.443086,Mahogany,Cameroon,verified
cap_3256,grower_54,2025-06-14 15:44:00,1.408783,32.361168,Avocado,Uganda,verified
cap_3257,grower_33,2025-03-28 03:53:00,12.994556,121.891079,Mango,Philippines,verified
cap_3258,grower_32,2025-04-04 23:51:00,12.76801,121.697844,Acacia,Philippines,verified
cap_3259,grower_101,2025-01-13 18:44:00,12.85649,121.721434,Acacia,Philippines,verified
cap_3260,grower_88,2025-05-08 06:40:00,-1.250851,36.869035,Acacia,Kenya,verified
cap_3261,grower_17,2025-03-05 12:44:00,12.930657,121.734641,Mahogany,Philippines,unverified
cap_3262,grower_102,2025-03-17 18:07:00,-1.366255,36.826658,Neem,Kenya,verified
cap_3263,grower_149,2025-05-12 20:20:00,3.894655,11.442621,Moringa,Cameroon,verified
cap_3264,grower_143,2025-01-05 05:41:00,12.88186,121.700665,Mango,Philippines,verified
cap_3265,grower_41,2025-06-17 22:42:00,12.892103,121.771953,Acacia,Philippines,verified
cap_3266,grower_56,2025-06-24 04:53:00,-1.288323,36.798917,Avocado,Kenya,unverified
cap_3267,grower_136,2025-06-04 21:03:00,20.593122,78.987529,Mango,India,verified
cap_3268,grower_141,2025-02-17 22:20:00,-1.327884,36.900743,Mango,Kenya,verified
cap_3269,grower_89,2025-04-27 10:47:00,12.937353,121.80405,Mango,Philippines,verified
cap_3270,grower_77,2025-04-11 23:02:00,-1.248143,36.81359,Moringa,Kenya,verified
cap_3271,grower_121,2025-05-16 21:36:00,3.823238,11.489335,Acacia,Cameroon,verified
cap_3272,grower_93,2025-02-06 07:41:00,20.53795,78.989172,Acacia,India,verified
cap_3273,grower_55,2025-05-28 13:59:00,20.701575,78.942376,Avocado,India,verified
cap_3274,grower_42,2025-01-28 20:11:00,-1.292849,36.847066,Mango,Kenya,verified
cap_3275,grower_133,2025-06-18 12:36:00,12.84908,121.780344,Neem,Philippines,verified
cap_3276,grower_149,2025-06-24 20:05:00,3.891333,11.428232,Mango,Cameroon,verified
cap_3277,grower_7,2025-01-27 06:36:00,20.588906,78.924814,Avocado,India,verified
cap_3278,grower_127,2025-04-09 03:12:00,1.390404,32.28504,Moringa,Uganda,verified
cap_3279,grower_71,2025-05-14 14:49:00,-1.345373,36.839015,Moringa,Kenya,verified
cap_3280,grower_18,2025-02-03 15:25:00,1.381366,32.23548,Moringa,Uganda,verified
cap_3281,grower_44,2025-06-02 01:10:00,3.849833,11.467219,Neem,Cameroon,verified
cap_3282,grower_53,2025-01-19 06:57:00,12.945115,121.754785,Mango,Philippines,unverified
cap_3283,grower_1,2025-05-31 04:04:00,12.849578,121.790327,Neem,Philippines,verified
cap_3284,grower_114,2025-05-25 22:57:00,20.631454,78.939966,Avocado,India,verified
cap_3285,grower_44,2025-03-19 00:51:00,3.88477,11.492932,Avocado,Cameroon,verified
cap_3286,grower_61,2025-06-29 09:02:00,3.867269,11.532975,Avocado,Cameroon,verified
cap_3287,grower_51,2025-01-11 08:43:00,12.899136,121.758464,Moringa,Philippines,unverified
cap_3288,grower_72,2025-02-10 13:09:00,1.318517,32.220096,Neem,Uganda,verified
cap_3289,grower_71,2025-06-20 20:22:00,-1.297749,36.812748,Acacia,Kenya,verified
cap_3290,grower_146,2025-03-26 19:45:00,12.856384,121.753929,Neem,Philippines,verified
cap_3291,grower_51,2025-06-05 13:19:00,12.933408,121.818068,Avocado,Philippines,verified
cap_3292,grower_93,2025-06-04 17:44:00,20.611727,79.020922,Moringa,India,unverified
cap_3293,grower_18,2025-03-15 14:47:00,1.422556,32.248542,Acacia,Uganda,verified
cap_3294,grower_8,2025-07-25 08:40:00,20.586749,78.989997,Mango,India,verified
cap_3295,grower_48,2025-06-21 07:29:00,1.382375,32.269123,Avocado,Uganda,verified
cap_3296,grower_29,2025-06-16 06:10:00,12.937133,121.752757,Mango,Philippines,unverified
cap_3297,grower_22,2025-03-09 07:25:00,1.346797,32.266483,Acacia,Uganda,verified
cap_3298,grower_85,2025-06-19 17:58:00,-1.269916,36.946925,Mango,Kenya,verified
cap_3299,grower_34,2025-06-23 19:08:00,-1.251281,36.853423,Moringa,Kenya,unverified
cap_3300,grower_122,2025-05-19 17:15:00,12.883905,121.882042,Neem,Philippines,verified
cap_3301,grower_77,2025-01-02 21:17:00,-1.272041,36.785815,Mahogany,Kenya,verified
cap_3302,grower_21,2025-04-11 14:13:00,3.843499,11.502084,Avocado,Cameroon,verified
cap_3303,grower_75,2025-06-14 14:05:00,1.336242,32.246002,Neem,Uganda,verified
cap_3304,grower_21,2025-01-12 01:22:00,3.860611,11.517941,Mango,Cameroon,verified
cap_3305,grower_113,2025-05-21 11:59:00,1.346124,32.241246,Moringa,Uganda,verified
cap_3306,grower_147,2025-03-28 02:28:00,12.804313,121.67218,Avocado,Philippines,verified
cap_3307,grower_24,2025-07-25 17:35:00,-1.306765,36.826059,Avocado,Kenya,verified
cap_3308,grower_138,2025-03-13 05:01:00,3.919955,11.531041,Avocado,Cameroon,verified
cap_3309,grower_41,2025-05-22 00:52:00,12.874632,121.785796,Neem,Philippines,verified
cap_3310,grower_29,2025-06-08 20:56:00,12.904869,121.771637,Neem,Philippines,unverified
cap_3311,grower_8,2025-06-06 18:36:00,20.553051,78.922739,Mahogany,India,verified
cap_3312,grower_95,2025-04-14 15:32:00,-1.287558,36.786668,Mahogany,Kenya,verified
cap_3313,grower_30,2025-06-07 05:19:00,12.925586,121.764675,Mahogany,Philippines,unverified
cap_3314,grower_122,2025-06-21 05:57:00,12.812484,121.782663,Neem,Philippines,verified
cap_3315,grower_127,2025-03-31 23:02:00,1.339828,32.366439,Avocado,Uganda,verified
cap_3316,grower_117,2025-02-11 15:15:00,3.866174,11.615848,Mango,Cameroon,verified
cap_3317,grower_148,2025-01-25 09:12:00,20.625369,79.01545,Mango,India,verified
cap_3318,grower_57,2025-03-27 07:36:00,12.902713,121.758163,Mango,Philippines,verified
cap_3319,grower_94,2025-02-21 03:33:00,20.602452,78.942255,Moringa,India,verified
cap_3320,grower_126,2025-05-18 21:01:00,12.804881,121.775359,Neem,Philippines,unverified
cap_3321,grower_7,2025-03-08 18:20:00,20.575846,78.973561,Mango,India,verified
cap_3322,grower_72,2025-05-09 21:06:00,1.383584,32.295679,Avocado,Uganda,verified
cap_3323,grower_109,2025-01-24 08:16:00,20.626518,78.946048,Mango,India,verified
cap_3324,grower_38,2025-06-06 06:08:00,1.442164,32.300633,Neem,Uganda,verified
cap_3325,grower_61,2025-06-23 02:20:00,3.81416,11.549753,Mango,Cameroon,verified
cap_3326,grower_31,2025-03-07 23:14:00,20.644296,78.975438,Moringa,India,verified
cap_3327,grower_4,2025-05-24 22:48:00,1.32173,32.260524,Mahogany,Uganda,verified
cap_3328,grower_65,2025-06-11 17:32:00,3.754185,11.498259,Avocado,Cameroon,unverified
cap_3329,grower_94,2025-05-23 17:35:00,20.607741,78.989518,Acacia,India,verified
cap_3330,grower_49,2025-01-01 02:46:00,3.811715,11.500649,Neem,Cameroon,verified
cap_3331,grower_130,2025-04-16 14:59:00,1.429683,32.289594,Mango,Uganda,verified
cap_3332,grower_43,2025-07-15 18:04:00,12.914399,121.729889,Acacia,Philippines,verified
cap_3333,grower_51,2025-06-05 12:45:00,12.883652,121.768995,Avocado,Philippines,verified
cap_3334,grower_17,2025-03-10 15:59:00,12.90821,121.785565,Acacia,Philippines,verified
cap_3335,grower_73,2025-02-13 09:07:00,1.424307,32.330125,Moringa,Uganda,unverified
cap_3336,grower_26,2025-07-08 13:04:00,20.551387,78.940441,Mango,India,verified
cap_3337,grower_24,2025-05-17 02:02:00,-1.263039,36.803343,Mahogany,Kenya,verified
cap_3338,grower_131,2025-02-26 00:41:00,20.568651,78.904999,Neem,India,verified
cap_3339,grower_56,2025-07-07 04:10:00,-1.280703,36.772935,Avocado,Kenya,verified
cap_3340,grower_115,2025-04-02 03:27:00,-1.227917,36.844357,Acacia,Kenya,verified
cap_3341,grower_59,2025-06-10 23:29:00,12.951548,121.807957,Neem,Philippines,verified
cap_3342,grower_143,2025-02-04 03:43:00,12.908956,121.810637,Acacia,Philippines,verified
cap_3343,grower_132,2025-02-17 00:38:00,1.380796,32.29835,Mango,Uganda,verified
cap_3344,grower_25,2025-04-24 03:59:00,-1.244114,36.723665,Avocado,Kenya,verified
cap_3345,grower_124,2025-02-21 12:12:00,20.65971,78.926573,Mango,India,verified
cap_3346,grower_131,2025-02-06 08:38:00,20.648048,78.884898,Mahogany,India,verified
cap_3347,grower_95,2025-05-25 21:38:00,-1.296233,36.773372,Neem,Kenya,verified
cap_3348,grower_60,2025-01-18 04:20:00,3.903544,11.493378,Mahogany,Cameroon,verified
cap_3349,grower_12,2025-05-30 02:57:00,20.549287,78.9716,Acacia,India,unverified
cap_3350,grower_144,2025-03-09 00:58:00,12.886495,121.823398,Avocado,Philippines,verified
cap_3351,grower_75,2025-06-03 20:41:00,1.353009,32.299107,Mahogany,Uganda,verified
cap_3352,grower_66,2025-05-31 04:36:00,12.799779,121.716057,Mango,Philippines,verified
cap_3353,grower_143,2025-02-16 15:55:00,12.826274,121.701551,Mahogany,Philippines,verified
cap_3354,grower_72,2025-04-15 11:31:00,1.392624,32.259615,Acacia,Uganda,verified
cap_3355,grower_46,2025-07-08 17:18:00,-1.264942,36.86763,Avocado,Kenya,unverified
cap_3356,grower_74,2025-07-16 04:39:00,3.77327,11.592509,Moringa,Cameroon,verified
cap_3357,grower_44,2025-02-25 10:45:00,3.791222,11.523189,Avocado,Cameroon,unverified
cap_3358,grower_56,2025-01-02 00:21:00,-1.288432,36.823177,Avocado,Kenya,verified
cap_3359,grower_112,2025-03-20 20:45:00,20.625119,78.921787,Avocado,India,verified
cap_3360,grower_31,2025-02-27 05:11:00,20.557289,78.984121,Neem,India,verified
cap_3361,grower_43,2025-04-04 02:23:00,12.888198,121.790523,Mango,Philippines,verified
cap_3362,grower_114,2025-01-28 23:47:00,20.625387,78.912842,Mango,India,unverified
cap_3363,grower_36,2025-05-31 07:35:00,1.355184,32.264867,Neem,Uganda,verified
cap_3364,grower_124,2025-06-03 04:39:00,20.497901,78.951109,Mango,India,verified
cap_3365,grower_109,2025-06-26 15:36:00,20.523938,79.009326,Mahogany,India,verified
cap_3366,grower_16,2025-02-11 12:51:00,3.788918,11.475386,Moringa,Cameroon,verified
cap_3367,grower_141,2025-05-19 21:23:00,-1.307446,36.772921,Mango,Kenya,unverified
cap_3368,grower_125,2025-05-16 22:44:00,-1.294286,36.744962,Moringa,Kenya,verified
cap_3369,grower_47,2025-03-13 01:26:00,3.872267,11.498414,Moringa,Cameroon,verified
cap_3370,grower_93,2025-06-17 05:40:00,20.728325,79.023547,Neem,India,verified
cap_3371,grower_25,2025-01-05 10:47:00,-1.282609,36.693428,Acacia,Kenya,verified
cap_3372,grower_60,2025-05-30 19:22:00,3.849207,11.514099,Acacia,Cameroon,verified
cap_3373,grower_44,2025-07-19 14:05:00,3.946287,11.484702,Neem,Cameroon,verified
cap_3374,grower_15,2025-05-11 17:10:00,12.85505,121.681968,Acacia,Philippines,verified
cap_3375,grower_54,2025-04-12 05:37:00,1.276901,32.337725,Mango,Uganda,verified
cap_3376,grower_143,2025-02-24 07:50:00,12.841073,121.716345,Moringa,Philippines,verified
cap_3377,grower_65,2025-02-09 20:01:00,3.906873,11.41436,Mahogany,Cameroon,verified
cap_3378,grower_108,2025-05-30 19:12:00,12.872534,121.641694,Mahogany,Philippines,verified
cap_3379,grower_117,2025-07-08 10:52:00,3.836262,11.498562,Neem,Cameroon,verified
cap_3380,grower_134,2025-01-26 14:59:00,1.459441,32.413709,Mahogany,Uganda,unverified
cap_3381,grower_100,2025-03-09 13:10:00,-1.1857,36.886871,Moringa,Kenya,verified
cap_3382,grower_95,2025-05-27 09:01:00,-1.329534,36.837678,Mango,Kenya,verified
cap_3383,grower_127,2025-07-13 19:17:00,1.345205,32.292065,Neem,Uganda,verified
cap_3384,grower_63,2025-05-09 05:03:00,1.395704,32.322497,Mango,Uganda,verified
cap_3385,grower_36,2025-01-27 16:41:00,1.43579,32.244928,Neem,Uganda,verified
cap_3386,grower_52,2025-06-01 18:23:00,12.835763,121.777553,Acacia,Philippines,verified
cap_3387,grower_130,2025-03-28 13:18:00,1.342714,32.280845,Moringa,Uganda,verified
cap_3388,grower_33,2025-05-28 07:01:00,12.852815,121.69225,Moringa,Philippines,verified
cap_3389,grower_18,2025-04-15 16:15:00,1.285163,32.21788,Mahogany,Uganda,verified
cap_3390,grower_60,2025-04-19 02:46:00,3.897797,11.533409,Acacia,Cameroon,verified
cap_3391,grower_64,2025-01-27 19:15:00,3.79996,11.498388,Mango,Cameroon,unverified
cap_3392,grower_44,2025-02-03 07:25:00,3.87134,11.465726,Neem,Cameroon,verified
cap_3393,grower_24,2025-06-06 05:58:00,-1.272624,36.941601,Mahogany,Kenya,unverified
cap_3394,grower_101,2025-01-12 14:42:00,12.876087,121.719098,Avocado,Philippines,verified
cap_3395,grower_3,2025-04-10 21:36:00,20.548281,78.956874,Mango,India,verified
cap_3396,grower_4,2025-02-01 15:39:00,1.412096,32.326628,Moringa,Uganda,verified
cap_3397,grower_104,2025-05-11 12:22:00,3.861091,11.495427,Neem,Cameroon,verified
cap_3398,grower_35,2025-06-16 15:19:00,20.590902,78.933685,Acacia,India,verified
cap_3399,grower_117,2025-07-22 06:01:00,3.776845,11.512181,Moringa,Cameroon,verified
cap_3400,grower_146,2025-04-10 23:44:00,12.852404,121.735684,Mango,Philippines,verified
cap_3401,grower_31,2025-03-23 09:20:00,20.562639,79.04949,Mango,India,verified
cap_3402,grower_37,2025-03-08 01:28:00,20.581754,78.965586,Acacia,India,verified
cap_3403,grower_143,2025-05-23 03:26:00,12.915209,121.758275,Mahogany,Philippines,verified
cap_3404,grower_5,2025-07-07 19:33:00,1.380632,32.272303,Neem,Uganda,verified
cap_3405,grower_110,2025-01-22 03:51:00,20.594335,78.99715,Mango,India,verified
cap_3406,grower_33,2025-04-14 11:09:00,12.895892,121.821682,Mahogany,Philippines,verified
cap_3407,grower_106,2025-07-03 00:48:00,1.382818,32.319186,Mahogany,Uganda,verified
cap_3408,grower_23,2025-06-22 14:42:00,12.953896,121.748225,Mahogany,Philippines,verified
cap_3409,grower_20,2025-04-07 15:54:00,12.830753,121.787771,Neem,Philippines,unverified
cap_3410,grower_106,2025-05-22 07:36:00,1.411204,32.305158,Neem,Uganda,verified
cap_3411,grower_12,2025-07-12 02:34:00,20.728868,78.933946,Neem,India,unverified
cap_3412,grower_55,2025-07-28 19:46:00,20.529013,78.859823,Avocado,India,verified
cap_3413,grower_95,2025-06-09 10:19:00,-1.336612,36.779637,Avocado,Kenya,verified
cap_3414,grower_117,2025-03-03 09:02:00,3.82126,11.563981,Neem,Cameroon,verified
cap_3415,grower_148,2025-04-11 07:02:00,20.590211,78.806508,Acacia,India,unverified
cap_3416,grower_57,2025-04-21 02:32:00,12.876675,121.746735,Neem,Philippines,verified
cap_3417,grower_112,2025-04-23 23:51:00,20.617012,78.956366,Mango,India,verified
cap_3418,grower_38,2025-07-25 22:21:00,1.338621,32.336579,Mango,Uganda,verified
cap_3419,grower_148,2025-01-05 09:30:00,20.59627,78.929592,Neem,India,verified
cap_3420,grower_145,2025-07-10 13:02:00,12.88941,121.86175,Mango,Philippines,verified
cap_3421,grower_128,2025-04-29 01:05:00,12.921329,121.83874,Neem,Philippines,verified
cap_3422,grower_12,2025-05-19 07:29:00,20.564371,79.019132,Mango,India,verified
cap_3423,grower_28,2025-05-04 07:22:00,3.81032,11.543697,Acacia,Cameroon,verified
cap_3424,grower_89,2025-07-16 07:33:00,12.985382,121.71293,Mahogany,Philippines,verified
cap_3425,grower_79,2025-05-10 16:17:00,12.915521,121.717208,Moringa,Philippines,verified
cap_3426,grower_135,2025-04-04 12:49:00,20.565217,78.917179,Mango,India,verified
cap_3427,grower_125,2025-03-19 06:01:00,-1.333064,36.732591,Mango,Kenya,unverified
cap_3428,grower_55,2025-03-02 14:18:00,20.61714,79.076309,Mango,India,verified
cap_3429,grower_95,2025-04-13 16:09:00,-1.136433,36.711138,Mango,Kenya,unverified
cap_3430,grower_70,2025-07-04 00:12:00,12.893874,121.821873,Moringa,Philippines,verified
cap_3431,grower_84,2025-05-24 16:42:00,1.386936,32.213686,Moringa,Uganda,verified
cap_3432,grower_30,2025-04-11 11:56:00,12.881855,121.733517,Avocado,Philippines,verified
cap_3433,grower_8,2025-06-11 10:07:00,20.658383,78.946978,Avocado,India,unverified
cap_3434,grower_44,2025-03-13 01:49:00,3.867055,11.563071,Mahogany,Cameroon,unverified
cap_3435,grower_103,2025-06-13 05:48:00,12.873379,121.77424,Acacia,Philippines,verified
cap_3436,grower_131,2025-04-20 13:17:00,20.646058,78.943156,Moringa,India,verified
cap_3437,grower_50,2025-06-04 01:50:00,12.829814,121.736712,Moringa,Philippines,verified
cap_3438,grower_18,2025-03-30 12:14:00,1.354237,32.244113,Mango,Uganda,verified
cap_3439,grower_133,2025-03-29 11:56:00,12.867784,121.845417,Neem,Philippines,unverified
cap_3440,grower_148,2025-05-15 15:37:00,20.616841,79.042732,Moringa,India,unverified
cap_3441,grower_34,2025-03-17 13:41:00,-1.2916,36.766153,Neem,Kenya,verified
cap_3442,grower_13,2025-07-26 00:20:00,1.413289,32.286665,Moringa,Uganda,verified
cap_3443,grower_145,2025-04-16 12:59:00,12.879107,121.699149,Avocado,Philippines,verified
cap_3444,grower_128,2025-01-22 22:48:00,12.893531,121.779964,Mango,Philippines,verified
cap_3445,grower_21,2025-06-09 21:35:00,3.838048,11.51943,Neem,Cameroon,unverified
cap_3446,grower_41,2025-01-13 11:54:00,12.843885,121.741067,Avocado,Philippines,verified
cap_3447,grower_121,2025-07-28 07:52:00,3.836724,11.454733,Mahogany,Cameroon,unverified
cap_3448,grower_24,2025-05-06 08:59:00,-1.266772,36.869416,Neem,Kenya,verified
cap_3449,grower_94,2025-01-05 02:36:00,20.54838,79.01277,Acacia,India,verified
cap_3450,grower_6,2025-06-18 01:19:00,3.889723,11.498088,Avocado,Cameroon,verified
cap_3451,grower_37,2025-02-01 07:56:00,20.632476,78.916663,Mango,India,verified
cap_3452,grower_61,2025-04-19 11:29:00,3.832406,11.547284,Moringa,Cameroon,verified
cap_3453,grower_39,2025-07-28 16:56:00,-1.248727,36.83436,Acacia,Kenya,verified
cap_3454,grower_109,2025-02-27 19:09:00,20.561041,79.001142,Mango,India,verified
cap_3455,grower_52,2025-01-13 01:35:00,12.992594,121.756936,Mango,Philippines,unverified
cap_3456,grower_65,2025-03-28 03:23:00,3.807842,11.508274,Avocado,Cameroon,verified
cap_3457,grower_69,2025-07-17 13:00:00,12.893919,121.825616,Moringa,Philippines,verified
cap_3458,grower_63,2025-06-26 22:11:00,1.409133,32.249036,Avocado,Uganda,unverified
cap_3459,grower_107,2025-04-18 17:49:00,20.607522,78.991137,Neem,India,verified
cap_3460,grower_46,2025-01-12 12:44:00,-1.284913,36.736298,Mahogany,Kenya,verified
cap_3461,grower_102,2025-05-08 13:22:00,-1.292259,36.870129,Mahogany,Kenya,verified
cap_3462,grower_66,2025-01-30 06:11:00,12.907569,121.789039,Acacia,Philippines,verified
cap_3463,grower_65,2025-02-25 23:12:00,3.874216,11.46712,Neem,Cameroon,unverified
cap_3464,grower_115,2025-07-23 17:01:00,-1.345871,36.747102,Moringa,Kenya,verified
cap_3465,grower_65,2025-02-22 19:20:00,3.852182,11.506991,Neem,Cameroon,verified
cap_3466,grower_21,2025-05-30 16:38:00,3.775215,11.400127,Moringa,Cameroon,verified
cap_3467,grower_63,2025-07-12 02:13:00,1.419529,32.240587,Neem,Uganda,verified
cap_3468,grower_115,2025-06-10 21:57:00,-1.330162,36.729328,Neem,Kenya,unverified
cap_3469,grower_148,2025-06-01 17:29:00,20.684291,78.924742,Neem,India,verified
cap_3470,grower_86,2025-07-07 20:18:00,-1.377448,36.876218,Mahogany,Kenya,verified
cap_3471,grower_85,2025-06-23 06:45:00,-1.314563,36.834976,Avocado,Kenya,verified
cap_3472,grower_142,2025-01-13 14:53:00,1.240897,32.37473,Mango,Uganda,verified
cap_3473,grower_24,2025-04-13 08:28:00,-1.330608,36.830546,Mahogany,Kenya,unverified
cap_3474,grower_42,2025-07-10 22:37:00,-1.291063,36.861731,Acacia,Kenya,verified
cap_3475,grower_126,2025-03-24 00:46:00,12.854206,121.796729,Acacia,Philippines,verified
cap_3476,grower_57,2025-05-26 13:58:00,12.869528,121.808249,Mango,Philippines,unverified
cap_3477,grower_1,2025-02-06 05:41:00,12.894454,121.752073,Acacia,Philippines,unverified
cap_3478,grower_83,2025-02-12 11:51:00,1.368679,32.288679,Moringa,Uganda,verified
cap_3479,grower_85,2025-06-14 12:36:00,-1.306499,36.79779,Acacia,Kenya,verified
cap_3480,grower_121,2025-06-21 00:17:00,3.896506,11.500669,Moringa,Cameroon,verified
cap_3481,grower_25,2025-06-09 06:57:00,-1.318775,36.804054,Acacia,Kenya,verified
cap_3482,grower_85,2025-05-21 18:25:00,-1.202372,36.853549,Mahogany,Kenya,unverified
cap_3483,grower_99,2025-07-21 12:56:00,3.750794,11.486982,Mahogany,Cameroon,verified
cap_3484,grower_88,2025-06-19 00:32:00,-1.25481,36.801607,Acacia,Kenya,verified
cap_3485,grower_105,2025-05-15 05:56:00,-1.300158,36.835509,Neem,Kenya,unverified
cap_3486,grower_99,2025-07-01 05:02:00,3.81929,11.417353,Mahogany,Cameroon,verified
cap_3487,grower_10,2025-07-02 19:02:00,1.380994,32.284351,Mango,Uganda,verified
cap_3488,grower_96,2025-04-26 19:16:00,20.63372,78.89382,Avocado,India,verified
cap_3489,grower_3,2025-02-22 19:31:00,20.651524,78.893083,Moringa,India,unverified
cap_3490,grower_113,2025-05-18 20:37:00,1.36709,32.349816,Moringa,Uganda,verified
cap_3491,grower_137,2025-02-07 12:07:00,12.877585,121.734171,Avocado,Philippines,unverified
cap_3492,grower_28,2025-07-14 08:19:00,3.895498,11.532763,Mahogany,Cameroon,verified
cap_3493,grower_117,2025-04-05 05:18:00,3.868992,11.528365,Neem,Cameroon,unverified
cap_3494,grower_107,2025-05-26 08:38:00,20.583693,78.976334,Mango,India,verified
cap_3495,grower_45,2025-06-02 04:24:00,3.80661,11.54274,Acacia,Cameroon,unverified
cap_3496,grower_146,2025-03-15 03:05:00,12.855634,121.677944,Neem,Philippines,verified
cap_3497,grower_32,2025-06-07 13:13:00,12.932359,121.767196,Moringa,Philippines,verified
cap_3498,grower_66,2025-03-28 04:34:00,12.922077,121.842234,Neem,Philippines,verified
cap_3499,grower_113,2025-06-09 00:29:00,1.471822,32.357657,Moringa,Uganda,verified
cap_3500,grower_88,2025-05-24 13:26:00,-1.19566,36.76689,Mahogany,Kenya,unverified
cap_3501,grower_141,2025-03-05 06:12:00,-1.190263,36.786294,Moringa,Kenya,unverified
cap_3502,grower_114,2025-04-09 14:17:00,20.590503,79.044923,Moringa,India,verified
cap_3503,grower_20,2025-05-08 05:57:00,12.864929,121.681225,Acacia,Philippines,unverified
cap_3504,grower_99,2025-07-07 20:28:00,3.847623,11.559916,Moringa,Cameroon,unverified
cap_3505,grower_87,2025-03-02 09:38:00,-1.352434,36.865846,Avocado,Kenya,unverified
cap_3506,grower_79,2025-01-16 00:33:00,12.972692,121.632177,Acacia,Philippines,verified
cap_3507,grower_125,2025-06-19 14:53:00,-1.195464,36.855353,Moringa,Kenya,verified
cap_3508,grower_53,2025-02-19 19:46:00,12.888865,121.769946,Mango,Philippines,unverified
cap_3509,grower_91,2025-06-10 06:19:00,20.579261,78.885202,Neem,India,verified
cap_3510,grower_111,2025-01-19 23:13:00,-1.289095,36.747479,Avocado,Kenya,verified
cap_3511,grower_107,2025-03-20 21:11:00,20.510291,78.961513,Acacia,India,verified
cap_3512,grower_88,2025-02-06 07:39:00,-1.177797,36.823654,Mango,Kenya,verified
cap_3513,grower_139,2025-01-08 09:58:00,3.874617,11.447206,Acacia,Cameroon,verified
cap_3514,grower_71,2025-07-24 23:52:00,-1.251595,36.767315,Moringa,Kenya,verified
cap_3515,grower_5,2025-03-03 06:24:00,1.332248,32.38483,Avocado,Uganda,unverified
cap_3516,grower_54,2025-07-11 05:04:00,1.392249,32.323963,Neem,Uganda,verified
cap_3517,grower_3,2025-06-13 08:49:00,20.632653,79.016396,Avocado,India,unverified
cap_3518,grower_67,2025-06-16 21:09:00,3.894631,11.544622,Neem,Cameroon,verified
cap_3519,grower_147,2025-05-22 22:50:00,12.84114,121.815071,Mango,Philippines,verified
cap_3520,grower_100,2025-01-05 01:58:00,-1.36645,36.775029,Mango,Kenya,verified
cap_3521,grower_24,2025-02-19 05:13:00,-1.242325,36.84938,Mango,Kenya,verified
cap_3522,grower_138,2025-01-16 05:42:00,3.867608,11.526786,Avocado,Cameroon,unverified
cap_3523,grower_111,2025-03-11 12:23:00,-1.24053,36.865179,Moringa,Kenya,verified
cap_3524,grower_76,2025-03-05 05:42:00,3.836685,11.481886,Moringa,Cameroon,unverified
cap_3525,grower_120,2025-06-05 04:51:00,3.843157,11.488722,Mahogany,Cameroon,verified
cap_3526,grower_86,2025-02-05 20:59:00,-1.209944,36.909851,Neem,Kenya,verified
cap_3527,grower_142,2025-05-01 19:56:00,1.336338,32.341237,Mahogany,Uganda,verified
cap_3528,grower_43,2025-03-18 02:04:00,12.80486,121.759993,Avocado,Philippines,verified
cap_3529,grower_104,2025-07-24 01:59:00,3.875662,11.472429,Mango,Cameroon,verified
cap_3530,grower_145,2025-06-14 22:22:00,12.851842,121.887995,Neem,Philippines,verified
cap_3531,grower_124,2025-02-04 13:42:00,20.507482,78.910895,Acacia,India,verified
cap_3532,grower_63,2025-03-15 10:56:00,1.371232,32.232353,Neem,Uganda,unverified
cap_3533,grower_23,2025-03-10 03:11:00,12.963535,121.73391,Moringa,Philippines,verified
cap_3534,grower_2,2025-01-14 17:40:00,1.390267,32.29549,Moringa,Uganda,verified
cap_3535,grower_70,2025-01-29 18:17:00,12.844308,121.822902,Acacia,Philippines,verified
cap_3536,grower_73,2025-03-03 23:31:00,1.335134,32.274958,Mahogany,Uganda,verified
cap_3537,grower_80,2025-06-26 07:24:00,12.901719,121.776581,Mango,Philippines,verified
cap_3538,grower_17,2025-03-11 09:42:00,12.917803,121.79025,Moringa,Philippines,verified
cap_3539,grower_136,2025-02-01 11:54:00,20.545169,78.954149,Acacia,India,verified
cap_3540,grower_60,2025-03-02 15:35:00,3.87831,11.512644,Neem,Cameroon,verified
cap_3541,grower_76,2025-06-04 05:58:00,3.801172,11.480425,Moringa,Cameroon,verified
cap_3542,grower_75,2025-05-07 06:16:00,1.411102,32.373096,Mango,Uganda,verified
cap_3543,grower_97,2025-07-15 03:20:00,1.439645,32.41584,Mahogany,Uganda,verified
cap_3544,grower_144,2025-03-14 15:58:00,12.845538,121.783374,Mango,Philippines,verified
cap_3545,grower_74,2025-06-25 15:44:00,3.82821,11.474998,Avocado,Cameroon,verified
cap_3546,grower_115,2025-06-17 01:57:00,-1.305976,36.845743,Avocado,Kenya,verified
cap_3547,grower_118,2025-05-30 13:35:00,20.553266,78.945204,Avocado,India,verified
cap_3548,grower_74,2025-01-24 05:42:00,3.789116,11.534763,Moringa,Cameroon,verified
cap_3549,grower_53,2025-05-02 11:15:00,12.819796,121.716926,Acacia,Philippines,verified
cap_3550,grower_88,2025-01-21 09:20:00,-1.219788,36.761909,Mahogany,Kenya,verified
cap_3551,grower_44,2025-07-08 21:42:00,3.787489,11.530112,Mango,Cameroon,verified
cap_3552,grower_36,2025-01-18 08:50:00,1.495327,32.272506,Neem,Uganda,unverified
cap_3553,grower_30,2025-04-03 14:41:00,12.828894,121.7684,Avocado,Philippines,verified
cap_3554,grower_72,2025-03-13 12:09:00,1.320163,32.330074,Mahogany,Uganda,verified
cap_3555,grower_32,2025-04-07 14:30:00,12.909369,121.773023,Avocado,Philippines,unverified
cap_3556,grower_128,2025-03-11 09:15:00,12.904317,121.738947,Acacia,Philippines,verified
cap_3557,grower_76,2025-01-18 04:43:00,3.842124,11.463864,Acacia,Cameroon,verified
cap_3558,grower_126,2025-05-28 20:45:00,12.925057,121.851193,Neem,Philippines,verified
cap_3559,grower_50,2025-06-08 03:58:00,12.870576,121.749436,Acacia,Philippines,verified
cap_3560,grower_53,2025-05-18 10:51:00,12.858213,121.792775,Avocado,Philippines,verified
cap_3561,grower_21,2025-03-01 14:26:00,3.857999,11.529789,Avocado,Cameroon,verified
cap_3562,grower_24,2025-06-01 19:07:00,-1.375143,36.775544,Mango,Kenya,verified
cap_3563,grower_41,2025-06-07 16:52:00,12.907009,121.74888,Moringa,Philippines,verified
cap_3564,grower_53,2025-06-28 08:47:00,12.867503,121.789953,Mahogany,Philippines,verified
cap_3565,grower_59,2025-05-29 04:03:00,12.820758,121.793686,Mango,Philippines,verified
cap_3566,grower_6,2025-02-22 23:31:00,3.865666,11.491509,Neem,Cameroon,verified
cap_3567,grower_74,2025-01-04 07:21:00,3.899233,11.539191,Neem,Cameroon,verified
cap_3568,grower_51,2025-04-06 15:09:00,12.90439,121.763726,Moringa,Philippines,verified
cap_3569,grower_13,2025-06-28 00:04:00,1.394624,32.281335,Avocado,Uganda,verified
cap_3570,grower_141,2025-02-17 22:10:00,-1.311184,36.834466,Avocado,Kenya,verified
cap_3571,grower_76,2025-04-02 02:20:00,3.936555,11.505895,Acacia,Cameroon,unverified
cap_3572,grower_130,2025-02-26 02:16:00,1.37695,32.374091,Acacia,Uganda,verified
cap_3573,grower_130,2025-02-26 23:43:00,1.351766,32.311988,Moringa,Uganda,verified
cap_3574,grower_14,2025-05-07 03:37:00,3.870886,11.435472,Acacia,Cameroon,verified
cap_3575,grower_113,2025-06-30 01:38:00,1.350643,32.264966,Mahogany,Uganda,verified
cap_3576,grower_93,2025-06-16 06:20:00,20.529308,78.887321,Moringa,India,verified
cap_3577,grower_123,2025-02-13 23:01:00,1.324924,32.30468,Neem,Uganda,verified
cap_3578,grower_117,2025-02-23 03:41:00,3.863304,11.514625,Avocado,Cameroon,verified
cap_3579,grower_143,2025-06-20 06:54:00,12.951544,121.766523,Acacia,Philippines,verified
cap_3580,grower_28,2025-01-09 10:49:00,3.786647,11.532109,Neem,Cameroon,verified
cap_3581,grower_109,2025-02-17 19:51:00,20.597478,78.902654,Moringa,India,verified
cap_3582,grower_74,2025-01-24 20:24:00,3.804989,11.482069,Moringa,Cameroon,verified
cap_3583,grower_118,2025-06-15 07:07:00,20.620396,78.970001,Mango,India,verified
cap_3584,grower_139,2025-05-11 13:43:00,3.805325,11.494993,Mango,Cameroon,verified
cap_3585,grower_130,2025-02-09 21:21:00,1.428557,32.274637,Mango,Uganda,verified
cap_3586,grower_47,2025-07-22 23:51:00,3.813124,11.45662,Avocado,Cameroon,verified
cap_3587,grower_130,2025-02-18 06:07:00,1.386756,32.273577,Moringa,Uganda,verified
cap_3588,grower_24,2025-02-17 02:30:00,-1.266075,36.846948,Acacia,Kenya,verified
cap_3589,grower_41,2025-05-31 04:46:00,12.902262,121.752722,Neem,Philippines,verified
cap_3590,grower_9,2025-05-11 16:36:00,20.656487,79.006927,Acacia,India,verified
cap_3591,grower_117,2025-02-21 08:27:00,3.934722,11.494802,Neem,Cameroon,unverified
cap_3592,grower_12,2025-02-06 11:55:00,20.596985,78.9394,Moringa,India,verified
cap_3593,grower_55,2025-07-08 18:18:00,20.637232,79.011636,Avocado,India,verified
cap_3594,grower_106,2025-01-11 13:53:00,1.368291,32.252284,Neem,Uganda,verified
cap_3595,grower_15,2025-07-05 22:12:00,12.832988,121.68921,Mahogany,Philippines,verified
cap_3596,grower_128,2025-06-04 04:59:00,12.900701,121.761723,Neem,Philippines,verified
cap_3597,grower_113,2025-02-07 03:00:00,1.363015,32.319144,Moringa,Uganda,unverified
cap_3598,grower_84,2025-06-12 07:35:00,1.313371,32.29376,Acacia,Uganda,verified
cap_3599,grower_72,2025-07-16 20:14:00,1.41186,32.32619,Moringa,Uganda,unverified
cap_3600,grower_117,2025-01-12 21:55:00,3.836956,11.584209,Neem,Cameroon,verified
cap_3601,grower_85,2025-06-10 07:30:00,-1.280258,36.785146,Mango,Kenya,verified
cap_3602,grower_74,2025-07-19 11:13:00,3.814947,11.524344,Neem,Cameroon,verified
cap_3603,grower_49,2025-06-02 18:49:00,3.817559,11.439476,Mango,Cameroon,verified
cap_3604,grower_53,2025-02-20 08:14:00,12.871874,121.786761,Mango,Philippines,verified
cap_3605,grower_120,2025-02-19 05:30:00,3.951201,11.495012,Moringa,Cameroon,verified
cap_3606,grower_48,2025-01-14 23:13:00,1.369829,32.18919,Neem,Uganda,verified
cap_3607,grower_17,2025-05-02 01:53:00,12.831893,121.86246,Acacia,Philippines,verified
cap_3608,grower_21,2025-07-10 16:14:00,3.819301,11.504463,Avocado,Cameroon,verified
cap_3609,grower_92,2025-06-15 04:48:00,-1.266556,36.766417,Moringa,Kenya,verified
cap_3610,grower_143,2025-01-25 18:47:00,12.890295,121.822612,Acacia,Philippines,verified
cap_3611,grower_33,2025-02-12 19:09:00,12.906039,121.770222,Mango,Philippines,verified
cap_3612,grower_69,2025-05-31 15:53:00,12.903929,121.704469,Neem,Philippines,verified
cap_3613,grower_62,2025-06-11 10:53:00,12.840124,121.74587,Mango,Philippines,verified
cap_3614,grower_60,2025-01-11 15:30:00,3.72375,11.41158,Moringa,Cameroon,verified
cap_3615,grower_65,2025-03-08 14:36:00,3.879488,11.574861,Avocado,Cameroon,unverified
cap_3616,grower_10,2025-07-15 15:58:00,1.450059,32.402313,Mango,Uganda,verified
cap_3617,grower_138,2025-01-17 14:38:00,3.768713,11.513172,Mahogany,Cameroon,unverified
cap_3618,grower_108,2025-04-26 06:00:00,12.982059,121.841435,Moringa,Philippines,verified
cap_3619,grower_76,2025-03-13 23:46:00,3.873028,11.420913,Avocado,Cameroon,verified
cap_3620,grower_111,2025-02-25 22:01:00,-1.334724,36.89575,Mahogany,Kenya,verified
cap_3621,grower_34,2025-01-19 09:15:00,-1.330167,36.911523,Mango,Kenya,unverified
cap_3622,grower_3,2025-06-13 00:38:00,20.565632,78.968064,Mango,India,verified
cap_3623,grower_13,2025-07-19 10:09:00,1.380363,32.314257,Acacia,Uganda,unverified
cap_3624,grower_113,2025-07-06 06:03:00,1.315807,32.276268,Neem,Uganda,verified
cap_3625,grower_129,2025-07-03 16:00:00,1.396256,32.342096,Acacia,Uganda,verified
cap_3626,grower_32,2025-06-28 11:42:00,12.905679,121.797428,Avocado,Philippines,verified
cap_3627,grower_21,2025-01-24 18:35:00,3.712421,11.542455,Acacia,Cameroon,verified
cap_3628,grower_23,2025-06-15 03:02:00,12.858258,121.706375,Acacia,Philippines,verified
cap_3629,grower_123,2025-01-03 17:09:00,1.346089,32.254314,Mahogany,Uganda,verified
cap_3630,grower_13,2025-01-19 00:34:00,1.294255,32.309228,Moringa,Uganda,verified
cap_3631,grower_6,2025-01-26 04:00:00,3.731087,11.483194,Avocado,Cameroon,verified
cap_3632,grower_59,2025-01-21 05:15:00,12.852752,121.81991,Mahogany,Philippines,unverified
cap_3633,grower_6,2025-02-09 01:13:00,3.879994,11.494586,Avocado,Cameroon,verified
cap_3634,grower_103,2025-03-24 23:32:00,12.846422,121.692881,Mahogany,Philippines,unverified
cap_3635,grower_34,2025-06-19 00:12:00,-1.256242,36.671198,Neem,Kenya,unverified
cap_3636,grower_132,2025-04-17 04:28:00,1.424626,32.319972,Moringa,Uganda,verified
cap_3637,grower_5,2025-06-09 02:57:00,1.403738,32.276968,Moringa,Uganda,verified
cap_3638,grower_4,2025-03-22 23:10:00,1.421898,32.34348,Moringa,Uganda,verified
cap_3639,grower_129,2025-05-18 07:34:00,1.367398,32.258617,Moringa,Uganda,verified
cap_3640,grower_99,2025-06-17 14:41:00,3.908059,11.447895,Mahogany,Cameroon,unverified
cap_3641,grower_10,2025-03-03 22:36:00,1.28175,32.247696,Mango,Uganda,verified
cap_3642,grower_49,2025-07-21 01:32:00,3.859908,11.503184,Mango,Cameroon,verified
cap_3643,grower_39,2025-06-02 14:41:00,-1.25877,36.952052,Neem,Kenya,verified
cap_3644,grower_104,2025-05-02 10:31:00,3.826946,11.418286,Mango,Cameroon,verified
cap_3645,grower_62,2025-07-16 14:29:00,12.867386,121.81305,Mahogany,Philippines,verified
cap_3646,grower_124,2025-02-16 18:48:00,20.558421,78.940027,Mango,India,verified
cap_3647,grower_8,2025-03-25 06:46:00,20.583612,79.01395,Neem,India,verified
cap_3648,grower_46,2025-05-30 03:02:00,-1.140718,36.881001,Avocado,Kenya,verified
cap_3649,grower_145,2025-03-08 21:24:00,12.829828,121.721559,Acacia,Philippines,verified
cap_3650,grower_81,2025-03-09 23:27:00,1.433677,32.324861,Mango,Uganda,verified
cap_3651,grower_77,2025-06-26 14:42:00,-1.254928,36.77348,Avocado,Kenya,verified
cap_3652,grower_79,2025-04-26 01:25:00,12.887125,121.783195,Acacia,Philippines,verified
cap_3653,grower_80,2025-04-12 16:10:00,12.962734,121.745374,Avocado,Philippines,verified
cap_3654,grower_1,2025-03-10 03:16:00,12.909776,121.757258,Mahogany,Philippines,unverified
cap_3655,grower_107,2025-01-04 10:26:00,20.586864,79.006805,Mango,India,verified
cap_3656,grower_16,2025-01-30 13:13:00,3.884606,11.513143,Mango,Cameroon,unverified
cap_3657,grower_50,2025-04-21 08:06:00,12.841434,121.731901,Mango,Philippines,verified
cap_3658,grower_150,2025-05-23 13:35:00,12.877841,121.786642,Acacia,Philippines,unverified
cap_3659,grower_101,2025-06-11 14:27:00,12.97653,121.742738,Moringa,Philippines,verified
cap_3660,grower_119,2025-05-20 18:31:00,-1.266937,36.82489,Mango,Kenya,verified
cap_3661,grower_80,2025-04-16 17:33:00,12.845317,121.726152,Avocado,Philippines,unverified
cap_3662,grower_125,2025-06-20 16:42:00,-1.231586,36.795083,Mahogany,Kenya,verified
cap_3663,grower_118,2025-03-02 00:11:00,20.531474,79.011588,Avocado,India,verified
cap_3664,grower_67,2025-03-22 02:47:00,3.807177,11.451923,Mango,Cameroon,verified
cap_3665,grower_79,2025-01-13 23:09:00,12.981624,121.716418,Mahogany,Philippines,unverified
cap_3666,grower_47,2025-02-01 21:13:00,3.869909,11.396787,Mahogany,Cameroon,verified
cap_3667,grower_84,2025-07-26 02:24:00,1.495985,32.296745,Neem,Uganda,verified
cap_3668,grower_106,2025-01-08 15:25:00,1.39804,32.186211,Mahogany,Uganda,unverified
cap_3669,grower_59,2025-04-03 18:06:00,12.886646,121.794075,Moringa,Philippines,verified
cap_3670,grower_63,2025-04-20 10:12:00,1.365216,32.240748,Mango,Uganda,verified
cap_3671,grower_94,2025-01-13 19:01:00,20.613604,78.9826,Mahogany,India,unverified
cap_3672,grower_107,2025-05-17 03:45:00,20.599834,78.89535,Mahogany,India,verified
cap_3673,grower_108,2025-05-08 22:56:00,12.886855,121.745581,Moringa,Philippines,verified
cap_3674,grower_106,2025-07-22 17:44:00,1.371682,32.309096,Neem,Uganda,verified
cap_3675,grower_143,2025-07-19 01:58:00,12.860091,121.76804,Neem,Philippines,verified
cap_3676,grower_62,2025-05-10 14:04:00,12.90495,121.73544,Mahogany,Philippines,verified
cap_3677,grower_147,2025-02-01 10:16:00,12.900679,121.899669,Neem,Philippines,verified
cap_3678,grower_81,2025-03-28 14:50:00,1.33441,32.305377,Acacia,Uganda,unverified
cap_3679,grower_44,2025-05-24 10:02:00,3.900519,11.517044,Avocado,Cameroon,verified
cap_3680,grower_131,2025-03-07 08:59:00,20.624902,79.010574,Neem,India,verified
cap_3681,grower_80,2025-04-29 00:45:00,12.933883,121.766656,Acacia,Philippines,verified
cap_3682,grower_13,2025-06-30 17:54:00,1.28604,32.338755,Neem,Uganda,verified
cap_3683,grower_60,2025-04-03 20:30:00,3.771735,11.422375,Acacia,Cameroon,verified
cap_3684,grower_37,2025-05-28 09:29:00,20.732172,78.987717,Moringa,India,verified
cap_3685,grower_63,2025-07-04 12:50:00,1.382807,32.294521,Neem,Uganda,verified
cap_3686,grower_45,2025-06-23 08:42:00,3.858031,11.499092,Acacia,Cameroon,unverified
cap_3687,grower_42,2025-02-21 19:33:00,-1.320097,36.7696,Neem,Kenya,verified
cap_3688,grower_115,2025-07-11 13:55:00,-1.331486,36.804239,Neem,Kenya,verified
cap_3689,grower_35,2025-02-21 06:05:00,20.574605,78.994701,Mahogany,India,verified
cap_3690,grower_23,2025-07-17 00:47:00,12.859348,121.836066,Moringa,Philippines,verified
cap_3691,grower_7,2025-04-09 20:12:00,20.64173,78.985133,Acacia,India,verified
cap_3692,grower_30,2025-07-15 07:05:00,12.887078,121.805158,Moringa,Philippines,verified
cap_3693,grower_23,2025-04-11 21:24:00,12.842038,121.770558,Mahogany,Philippines,verified
cap_3694,grower_12,2025-03-11 08:57:00,20.567278,79.0226,Mahogany,India,verified
cap_3695,grower_32,2025-07-25 00:29:00,12.825613,121.741305,Neem,Philippines,verified
cap_3696,grower_37,2025-02-28 00:27:00,20.533156,78.997359,Avocado,India,verified
cap_3697,grower_147,2025-02-13 01:52:00,12.97269,121.798742,Avocado,Philippines,verified
cap_3698,grower_19,2025-05-24 16:53:00,-1.318688,36.919377,Neem,Kenya,verified
cap_3699,grower_39,2025-02-19 22:12:00,-1.210453,36.786983,Mahogany,Kenya,unverified
cap_3700,grower_5,2025-03-09 07:25:00,1.363116,32.250859,Mango,Uganda,verified
cap_3701,grower_69,2025-05-14 04:31:00,12.847559,121.76122,Acacia,Philippines,verified
cap_3702,grower_140,2025-01-02 05:50:00,1.305352,32.239138,Mango,Uganda,verified
cap_3703,grower_8,2025-02-04 12:28:00,20.618231,78.926533,Mahogany,India,verified
cap_3704,grower_68,2025-02-01 11:26:00,3.798309,11.425726,Avocado,Cameroon,verified
cap_3705,grower_38,2025-01-19 09:06:00,1.285095,32.328747,Mango,Uganda,verified
cap_3706,grower_110,2025-02-20 09:27:00,20.564296,79.007445,Moringa,India,verified
cap_3707,grower_108,2025-03-23 15:57:00,12.855254,121.818198,Mango,Philippines,verified
cap_3708,grower_96,2025-03-16 08:17:00,20.632765,79.026687,Moringa,India,verified
cap_3709,grower_76,2025-06-20 01:33:00,3.807944,11.492038,Neem,Cameroon,verified
cap_3710,grower_108,2025-04-01 17:47:00,12.866189,121.840577,Moringa,Philippines,verified
cap_3711,grower_23,2025-03-18 09:34:00,12.929498,121.846265,Acacia,Philippines,verified
cap_3712,grower_80,2025-03-30 17:24:00,12.838131,121.752389,Moringa,Philippines,verified
cap_3713,grower_87,2025-07-13 14:18:00,-1.197061,36.781838,Mahogany,Kenya,unverified
cap_3714,grower_4,2025-03-27 00:46:00,1.383991,32.311648,Neem,Uganda,verified
cap_3715,grower_31,2025-06-17 05:50:00,20.589616,78.952495,Acacia,India,verified
cap_3716,grower_40,2025-06-24 16:43:00,3.850035,11.48779,Avocado,Cameroon,verified
cap_3717,grower_85,2025-04-18 03:33:00,-1.281043,36.755279,Moringa,Kenya,verified
cap_3718,grower_38,2025-05-23 07:13:00,1.367013,32.276275,Avocado,Uganda,verified
cap_3719,grower_75,2025-04-05 07:57:00,1.402338,32.315633,Neem,Uganda,verified
cap_3720,grower_71,2025-01-14 03:40:00,-1.283054,36.781412,Acacia,Kenya,verified
cap_3721,grower_150,2025-04-13 00:34:00,12.870318,121.750006,Mahogany,Philippines,verified
cap_3722,grower_131,2025-04-05 05:10:00,20.605805,79.038229,Mango,India,verified
cap_3723,grower_143,2025-02-28 20:55:00,12.891573,121.785486,Avocado,Philippines,verified
cap_3724,grower_54,2025-01-23 23:08:00,1.492919,32.292309,Mahogany,Uganda,verified
cap_3725,grower_54,2025-01-11 16:24:00,1.302311,32.321247,Neem,Uganda,verified
cap_3726,grower_58,2025-04-03 09:21:00,3.756909,11.507268,Avocado,Cameroon,verified
cap_3727,grower_127,2025-06-03 17:39:00,1.271366,32.254435,Neem,Uganda,verified
cap_3728,grower_139,2025-07-25 03:44:00,3.794659,11.494745,Avocado,Cameroon,verified
cap_3729,grower_11,2025-03-05 05:56:00,12.814724,121.716865,Neem,Philippines,unverified
cap_3730,grower_142,2025-03-12 22:41:00,1.27306,32.233228,Avocado,Uganda,verified
cap_3731,grower_130,2025-07-05 19:02:00,1.373035,32.310441,Moringa,Uganda,verified
cap_3732,grower_21,2025-07-22 15:43:00,3.822935,11.488595,Mahogany,Cameroon,verified
cap_3733,grower_87,2025-03-09 13:44:00,-1.34598,36.878101,Avocado,Kenya,verified
cap_3734,grower_33,2025-02-18 13:17:00,12.845544,121.73842,Avocado,Philippines,verified
cap_3735,grower_134,2025-06-05 13:08:00,1.413552,32.1709,Acacia,Uganda,verified
cap_3736,grower_40,2025-06-03 08:34:00,3.837747,11.444895,Acacia,Cameroon,verified
cap_3737,grower_4,2025-07-13 06:09:00,1.334301,32.257446,Neem,Uganda,unverified
cap_3738,grower_35,2025-05-01 23:42:00,20.567672,78.948306,Moringa,India,verified
cap_3739,grower_142,2025-04-28 07:00:00,1.354165,32.357217,Moringa,Uganda,verified
cap_3740,grower_84,2025-01-08 11:10:00,1.333992,32.293535,Moringa,Uganda,verified
cap_3741,grower_113,2025-07-24 20:58:00,1.407927,32.352751,Avocado,Uganda,verified
cap_3742,grower_118,2025-05-24 16:36:00,20.613006,78.95166,Avocado,India,verified
cap_3743,grower_52,2025-07-14 18:38:00,12.910873,121.828813,Avocado,Philippines,verified
cap_3744,grower_25,2025-04-04 03:40:00,-1.271114,36.767618,Mango,Kenya,verified
cap_3745,grower_87,2025-05-04 01:16:00,-1.276684,36.817085,Mahogany,Kenya,verified
cap_3746,grower_42,2025-06-08 10:36:00,-1.278185,36.836637,Neem,Kenya,verified
cap_3747,grower_65,2025-07-22 07:36:00,3.859486,11.534425,Acacia,Cameroon,verified
cap_3748,grower_94,2025-04-13 18:34:00,20.565724,78.966494,Mango,India,verified
cap_3749,grower_70,2025-02-20 11:25:00,12.840661,121.743984,Moringa,Philippines,unverified
cap_3750,grower_87,2025-01-22 21:02:00,-1.263972,36.818024,Mango,Kenya,verified
cap_3751,grower_118,2025-07-29 02:00:00,20.620939,78.964045,Neem,India,verified
cap_3752,grower_69,2025-03-13 01:30:00,12.945812,121.854768,Neem,Philippines,verified
cap_3753,grower_127,2025-06-24 07:30:00,1.382549,32.202168,Moringa,Uganda,verified
cap_3754,grower_111,2025-06-23 09:00:00,-1.243565,36.868775,Mango,Kenya,unverified
cap_3755,grower_144,2025-02-19 02:01:00,12.927699,121.76114,Acacia,Philippines,verified
cap_3756,grower_70,2025-05-09 12:00:00,12.834512,121.807775,Moringa,Philippines,verified
cap_3757,grower_114,2025-04-05 02:00:00,20.562328,79.017041,Mahogany,India,unverified
cap_3758,grower_41,2025-07-14 17:52:00,12.88622,121.760807,Moringa,Philippines,verified
cap_3759,grower_114,2025-02-17 01:06:00,20.537024,78.84407,Mango,India,verified
cap_3760,grower_9,2025-03-23 18:12:00,20.639199,78.914363,Avocado,India,verified
cap_3761,grower_66,2025-06-05 15:19:00,12.846418,121.772361,Moringa,Philippines,verified
cap_3762,grower_75,2025-03-17 18:29:00,1.487736,32.26074,Moringa,Uganda,verified
cap_3763,grower_56,2025-05-01 14:12:00,-1.182915,36.911152,Avocado,Kenya,unverified
cap_3764,grower_31,2025-05-04 06:28:00,20.522713,78.949458,Neem,India,verified
cap_3765,grower_79,2025-06-07 17:09:00,12.918934,121.75052,Mango,Philippines,verified
cap_3766,grower_150,2025-01-18 09:44:00,12.884284,121.662219,Mahogany,Philippines,verified
cap_3767,grower_48,2025-05-14 22:10:00,1.392322,32.28475,Acacia,Uganda,verified
cap_3768,grower_126,2025-06-28 11:34:00,12.793751,121.648787,Moringa,Philippines,verified
cap_3769,grower_146,2025-01-31 15:51:00,12.823863,121.741793,Moringa,Philippines,unverified
cap_3770,grower_106,2025-05-24 17:45:00,1.292922,32.25824,Neem,Uganda,verified
cap_3771,grower_35,2025-04-13 15:58:00,20.495607,78.995125,Mango,India,verified
cap_3772,grower_109,2025-04-07 00:38:00,20.632162,78.993733,Neem,India,verified
cap_3773,grower_103,2025-05-19 11:11:00,12.885798,121.802732,Moringa,Philippines,verified
cap_3774,grower_61,2025-06-17 01:30:00,3.856958,11.464486,Mahogany,Cameroon,verified
cap_3775,grower_39,2025-06-09 19:08:00,-1.256456,36.723458,Mahogany,Kenya,verified
cap_3776,grower_82,2025-07-16 16:04:00,-1.284383,36.939594,Mahogany,Kenya,verified
cap_3777,grower_80,2025-05-07 13:10:00,12.933129,121.799468,Mahogany,Philippines,unverified
cap_3778,grower_32,2025-01-04 23:45:00,12.919853,121.683486,Mahogany,Philippines,verified
cap_3779,grower_108,2025-03-31 05:11:00,12.945285,121.689821,Acacia,Philippines,verified
cap_3780,grower_87,2025-01-09 11:21:00,-1.260861,36.92071,Mango,Kenya,verified
cap_3781,grower_55,2025-06-23 14:17:00,20.573866,78.967427,Avocado,India,verified
cap_3782,grower_5,2025-04-09 03:33:00,1.37549,32.302316,Mango,Uganda,verified
cap_3783,grower_85,2025-02-15 17:51:00,-1.260487,36.893735,Moringa,Kenya,verified
cap_3784,grower_132,2025-02-11 10:03:00,1.296177,32.269705,Neem,Uganda,verified
cap_3785,grower_26,2025-04-19 15:39:00,20.634952,79.079851,Mahogany,India,verified
cap_3786,grower_73,2025-05-21 22:18:00,1.351005,32.295793,Mahogany,Uganda,verified
cap_3787,grower_86,2025-07-20 02:16:00,-1.31375,36.813736,Neem,Kenya,verified
cap_3788,grower_84,2025-01-27 00:17:00,1.389323,32.30027,Mahogany,Uganda,unverified
cap_3789,grower_135,2025-05-03 15:56:00,20.506868,78.942688,Mango,India,verified
cap_3790,grower_82,2025-05-14 00:38:00,-1.310867,36.773788,Mango,Kenya,verified
cap_3791,grower_59,2025-06-06 14:31:00,12.859526,121.772959,Mango,Philippines,verified
cap_3792,grower_102,2025-03-16 17:29:00,-1.254142,36.791782,Moringa,Kenya,verified
cap_3793,grower_89,2025-01-31 06:14:00,12.835966,121.801219,Moringa,Philippines,verified
cap_3794,grower_3,2025-04-10 17:43:00,20.582881,78.942187,Avocado,India,verified
cap_3795,grower_40,2025-04-15 19:06:00,3.814035,11.470358,Mango,Cameroon,verified
cap_3796,grower_91,2025-06-28 18:41:00,20.650781,78.950647,Mahogany,India,verified
cap_3797,grower_53,2025-07-09 03:19:00,12.874189,121.743109,Acacia,Philippines,unverified
cap_3798,grower_122,2025-04-15 02:47:00,12.866447,121.837953,Avocado,Philippines,verified
cap_3799,grower_82,2025-04-25 21:15:00,-1.34186,36.799332,Neem,Kenya,verified
cap_3800,grower_4,2025-06-24 17:29:00,1.283286,32.36611,Mahogany,Uganda,verified
cap_3801,grower_7,2025-06-17 06:16:00,20.637316,78.989803,Acacia,India,verified
cap_3802,grower_85,2025-07-21 08:18:00,-1.372914,36.923923,Mahogany,Kenya,verified
cap_3803,grower_45,2025-07-24 05:40:00,3.823339,11.496054,Moringa,Cameroon,verified
cap_3804,grower_15,2025-04-25 22:40:00,12.874557,121.778401,Acacia,Philippines,unverified
cap_3805,grower_79,2025-07-23 05:13:00,12.859669,121.800595,Neem,Philippines,verified
cap_3806,grower_121,2025-07-20 09:38:00,3.860391,11.467416,Mango,Cameroon,verified
cap_3807,grower_93,2025-03-28 06:34:00,20.604841,78.949336,Acacia,India,verified
cap_3808,grower_13,2025-05-08 16:43:00,1.387257,32.304301,Moringa,Uganda,verified
cap_3809,grower_60,2025-07-10 08:01:00,3.856244,11.520399,Acacia,Cameroon,verified
cap_3810,grower_8,2025-06-06 22:53:00,20.645399,78.934213,Avocado,India,verified
cap_3811,grower_59,2025-01-23 09:17:00,12.877882,121.796008,Avocado,Philippines,verified
cap_3812,grower_28,2025-03-20 00:02:00,3.865705,11.490904,Avocado,Cameroon,verified
cap_3813,grower_21,2025-02-02 03:25:00,3.921325,11.53884,Moringa,Cameroon,verified
cap_3814,grower_5,2025-02-04 23:07:00,1.456058,32.250413,Avocado,Uganda,verified
cap_3815,grower_11,2025-05-25 23:24:00,12.816576,121.757466,Mahogany,Philippines,verified
cap_3816,grower_79,2025-03-15 17:31:00,12.853642,121.894718,Acacia,Philippines,unverified
cap_3817,grower_120,2025-03-04 18:44:00,3.833727,11.51979,Mahogany,Cameroon,verified
cap_3818,grower_10,2025-02-21 06:13:00,1.336146,32.214167,Avocado,Uganda,verified
cap_3819,grower_140,2025-01-29 00:57:00,1.370261,32.260433,Mango,Uganda,verified
cap_3820,grower_23,2025-03-04 12:57:00,12.888781,121.771075,Mahogany,Philippines,verified
cap_3821,grower_11,2025-05-08 16:38:00,12.92092,121.781999,Acacia,Philippines,verified
cap_3822,grower_95,2025-06-02 14:20:00,-1.273673,36.778891,Moringa,Kenya,verified
cap_3823,grower_37,2025-04-04 23:58:00,20.584404,79.007553,Mahogany,India,unverified
cap_3824,grower_41,2025-03-31 02:34:00,12.992309,121.79784,Avocado,Philippines,verified
cap_3825,grower_59,2025-01-07 13:03:00,12.92465,121.771585,Mango,Philippines,verified
cap_3826,grower_89,2025-01-29 09:46:00,12.811291,121.766092,Mahogany,Philippines,verified
cap_3827,grower_90,2025-02-04 16:46:00,20.559193,78.945374,Mango,India,verified
cap_3828,grower_122,2025-01-17 16:52:00,12.78114,121.821369,Avocado,Philippines,unverified
cap_3829,grower_142,2025-04-29 00:10:00,1.394235,32.328482,Mango,Uganda,verified
cap_3830,grower_67,2025-04-20 06:49:00,3.829157,11.479464,Avocado,Cameroon,verified
cap_3831,grower_9,2025-06-07 19:01:00,20.631499,78.928836,Avocado,India,verified
cap_3832,grower_58,2025-07-24 01:16:00,3.880405,11.504872,Neem,Cameroon,verified
cap_3833,grower_134,2025-05-16 17:27:00,1.440367,32.276339,Mahogany,Uganda,verified
cap_3834,grower_85,2025-07-24 10:28:00,-1.365508,36.856091,Avocado,Kenya,verified
cap_3835,grower_39,2025-03-13 05:06:00,-1.331466,36.882251,Mango,Kenya,verified
cap_3836,grower_105,2025-03-13 02:28:00,-1.314285,36.725226,Moringa,Kenya,verified
cap_3837,grower_118,2025-04-05 04:56:00,20.560735,78.943776,Avocado,India,verified
cap_3838,grower_25,2025-06-15 11:25:00,-1.315313,36.867971,Mahogany,Kenya,verified
cap_3839,grower_33,2025-04-30 14:09:00,13.001515,121.724491,Moringa,Philippines,verified
cap_3840,grower_118,2025-01-17 14:23:00,20.507447,78.980754,Mango,India,verified
cap_3841,grower_72,2025-06-01 22:50:00,1.37942,32.358085,Acacia,Uganda,verified
cap_3842,grower_21,2025-06-30 10:54:00,3.72571,11.470724,Avocado,Cameroon,verified
cap_3843,grower_94,2025-05-20 07:33:00,20.596369,78.894412,Avocado,India,verified
cap_3844,grower_88,2025-03-10 02:11:00,-1.143484,36.91229,Mango,Kenya,verified
cap_3845,grower_140,2025-05-31 12:49:00,1.388109,32.263755,Mahogany,Uganda,verified
cap_3846,grower_69,2025-03-11 12:12:00,12.896631,121.775087,Avocado,Philippines,verified
cap_3847,grower_98,2025-02-01 02:00:00,3.809008,11.46776,Moringa,Cameroon,verified
cap_3848,grower_48,2025-01-22 12:32:00,1.33826,32.209343,Acacia,Uganda,verified
cap_3849,grower_53,2025-04-04 05:21:00,12.928424,121.807612,Moringa,Philippines,verified
cap_3850,grower_59,2025-02-27 16:57:00,12.883205,121.762637,Mahogany,Philippines,verified
cap_3851,grower_126,2025-04-05 18:21:00,12.898709,121.795172,Mango,Philippines,verified
cap_3852,grower_5,2025-07-09 02:08:00,1.365163,32.276859,Moringa,Uganda,verified
cap_3853,grower_43,2025-02-11 22:53:00,12.840189,121.735315,Neem,Philippines,verified
cap_3854,grower_109,2025-05-03 09:13:00,20.60864,78.911222,Avocado,India,unverified
cap_3855,grower_10,2025-05-21 00:10:00,1.396082,32.367589,Mahogany,Uganda,verified
cap_3856,grower_33,2025-02-28 07:37:00,12.886676,121.735834,Moringa,Philippines,verified
cap_3857,grower_43,2025-03-01 17:01:00,12.889821,121.817898,Moringa,Philippines,verified
cap_3858,grower_112,2025-05-15 12:42:00,20.566531,79.059299,Mango,India,verified
cap_3859,grower_130,2025-05-08 04:20:00,1.288749,32.17382,Moringa,Uganda,verified
cap_3860,grower_94,2025-07-17 08:17:00,20.607152,78.983307,Avocado,India,verified
cap_3861,grower_113,2025-03-15 23:26:00,1.32606,32.252157,Mango,Uganda,verified
cap_3862,grower_113,2025-07-25 08:23:00,1.28202,32.291428,Neem,Uganda,verified
cap_3863,grower_132,2025-01-26 04:50:00,1.509296,32.339091,Avocado,Uganda,verified
cap_3864,grower_83,2025-04-11 09:05:00,1.330049,32.303548,Mango,Uganda,verified
cap_3865,grower_23,2025-04-19 06:06:00,12.847011,121.758014,Mahogany,Philippines,verified
cap_3866,grower_94,2025-01-12 17:41:00,20.576776,78.93281,Moringa,India,unverified
cap_3867,grower_143,2025-05-19 10:32:00,12.87349,121.770822,Mango,Philippines,verified
cap_3868,grower_121,2025-06-13 00:02:00,3.837768,11.563825,Avocado,Cameroon,verified
cap_3869,grower_16,2025-02-11 02:17:00,3.918301,11.402184,Neem,Cameroon,verified
cap_3870,grower_146,2025-01-09 07:11:00,12.744185,121.715509,Mango,Philippines,verified
cap_3871,grower_88,2025-04-13 03:42:00,-1.369873,36.816303,Avocado,Kenya,unverified
cap_3872,grower_147,2025-06-06 08:37:00,12.893119,121.754517,Mahogany,Philippines,verified
cap_3873,grower_4,2025-01-26 11:58:00,1.315322,32.241339,Neem,Uganda,verified
cap_3874,grower_123,2025-06-16 19:59:00,1.371825,32.191902,Mango,Uganda,verified
cap_3875,grower_149,2025-01-23 23:52:00,3.894067,11.523347,Mahogany,Cameroon,verified
cap_3876,grower_30,2025-04-13 19:45:00,12.874547,121.776135,Mango,Philippines,verified
cap_3877,grower_73,2025-04-05 12:54:00,1.366333,32.302095,Acacia,Uganda,verified
cap_3878,grower_11,2025-02-02 19:01:00,12.848235,121.721825,Acacia,Philippines,verified
cap_3879,grower_122,2025-06-08 13:14:00,12.917344,121.802557,Mango,Philippines,verified
cap_3880,grower_101,2025-02-28 21:42:00,12.878507,121.846476,Moringa,Philippines,verified
cap_3881,grower_105,2025-04-25 02:59:00,-1.284839,36.78439,Acacia,Kenya,verified
cap_3882,grower_145,2025-05-08 13:04:00,12.881561,121.875869,Mahogany,Philippines,verified
cap_3883,grower_112,2025-04-16 23:53:00,20.643985,78.943478,Neem,India,verified
cap_3884,grower_78,2025-04-11 03:16:00,12.873444,121.752839,Moringa,Philippines,unverified
cap_3885,grower_26,2025-02-13 15:18:00,20.597378,78.928898,Mango,India,verified
cap_3886,grower_112,2025-02-01 18:32:00,20.543753,79.004504,Avocado,India,verified
cap_3887,grower_37,2025-07-29 20:45:00,20.534546,78.967874,Neem,India,verified
cap_3888,grower_40,2025-06-03 00:41:00,3.814734,11.598443,Mahogany,Cameroon,verified
cap_3889,grower_92,2025-01-12 16:45:00,-1.305152,36.792722,Moringa,Kenya,verified
cap_3890,grower_107,2025-04-05 13:01:00,20.517851,78.974433,Mahogany,India,verified
cap_3891,grower_73,2025-02-07 08:35:00,1.400542,32.409645,Acacia,Uganda,verified
cap_3892,grower_124,2025-03-25 17:24:00,20.627482,78.936116,Neem,India,verified
cap_3893,grower_2,2025-05-08 09:11:00,1.37446,32.364044,Neem,Uganda,verified
cap_3894,grower_92,2025-04-27 04:07:00,-1.333838,36.86594,Mango,Kenya,verified
cap_3895,grower_150,2025-05-16 17:17:00,12.882619,121.828175,Neem,Philippines,unverified
cap_3896,grower_62,2025-03-02 19:02:00,12.88096,121.755469,Moringa,Philippines,verified
cap_3897,grower_47,2025-06-29 08:04:00,3.817457,11.442262,Mango,Cameroon,verified
cap_3898,grower_11,2025-03-08 12:32:00,12.998436,121.756261,Avocado,Philippines,unverified
cap_3899,grower_77,2025-01-24 00:54:00,-1.291188,36.907488,Mango,Kenya,verified
cap_3900,grower_144,2025-04-25 20:39:00,12.859845,121.774381,Mango,Philippines,unverified
cap_3901,grower_118,2025-05-02 13:56:00,20.629947,78.967928,Avocado,India,verified
cap_3902,grower_37,2025-01-30 04:56:00,20.580662,78.997625,Acacia,India,verified
cap_3903,grower_111,2025-06-30 00:24:00,-1.364586,36.772357,Neem,Kenya,unverified
cap_3904,grower_92,2025-04-02 20:03:00,-1.311061,36.853717,Mahogany,Kenya,verified
cap_3905,grower_129,2025-02-28 01:00:00,1.453827,32.347809,Mango,Uganda,unverified
cap_3906,grower_79,2025-06-13 01:41:00,12.954077,121.729102,Moringa,Philippines,verified
cap_3907,grower_66,2025-07-03 16:10:00,12.896882,121.872366,Acacia,Philippines,verified
cap_3908,grower_93,2025-02-27 11:46:00,20.625551,78.915549,Mango,India,verified
cap_3909,grower_98,2025-03-24 00:26:00,3.864325,11.522206,Neem,Cameroon,verified
cap_3910,grower_90,2025-03-13 23:58:00,20.581361,78.950101,Moringa,India,verified
cap_3911,grower_106,2025-07-23 16:19:00,1.341638,32.317268,Neem,Uganda,verified
cap_3912,grower_22,2025-03-22 02:02:00,1.327878,32.356706,Mango,Uganda,verified
cap_3913,grower_95,2025-02-01 06:59:00,-1.257453,36.819352,Acacia,Kenya,verified
cap_3914,grower_137,2025-01-26 03:32:00,12.922229,121.817135,Mango,Philippines,verified
cap_3915,grower_9,2025-02-21 06:42:00,20.486074,78.944507,Neem,India,verified
cap_3916,grower_106,2025-02-07 14:14:00,1.362961,32.2653,Mahogany,Uganda,verified
cap_3917,grower_137,2025-07-24 00:37:00,12.874141,121.668748,Moringa,Philippines,verified
cap_3918,grower_148,2025-03-20 08:44:00,20.539786,78.899779,Avocado,India,verified
cap_3919,grower_135,2025-05-13 06:02:00,20.557089,79.000716,Neem,India,verified
cap_3920,grower_100,2025-03-15 02:14:00,-1.17566,36.820629,Acacia,Kenya,verified
cap_3921,grower_94,2025-02-23 01:45:00,20.574063,78.900923,Acacia,India,verified
cap_3922,grower_141,2025-07-17 23:45:00,-1.367041,36.831621,Acacia,Kenya,unverified
cap_3923,grower_125,2025-04-09 00:11:00,-1.345262,36.862943,Acacia,Kenya,unverified
cap_3924,grower_46,2025-01-09 19:23:00,-1.283938,36.792267,Acacia,Kenya,verified
cap_3925,grower_103,2025-05-25 02:40:00,12.964146,121.802611,Mango,Philippines,verified
cap_3926,grower_143,2025-01-15 04:42:00,12.896957,121.720468,Avocado,Philippines,verified
cap_3927,grower_112,2025-01-02 21:06:00,20.520347,79.01257,Neem,India,verified
cap_3928,grower_21,2025-01-13 19:00:00,3.859343,11.503231,Mango,Cameroon,verified
cap_3929,grower_61,2025-03-24 16:15:00,3.777296,11.504566,Avocado,Cameroon,verified
cap_3930,grower_33,2025-07-20 14:33:00,12.861272,121.828048,Neem,Philippines,verified
cap_3931,grower_74,2025-06-29 02:54:00,3.911426,11.43802,Mango,Cameroon,verified
cap_3932,grower_56,2025-04-29 23:14:00,-1.254177,36.77841,Neem,Kenya,verified
cap_3933,grower_53,2025-05-14 02:55:00,12.839346,121.745508,Avocado,Philippines,verified
cap_3934,grower_146,2025-02-16 15:54:00,12.946337,121.731692,Mango,Philippines,unverified
cap_3935,grower_56,2025-05-29 00:55:00,-1.311824,36.78001,Acacia,Kenya,verified
cap_3936,grower_45,2025-04-10 20:38:00,3.956887,11.528086,Neem,Cameroon,verified
cap_3937,grower_49,2025-03-16 20:14:00,3.844948,11.532981,Moringa,Cameroon,verified
cap_3938,grower_107,2025-01-21 00:46:00,20.670045,79.006818,Moringa,India,verified
cap_3939,grower_127,2025-05-30 21:50:00,1.332863,32.238349,Mahogany,Uganda,verified
cap_3940,grower_14,2025-03-18 02:45:00,3.858469,11.563737,Moringa,Cameroon,verified
cap_3941,grower_124,2025-07-19 14:28:00,20.580912,78.884744,Mango,India,verified
cap_3942,grower_135,2025-05-11 06:24:00,20.63763,78.979391,Acacia,India,verified
cap_3943,grower_32,2025-02-04 23:03:00,12.851939,121.838286,Acacia,Philippines,verified
cap_3944,grower_141,2025-01-05 21:14:00,-1.297765,36.823375,Mahogany,Kenya,verified
cap_3945,grower_132,2025-06-12 06:58:00,1.283306,32.21168,Moringa,Uganda,unverified
cap_3946,grower_116,2025-04-16 05:11:00,1.340689,32.237682,Avocado,Uganda,verified
cap_3947,grower_103,2025-03-01 08:30:00,12.873385,121.788991,Mahogany,Philippines,verified
cap_3948,grower_86,2025-03-15 13:28:00,-1.313991,36.890237,Mahogany,Kenya,verified
cap_3949,grower_71,2025-06-03 10:20:00,-1.294142,36.797507,Moringa,Kenya,verified
cap_3950,grower_125,2025-04-04 14:23:00,-1.309638,36.751743,Neem,Kenya,verified
cap_3951,grower_147,2025-02-11 07:37:00,12.871939,121.746278,Avocado,Philippines,verified
cap_3952,grower_117,2025-05-03 05:24:00,3.80932,11.54741,Acacia,Cameroon,verified
cap_3953,grower_82,2025-02-15 19:31:00,-1.362385,36.749516,Neem,Kenya,verified
cap_3954,grower_80,2025-02-12 19:17:00,12.836574,121.853686,Neem,Philippines,verified
cap_3955,grower_86,2025-04-19 07:40:00,-1.267479,36.79352,Mahogany,Kenya,verified
cap_3956,grower_18,2025-07-21 01:54:00,1.444976,32.267723,Mango,Uganda,verified
cap_3957,grower_97,2025-07-22 03:45:00,1.415009,32.210808,Acacia,Uganda,verified
cap_3958,grower_66,2025-04-03 21:11:00,12.858787,121.810382,Mahogany,Philippines,verified
cap_3959,grower_148,2025-03-30 23:57:00,20.553961,78.943064,Mango,India,verified
cap_3960,grower_99,2025-01-25 16:39:00,3.841512,11.448759,Neem,Cameroon,unverified
cap_3961,grower_94,2025-01-25 15:12:00,20.579872,78.95831,Acacia,India,verified
cap_3962,grower_11,2025-04-19 20:31:00,12.833451,121.745708,Acacia,Philippines,verified
cap_3963,grower_5,2025-02-01 04:42:00,1.424432,32.247544,Acacia,Uganda,verified
cap_3964,grower_7,2025-04-22 10:57:00,20.494521,78.920483,Acacia,India,verified
cap_3965,grower_17,2025-03-23 02:05:00,12.842073,121.627007,Mahogany,Philippines,verified
cap_3966,grower_63,2025-03-05 08:31:00,1.374278,32.279133,Mango,Uganda,unverified
cap_3967,grower_57,2025-07-14 12:21:00,12.846705,121.695277,Moringa,Philippines,unverified
cap_3968,grower_4,2025-05-21 15:00:00,1.394639,32.234571,Moringa,Uganda,verified
cap_3969,grower_125,2025-06-01 23:06:00,-1.357586,36.781019,Neem,Kenya,verified
cap_3970,grower_28,2025-04-21 21:21:00,3.865988,11.490865,Mahogany,Cameroon,verified
cap_3971,grower_7,2025-04-22 16:40:00,20.536855,78.898793,Mango,India,verified
cap_3972,grower_27,2025-04-10 04:24:00,20.648136,78.9172,Moringa,India,verified
cap_3973,grower_59,2025-03-11 19:39:00,12.885029,121.881986,Avocado,Philippines,verified
cap_3974,grower_49,2025-03-26 05:42:00,3.905292,11.475517,Avocado,Cameroon,unverified
cap_3975,grower_34,2025-05-30 03:57:00,-1.282267,36.787258,Acacia,Kenya,unverified
cap_3976,grower_34,2025-02-22 21:20:00,-1.36499,36.836078,Moringa,Kenya,verified
cap_3977,grower_7,2025-07-04 13:38:00,20.679754,78.893423,Moringa,India,verified
cap_3978,grower_61,2025-04-05 00:43:00,3.827649,11.50768,Acacia,Cameroon,unverified
cap_3979,grower_79,2025-04-21 04:56:00,12.867255,121.743109,Mango,Philippines,verified
cap_3980,grower_12,2025-02-03 20:30:00,20.549161,78.994773,Neem,India,verified
cap_3981,grower_85,2025-07-23 14:33:00,-1.367873,36.854695,Mahogany,Kenya,verified
cap_3982,grower_5,2025-01-02 09:00:00,1.298212,32.421669,Neem,Uganda,verified
cap_3983,grower_144,2025-02-12 07:06:00,12.952714,121.761236,Mahogany,Philippines,verified
cap_3984,grower_31,2025-02-21 23:27:00,20.654496,78.844666,Moringa,India,verified
cap_3985,grower_100,2025-06-01 08:38:00,-1.300508,36.801571,Neem,Kenya,verified
cap_3986,grower_27,2025-04-24 03:53:00,20.586953,79.018832,Moringa,India,verified
cap_3987,grower_45,2025-02-07 02:13:00,3.88996,11.518195,Acacia,Cameroon,verified
cap_3988,grower_8,2025-02-03 00:06:00,20.5556,78.944695,Avocado,India,unverified
cap_3989,grower_86,2025-05-03 05:21:00,-1.29476,36.755114,Acacia,Kenya,verified
cap_3990,grower_101,2025-03-21 00:19:00,12.873193,121.869008,Acacia,Philippines,verified
cap_3991,grower_3,2025-02-15 23:13:00,20.507837,78.941768,Avocado,India,verified
cap_3992,grower_116,2025-04-21 14:48:00,1.41993,32.272209,Neem,Uganda,verified
cap_3993,grower_75,2025-07-02 21:50:00,1.400286,32.242251,Moringa,Uganda,unverified
cap_3994,grower_13,2025-06-15 14:22:00,1.377572,32.360053,Avocado,Uganda,verified
cap_3995,grower_46,2025-06-07 08:25:00,-1.379348,36.775121,Avocado,Kenya,verified
cap_3996,grower_60,2025-07-25 16:38:00,3.886185,11.532987,Acacia,Cameroon,verified
cap_3997,grower_4,2025-01-17 15:32:00,1.342682,32.291911,Neem,Uganda,verified
cap_3998,grower_44,2025-01-21 07:30:00,3.777227,11.556584,Acacia,Cameroon,verified
cap_3999,grower_24,2025-04-13 05:09:00,-1.337719,36.840777,Avocado,Kenya,verified
cap_4000,grower_117,2025-03-17 13:04:00,3.908516,11.419996,Neem,Cameroon,verified
cap_4001,grower_108,2025-01-22 00:37:00,12.886753,121.816968,Mahogany,Philippines,verified
cap_4002,grower_111,2025-05-21 19:10:00,-1.299475,36.741941,Mahogany,Kenya,verified
cap_4003,grower_41,2025-03-17 06:38:00,12.925715,121.68501,Mahogany,Philippines,verified
cap_4004,grower_99,2025-05-26 04:57:00,3.839461,11.538477,Mango,Cameroon,verified
cap_4005,grower_52,2025-03-22 15:20:00,12.923319,121.785549,Moringa,Philippines,verified
cap_4006,grower_149,2025-01-30 03:04:00,3.754336,11.555622,Mango,Cameroon,verified
cap_4007,grower_53,2025-03-18 05:49:00,12.861352,121.712755,Acacia,Philippines,verified
cap_4008,grower_55,2025-04-28 11:34:00,20.632213,78.936679,Mahogany,India,verified
cap_4009,grower_5,2025-02-22 14:00:00,1.319595,32.35046,Mahogany,Uganda,verified
cap_4010,grower_104,2025-03-09 13:42:00,3.864317,11.445596,Moringa,Cameroon,unverified
cap_4011,grower_73,2025-03-31 01:38:00,1.370139,32.283044,Acacia,Uganda,verified
cap_4012,grower_3,2025-06-04 08:18:00,20.622344,79.066903,Mahogany,India,unverified
cap_4013,grower_113,2025-02-05 23:06:00,1.358568,32.201372,Mango,Uganda,verified
cap_4014,grower_54,2025-06-15 14:08:00,1.336868,32.282078,Avocado,Uganda,verified
cap_4015,grower_98,2025-05-29 00:35:00,3.906992,11.509752,Mahogany,Cameroon,verified
cap_4016,grower_71,2025-04-18 20:08:00,-1.331359,36.782357,Mahogany,Kenya,verified
cap_4017,grower_138,2025-02-08 08:47:00,3.873094,11.523641,Acacia,Cameroon,verified
cap_4018,grower_32,2025-02-22 20:12:00,12.891831,121.802234,Avocado,Philippines,verified
cap_4019,grower_131,2025-02-22 07:54:00,20.57625,79.019602,Mahogany,India,verified
cap_4020,grower_22,2025-03-16 22:32:00,1.479163,32.372212,Neem,Uganda,verified
cap_4021,grower_86,2025-02-15 18:22:00,-1.26877,36.714022,Moringa,Kenya,unverified
cap_4022,grower_72,2025-04-17 09:26:00,1.366292,32.252476,Mahogany,Uganda,verified
cap_4023,grower_15,2025-06-29 16:43:00,12.930081,121.741961,Acacia,Philippines,verified
cap_4024,grower_105,2025-03-18 06:11:00,-1.241414,36.805067,Neem,Kenya,verified
cap_4025,grower_75,2025-01-15 13:17:00,1.379224,32.279478,Mahogany,Uganda,verified
cap_4026,grower_35,2025-05-06 09:56:00,20.565335,79.020589,Moringa,India,verified
cap_4027,grower_89,2025-05-11 09:59:00,12.921742,121.761858,Mahogany,Philippines,verified
cap_4028,grower_105,2025-04-27 17:04:00,-1.346923,36.725515,Neem,Kenya,verified
cap_4029,grower_12,2025-02-22 13:00:00,20.604487,78.910491,Acacia,India,verified
cap_4030,grower_147,2025-07-18 15:23:00,12.816257,121.777591,Acacia,Philippines,verified
cap_4031,grower_86,2025-01-19 08:14:00,-1.304722,36.827108,Moringa,Kenya,verified
cap_4032,grower_60,2025-05-27 22:01:00,3.875807,11.576494,Neem,Cameroon,verified
cap_4033,grower_143,2025-06-04 09:46:00,12.869171,121.809628,Acacia,Philippines,verified
cap_4034,grower_90,2025-05-28 12:17:00,20.500096,78.911041,Avocado,India,verified
cap_4035,grower_126,2025-07-09 00:15:00,12.874643,121.799901,Moringa,Philippines,verified
cap_4036,grower_13,2025-02-21 18:08:00,1.370206,32.295845,Acacia,Uganda,verified
cap_4037,grower_79,2025-07-02 08:49:00,12.779008,121.712996,Avocado,Philippines,verified
cap_4038,grower_52,2025-01-09 08:16:00,12.837533,121.821496,Mango,Philippines,verified
cap_4039,grower_22,2025-03-13 19:55:00,1.348982,32.339957,Moringa,Uganda,verified
cap_4040,grower_36,2025-02-11 06:06:00,1.340185,32.422323,Neem,Uganda,verified
cap_4041,grower_118,2025-06-10 18:38:00,20.587876,78.887841,Mango,India,verified
cap_4042,grower_87,2025-01-10 05:20:00,-1.296913,36.787065,Mahogany,Kenya,verified
cap_4043,grower_80,2025-02-22 12:20:00,12.89501,121.786047,Avocado,Philippines,verified
cap_4044,grower_138,2025-01-07 14:27:00,3.829594,11.469145,Moringa,Cameroon,unverified
cap_4045,grower_57,2025-03-18 22:42:00,12.883808,121.822972,Mango,Philippines,verified
cap_4046,grower_79,2025-02-09 19:23:00,12.82826,121.690568,Acacia,Philippines,unverified
cap_4047,grower_129,2025-06-13 13:51:00,1.32127,32.367869,Acacia,Uganda,verified
cap_4048,grower_25,2025-04-12 06:12:00,-1.31552,36.771067,Avocado,Kenya,verified
cap_4049,grower_8,2025-04-05 00:06:00,20.496567,78.934238,Mahogany,India,verified
cap_4050,grower_87,2025-05-16 06:22:00,-1.287035,36.785984,Avocado,Kenya,verified
cap_4051,grower_116,2025-05-07 05:20:00,1.383882,32.333299,Mango,Uganda,unverified
cap_4052,grower_90,2025-01-28 05:50:00,20.660529,78.924543,Moringa,India,unverified
cap_4053,grower_114,2025-04-12 15:29:00,20.578352,78.957146,Mahogany,India,verified
cap_4054,grower_124,2025-01-24 07:55:00,20.578944,78.969028,Avocado,India,verified
cap_4055,grower_23,2025-06-22 08:58:00,12.98106,121.759185,Mango,Philippines,verified
cap_4056,grower_35,2025-02-25 11:03:00,20.634024,78.938365,Avocado,India,verified
cap_4057,grower_9,2025-06-25 07:46:00,20.632,78.98722,Neem,India,verified
cap_4058,grower_60,2025-06-27 09:38:00,3.855501,11.502817,Neem,Cameroon,verified
cap_4059,grower_144,2025-06-10 03:26:00,12.866535,121.794406,Neem,Philippines,unverified
cap_4060,grower_55,2025-01-15 22:43:00,20.597679,78.931364,Moringa,India,verified
cap_4061,grower_3,2025-05-17 12:26:00,20.56258,78.991256,Mahogany,India,verified
cap_4062,grower_148,2025-03-04 22:40:00,20.57867,78.965467,Avocado,India,verified
cap_4063,grower_102,2025-06-14 09:42:00,-1.302029,36.800252,Mahogany,Kenya,verified
cap_4064,grower_28,2025-05-19 23:42:00,3.873357,11.448263,Mahogany,Cameroon,verified
cap_4065,grower_121,2025-04-13 06:59:00,3.861554,11.516657,Moringa,Cameroon,verified
cap_4066,grower_92,2025-04-25 06:16:00,-1.282064,36.86009,Mango,Kenya,verified
cap_4067,grower_118,2025-07-01 13:25:00,20.592191,78.9733,Mahogany,India,verified
cap_4068,grower_26,2025-03-02 03:50:00,20.603639,78.893245,Moringa,India,unverified
cap_4069,grower_145,2025-04-03 13:48:00,12.833907,121.81692,Acacia,Philippines,verified
cap_4070,grower_11,2025-05-02 06:00:00,12.9326,121.819631,Moringa,Philippines,verified
cap_4071,grower_130,2025-02-18 15:22:00,1.330989,32.26716,Acacia,Uganda,verified
cap_4072,grower_6,2025-07-21 20:27:00,3.854083,11.419415,Avocado,Cameroon,verified
cap_4073,grower_33,2025-07-16 16:31:00,12.858081,121.792107,Acacia,Philippines,verified
cap_4074,grower_129,2025-03-27 07:13:00,1.317867,32.212123,Avocado,Uganda,verified
cap_4075,grower_138,2025-05-04 16:26:00,3.945069,11.499408,Mahogany,Cameroon,verified
cap_4076,grower_87,2025-06-04 00:07:00,-1.232125,36.883333,Mango,Kenya,verified
cap_4077,grower_81,2025-01-26 03:06:00,1.444588,32.310395,Avocado,Uganda,unverified
cap_4078,grower_116,2025-03-08 09:03:00,1.346997,32.32675,Moringa,Uganda,verified
cap_4079,grower_46,2025-03-20 15:46:00,-1.340332,36.790118,Avocado,Kenya,verified
cap_4080,grower_83,2025-06-23 10:36:00,1.373458,32.300446,Acacia,Uganda,verified
cap_4081,grower_104,2025-07-06 04:49:00,3.747493,11.563359,Avocado,Cameroon,verified
cap_4082,grower_106,2025-06-04 14:41:00,1.513519,32.379142,Neem,Uganda,verified
cap_4083,grower_7,2025-04-23 12:34:00,20.632055,79.020547,Avocado,India,verified
cap_4084,grower_115,2025-06-13 14:23:00,-1.325215,36.847855,Mango,Kenya,verified
cap_4085,grower_10,2025-02-25 04:08:00,1.3978,32.274557,Avocado,Uganda,verified
cap_4086,grower_61,2025-06-03 03:17:00,3.829782,11.433063,Mango,Cameroon,verified
cap_4087,grower_71,2025-05-13 02:45:00,-1.30801,36.921454,Neem,Kenya,verified
cap_4088,grower_121,2025-01-18 18:19:00,3.893895,11.43839,Moringa,Cameroon,verified
cap_4089,grower_60,2025-05-06 13:16:00,3.796884,11.415341,Acacia,Cameroon,verified
cap_4090,grower_119,2025-06-18 04:52:00,-1.210667,36.801183,Moringa,Kenya,verified
cap_4091,grower_43,2025-04-19 11:32:00,12.902858,121.795385,Avocado,Philippines,verified
cap_4092,grower_125,2025-06-07 15:07:00,-1.227279,36.787993,Mango,Kenya,verified
cap_4093,grower_122,2025-01-24 00:59:00,12.858463,121.798604,Mango,Philippines,verified
cap_4094,grower_9,2025-05-06 10:48:00,20.556407,78.919322,Neem,India,unverified
cap_4095,grower_36,2025-01-20 18:03:00,1.401916,32.331544,Moringa,Uganda,verified
cap_4096,grower_129,2025-01-24 21:23:00,1.299007,32.230465,Moringa,Uganda,verified
cap_4097,grower_13,2025-06-15 20:30:00,1.294874,32.214943,Mango,Uganda,verified
cap_4098,grower_71,2025-04-10 21:01:00,-1.283962,36.764986,Moringa,Kenya,verified
cap_4099,grower_130,2025-03-14 16:58:00,1.386661,32.240245,Neem,Uganda,verified
cap_4100,grower_76,2025-06-26 18:50:00,3.812669,11.489328,Neem,Cameroon,verified
cap_4101,grower_91,2025-04-15 11:58:00,20.576925,79.01817,Mango,India,verified
cap_4102,grower_8,2025-05-04 10:06:00,20.660855,79.059468,Moringa,India,verified
cap_4103,grower_123,2025-07-08 03:50:00,1.423495,32.209967,Neem,Uganda,verified
cap_4104,grower_121,2025-04-21 03:42:00,3.845351,11.479319,Avocado,Cameroon,verified
cap_4105,grower_15,2025-05-11 04:06:00,12.947113,121.753492,Acacia,Philippines,verified
cap_4106,grower_94,2025-06-20 04:05:00,20.649214,78.981833,Neem,India,verified
cap_4107,grower_55,2025-01-24 00:21:00,20.461457,78.941224,Mahogany,India,unverified
cap_4108,grower_64,2025-06-09 12:23:00,3.854628,11.567639,Mango,Cameroon,unverified
cap_4109,grower_41,2025-04-11 03:32:00,12.890037,121.803572,Avocado,Philippines,verified
cap_4110,grower_102,2025-01-29 10:48:00,-1.316411,36.854339,Neem,Kenya,verified
cap_4111,grower_102,2025-01-05 15:15:00,-1.350005,36.859367,Mahogany,Kenya,verified
cap_4112,grower_114,2025-02-03 04:55:00,20.592418,78.910089,Neem,India,verified
cap_4113,grower_150,2025-05-08 13:54:00,12.899765,121.741776,Mahogany,Philippines,verified
cap_4114,grower_114,2025-02-21 20:09:00,20.525689,78.891937,Mango,India,verified
cap_4115,grower_55,2025-06-11 05:37:00,20.637831,78.918185,Acacia,India,verified
cap_4116,grower_10,2025-07-28 14:42:00,1.337988,32.244932,Mahogany,Uganda,unverified
cap_4117,grower_104,2025-06-29 06:05:00,3.942094,11.480462,Mango,Cameroon,verified
cap_4118,grower_110,2025-03-17 00:54:00,20.599952,79.003512,Mango,India,verified
cap_4119,grower_22,2025-02-14 14:46:00,1.380298,32.378148,Acacia,Uganda,verified
cap_4120,grower_5,2025-06-18 05:34:00,1.37308,32.247698,Acacia,Uganda,verified
cap_4121,grower_66,2025-06-27 18:31:00,12.800496,121.804446,Moringa,Philippines,verified
cap_4122,grower_46,2025-04-26 12:50:00,-1.235147,36.902832,Mahogany,Kenya,verified
cap_4123,grower_81,2025-07-19 13:37:00,1.352526,32.237241,Avocado,Uganda,verified
cap_4124,grower_19,2025-07-13 20:43:00,-1.336137,36.819885,Avocado,Kenya,verified
cap_4125,grower_9,2025-03-23 04:05:00,20.646659,78.918625,Mahogany,India,verified
cap_4126,grower_116,2025-04-24 12:28:00,1.409023,32.287025,Neem,Uganda,verified
cap_4127,grower_15,2025-06-02 12:23:00,12.988389,121.742086,Mango,Philippines,unverified
cap_4128,grower_137,2025-07-10 04:41:00,12.974058,121.711622,Avocado,Philippines,verified
cap_4129,grower_19,2025-04-24 18:11:00,-1.310962,36.889404,Mahogany,Kenya,verified
cap_4130,grower_140,2025-02-11 03:00:00,1.459601,32.402215,Avocado,Uganda,verified
cap_4131,grower_10,2025-04-21 14:53:00,1.345565,32.275925,Moringa,Uganda,verified
cap_4132,grower_62,2025-06-05 01:40:00,12.957156,121.825455,Moringa,Philippines,verified
cap_4133,grower_103,2025-04-22 21:35:00,12.781403,121.721785,Moringa,Philippines,verified
cap_4134,grower_54,2025-05-16 04:07:00,1.296336,32.247052,Neem,Uganda,verified
cap_4135,grower_118,2025-03-25 14:59:00,20.548803,78.955718,Mahogany,India,verified
cap_4136,grower_38,2025-03-16 19:11:00,1.495682,32.349544,Mango,Uganda,verified
cap_4137,grower_38,2025-05-12 19:35:00,1.430096,32.303783,Neem,Uganda,verified
cap_4138,grower_107,2025-06-02 17:10:00,20.663529,78.957216,Mahogany,India,verified
cap_4139,grower_115,2025-05-09 13:20:00,-1.272006,36.77074,Avocado,Kenya,unverified
cap_4140,grower_72,2025-07-25 01:28:00,1.404203,32.328763,Neem,Uganda,verified
cap_4141,grower_84,2025-06-21 11:38:00,1.354372,32.263882,Neem,Uganda,verified
cap_4142,grower_63,2025-03-20 22:49:00,1.325302,32.2993,Mango,Uganda,unverified
cap_4143,grower_99,2025-07-01 16:55:00,3.876329,11.457446,Acacia,Cameroon,unverified
cap_4144,grower_133,2025-02-06 00:31:00,12.963583,121.823544,Moringa,Philippines,unverified
cap_4145,grower_98,2025-03-07 08:40:00,3.847706,11.611142,Mahogany,Cameroon,verified
cap_4146,grower_146,2025-03-24 13:52:00,12.866815,121.775214,Neem,Philippines,verified
cap_4147,grower_58,2025-06-29 17:09:00,3.788015,11.567747,Avocado,Cameroon,verified
cap_4148,grower_5,2025-04-23 15:29:00,1.278205,32.198936,Neem,Uganda,verified
cap_4149,grower_28,2025-02-27 02:53:00,3.845778,11.467363,Mahogany,Cameroon,verified
cap_4150,grower_73,2025-03-31 05:42:00,1.377301,32.329276,Acacia,Uganda,verified
cap_4151,grower_127,2025-06-12 01:55:00,1.493691,32.377688,Moringa,Uganda,verified
cap_4152,grower_115,2025-01-31 06:53:00,-1.209654,36.891606,Avocado,Kenya,verified
cap_4153,grower_22,2025-06-15 19:40:00,1.397586,32.270153,Avocado,Uganda,verified
cap_4154,grower_8,2025-07-28 19:47:00,20.530114,78.980908,Acacia,India,verified
cap_4155,grower_46,2025-03-02 07:44:00,-1.33908,36.941128,Avocado,Kenya,verified
cap_4156,grower_43,2025-05-28 15:11:00,12.890629,121.773315,Mahogany,Philippines,verified
cap_4157,grower_18,2025-03-13 21:12:00,1.453685,32.278744,Mango,Uganda,verified
cap_4158,grower_10,2025-03-12 18:41:00,1.362645,32.247137,Avocado,Uganda,verified
cap_4159,grower_78,2025-05-06 22:51:00,12.880622,121.729858,Mango,Philippines,verified
cap_4160,grower_34,2025-02-22 12:11:00,-1.272911,36.736988,Moringa,Kenya,verified
cap_4161,grower_117,2025-05-19 04:06:00,3.898034,11.400568,Mango,Cameroon,unverified
cap_4162,grower_101,2025-01-05 20:44:00,12.889047,121.796051,Avocado,Philippines,verified
cap_4163,grower_3,2025-07-28 06:58:00,20.572291,79.003854,Moringa,India,verified
cap_4164,grower_66,2025-06-21 08:24:00,12.883743,121.742914,Mango,Philippines,verified
cap_4165,grower_62,2025-05-09 21:58:00,12.856002,121.726992,Acacia,Philippines,verified
cap_4166,grower_60,2025-03-25 13:07:00,3.78086,11.553724,Neem,Cameroon,verified
cap_4167,grower_106,2025-06-07 03:29:00,1.393582,32.261949,Avocado,Uganda,verified
cap_4168,grower_138,2025-05-25 23:32:00,3.871145,11.50224,Mahogany,Cameroon,verified
cap_4169,grower_107,2025-04-11 09:54:00,20.619654,78.930548,Neem,India,verified
cap_4170,grower_106,2025-02-16 23:05:00,1.362488,32.27728,Mango,Uganda,verified
cap_4171,grower_66,2025-02-02 22:02:00,12.956627,121.702047,Neem,Philippines,verified
cap_4172,grower_38,2025-06-07 07:10:00,1.444019,32.271968,Mahogany,Uganda,unverified
cap_4173,grower_127,2025-03-30 11:52:00,1.34823,32.279649,Avocado,Uganda,verified
cap_4174,grower_44,2025-03-24 10:28:00,3.910289,11.469479,Neem,Cameroon,verified
cap_4175,grower_35,2025-01-25 14:06:00,20.609183,79.047318,Avocado,India,verified
cap_4176,grower_101,2025-06-27 04:35:00,12.856418,121.781005,Avocado,Philippines,verified
cap_4177,grower_32,2025-07-05 00:26:00,12.93467,121.811995,Mango,Philippines,verified
cap_4178,grower_14,2025-03-09 04:44:00,3.933125,11.556716,Mango,Cameroon,verified
cap_4179,grower_144,2025-05-28 02:24:00,12.951551,121.828294,Acacia,Philippines,verified
cap_4180,grower_123,2025-03-23 01:33:00,1.387395,32.296575,Moringa,Uganda,verified
cap_4181,grower_29,2025-05-25 02:50:00,12.950928,121.824318,Avocado,Philippines,verified
cap_4182,grower_34,2025-01-02 12:29:00,-1.245421,36.732002,Acacia,Kenya,verified
cap_4183,grower_19,2025-02-06 06:10:00,-1.279765,36.87355,Mango,Kenya,verified
cap_4184,grower_115,2025-05-22 01:27:00,-1.338847,36.826405,Moringa,Kenya,verified
cap_4185,grower_12,2025-01-01 03:54:00,20.572429,78.981584,Moringa,India,verified
cap_4186,grower_34,2025-02-15 03:06:00,-1.311465,36.88346,Avocado,Kenya,verified
cap_4187,grower_99,2025-03-01 18:08:00,3.877042,11.465273,Acacia,Cameroon,unverified
cap_4188,grower_29,2025-07-19 16:26:00,12.974587,121.742796,Avocado,Philippines,verified
cap_4189,grower_44,2025-03-09 14:46:00,3.779371,11.515151,Neem,Cameroon,verified
cap_4190,grower_41,2025-06-30 21:36:00,12.858084,121.862093,Mango,Philippines,verified
cap_4191,grower_144,2025-06-11 12:03:00,12.867128,121.719421,Mango,Philippines,verified
cap_4192,grower_80,2025-01-04 04:51:00,12.852111,121.713251,Neem,Philippines,verified
cap_4193,grower_118,2025-06-29 07:59:00,20.655293,79.008706,Neem,India,verified
cap_4194,grower_54,2025-04-30 03:45:00,1.365151,32.287725,Avocado,Uganda,verified
cap_4195,grower_109,2025-03-11 19:59:00,20.579045,78.963408,Acacia,India,verified
cap_4196,grower_83,2025-07-14 22:34:00,1.379684,32.329427,Neem,Uganda,verified
cap_4197,grower_89,2025-03-31 21:11:00,12.881919,121.800061,Neem,Philippines,unverified
cap_4198,grower_38,2025-03-23 04:18:00,1.311281,32.226708,Mahogany,Uganda,unverified
cap_4199,grower_88,2025-01-16 08:44:00,-1.256643,36.886032,Neem,Kenya,verified
cap_4200,grower_25,2025-05-31 19:40:00,-1.253291,36.740651,Mango,Kenya,verified
cap_4201,grower_21,2025-07-01 07:35:00,3.82933,11.566183,Avocado,Cameroon,verified
cap_4202,grower_83,2025-05-16 09:33:00,1.361744,32.257636,Mango,Uganda,verified
cap_4203,grower_88,2025-04-01 06:52:00,-1.331794,36.825765,Moringa,Kenya,verified
cap_4204,grower_73,2025-02-25 15:58:00,1.400843,32.342792,Mango,Uganda,verified
cap_4205,grower_72,2025-06-10 06:29:00,1.367562,32.28903,Moringa,Uganda,verified
cap_4206,grower_92,2025-01-24 09:16:00,-1.313007,36.852206,Neem,Kenya,verified
cap_4207,grower_30,2025-03-26 14:41:00,12.833822,121.652019,Acacia,Philippines,verified
cap_4208,grower_87,2025-07-09 18:10:00,-1.228866,36.741367,Avocado,Kenya,verified
cap_4209,grower_10,2025-02-14 02:25:00,1.343326,32.329065,Moringa,Uganda,verified
cap_4210,grower_52,2025-06-29 07:32:00,12.885696,121.808537,Mahogany,Philippines,verified
cap_4211,grower_113,2025-02-12 21:00:00,1.35209,32.280722,Moringa,Uganda,verified
cap_4212,grower_34,2025-05-24 15:34:00,-1.26478,36.834403,Mango,Kenya,verified
cap_4213,grower_20,2025-03-13 02:57:00,12.920527,121.868967,Moringa,Philippines,verified
cap_4214,grower_43,2025-02-17 23:43:00,12.872502,121.80396,Mahogany,Philippines,unverified
cap_4215,grower_144,2025-06-02 10:37:00,12.823242,121.754458,Avocado,Philippines,verified
cap_4216,grower_134,2025-03-29 04:28:00,1.335136,32.269347,Mango,Uganda,verified
cap_4217,grower_14,2025-03-14 08:37:00,3.802109,11.500382,Mango,Cameroon,verified
cap_4218,grower_57,2025-02-03 16:01:00,12.767031,121.740036,Neem,Philippines,verified
cap_4219,grower_78,2025-04-28 04:45:00,12.93229,121.832041,Moringa,Philippines,verified
cap_4220,grower_23,2025-04-26 09:52:00,12.868596,121.766728,Mango,Philippines,verified
cap_4221,grower_49,2025-04-05 11:24:00,3.860158,11.570296,Avocado,Cameroon,verified
cap_4222,grower_48,2025-02-20 15:06:00,1.451679,32.237931,Acacia,Uganda,unverified
cap_4223,grower_128,2025-05-20 10:14:00,12.778124,121.878696,Acacia,Philippines,verified
cap_4224,grower_87,2025-04-22 21:18:00,-1.407389,36.813612,Acacia,Kenya,verified
cap_4225,grower_13,2025-06-25 03:58:00,1.477729,32.255595,Neem,Uganda,verified
cap_4226,grower_91,2025-04-09 05:28:00,20.548761,78.940122,Mahogany,India,unverified
cap_4227,grower_39,2025-01-31 19:14:00,-1.262399,36.813047,Mahogany,Kenya,verified
cap_4228,grower_30,2025-07-08 02:47:00,12.871084,121.717358,Neem,Philippines,verified
cap_4229,grower_119,2025-03-26 14:51:00,-1.305118,36.820099,Neem,Kenya,unverified
cap_4230,grower_105,2025-02-06 04:53:00,-1.211709,36.851044,Neem,Kenya,verified
cap_4231,grower_11,2025-05-06 06:07:00,12.894958,121.754924,Mahogany,Philippines,unverified
cap_4232,grower_62,2025-07-14 18:17:00,12.997915,121.76956,Moringa,Philippines,unverified
cap_4233,grower_116,2025-01-31 10:53:00,1.343544,32.279114,Mango,Uganda,verified
cap_4234,grower_97,2025-03-28 22:28:00,1.465764,32.259979,Neem,Uganda,verified
cap_4235,grower_62,2025-04-29 04:02:00,12.882793,121.762358,Mahogany,Philippines,unverified
cap_4236,grower_121,2025-06-09 21:20:00,3.956033,11.495357,Avocado,Cameroon,verified
cap_4237,grower_135,2025-07-05 12:22:00,20.619869,78.843,Mango,India,verified
cap_4238,grower_46,2025-05-17 12:06:00,-1.273171,36.794175,Moringa,Kenya,verified
cap_4239,grower_25,2025-01-23 19:28:00,-1.262634,36.831238,Neem,Kenya,verified
cap_4240,grower_66,2025-03-08 04:09:00,12.86104,121.761608,Mahogany,Philippines,unverified
cap_4241,grower_131,2025-03-14 06:19:00,20.651484,78.939365,Acacia,India,verified
cap_4242,grower_94,2025-06-10 13:28:00,20.598951,78.921765,Moringa,India,verified
cap_4243,grower_83,2025-01-14 16:38:00,1.352693,32.195027,Moringa,Uganda,verified
cap_4244,grower_148,2025-01-11 09:18:00,20.630162,78.93185,Avocado,India,verified
cap_4245,grower_45,2025-01-23 04:51:00,3.8477,11.530565,Acacia,Cameroon,unverified
cap_4246,grower_109,2025-06-30 22:25:00,20.504011,78.945117,Mango,India,verified
cap_4247,grower_43,2025-01-09 02:28:00,12.852366,121.653503,Avocado,Philippines,verified
cap_4248,grower_110,2025-05-12 10:20:00,20.487093,78.95143,Mahogany,India,verified
cap_4249,grower_84,2025-07-06 15:40:00,1.360446,32.2452,Mahogany,Uganda,verified
cap_4250,grower_48,2025-05-21 15:08:00,1.392138,32.254878,Mahogany,Uganda,verified
cap_4251,grower_144,2025-04-18 15:11:00,12.877153,121.701445,Neem,Philippines,verified
cap_4252,grower_10,2025-02-04 09:02:00,1.362254,32.274922,Moringa,Uganda,verified
cap_4253,grower_44,2025-06-25 09:24:00,3.845845,11.529883,Mango,Cameroon,verified
cap_4254,grower_46,2025-06-29 09:52:00,-1.236582,36.832282,Moringa,Kenya,verified
cap_4255,grower_150,2025-05-17 17:40:00,12.914913,121.772191,Neem,Philippines,verified
cap_4256,grower_110,2025-01-06 00:26:00,20.536154,78.973439,Mango,India,verified
cap_4257,grower_10,2025-03-26 10:15:00,1.328969,32.282233,Mango,Uganda,verified
cap_4258,grower_3,2025-04-07 19:43:00,20.638335,79.035315,Acacia,India,verified
cap_4259,grower_145,2025-04-03 04:32:00,12.837068,121.740504,Mahogany,Philippines,verified
cap_4260,grower_11,2025-01-20 17:08:00,12.832565,121.685555,Mango,Philippines,unverified
cap_4261,grower_28,2025-01-12 08:56:00,3.849727,11.434078,Neem,Cameroon,verified
cap_4262,grower_3,2025-04-30 19:06:00,20.587268,78.952175,Avocado,India,verified
cap_4263,grower_1,2025-07-06 07:17:00,12.885617,121.845557,Acacia,Philippines,verified
cap_4264,grower_149,2025-04-09 19:29:00,3.752506,11.522506,Mango,Cameroon,verified
cap_4265,grower_48,2025-06-13 22:23:00,1.415251,32.266107,Moringa,Uganda,verified
cap_4266,grower_82,2025-05-19 12:52:00,-1.269763,36.778605,Avocado,Kenya,verified
cap_4267,grower_57,2025-07-21 01:13:00,12.849278,121.817212,Acacia,Philippines,verified
cap_4268,grower_14,2025-03-07 17:56:00,3.875777,11.463672,Mango,Cameroon,unverified
cap_4269,grower_133,2025-01-05 17:55:00,12.887309,121.798109,Mango,Philippines,verified
cap_4270,grower_150,2025-06-03 03:53:00,12.953228,121.765954,Acacia,Philippines,verified
cap_4271,grower_115,2025-06-27 01:34:00,-1.265601,36.767809,Neem,Kenya,verified
cap_4272,grower_34,2025-05-17 23:56:00,-1.322923,36.901832,Acacia,Kenya,verified
cap_4273,grower_147,2025-03-21 07:25:00,12.874718,121.755387,Mahogany,Philippines,verified
cap_4274,grower_5,2025-05-25 01:27:00,1.43664,32.307945,Neem,Uganda,verified
cap_4275,grower_150,2025-01-27 14:03:00,12.840951,121.72624,Mahogany,Philippines,verified
cap_4276,grower_122,2025-01-11 18:07:00,12.863084,121.754846,Neem,Philippines,unverified
cap_4277,grower_37,2025-06-10 23:43:00,20.517417,79.03171,Neem,India,verified
cap_4278,grower_24,2025-02-24 05:20:00,-1.260561,36.808784,Mango,Kenya,verified
cap_4279,grower_66,2025-05-01 19:02:00,12.870669,121.727439,Mahogany,Philippines,verified
cap_4280,grower_69,2025-05-22 06:36:00,12.834444,121.788055,Avocado,Philippines,verified
cap_4281,grower_22,2025-04-08 04:45:00,1.27451,32.249903,Neem,Uganda,unverified
cap_4282,grower_20,2025-06-06 00:30:00,12.81866,121.693747,Moringa,Philippines,verified
cap_4283,grower_80,2025-07-10 14:24:00,12.891015,121.696396,Moringa,Philippines,verified
cap_4284,grower_28,2025-01-06 07:52:00,3.761877,11.539067,Neem,Cameroon,verified
cap_4285,grower_33,2025-04-29 22:01:00,12.777765,121.812117,Mahogany,Philippines,verified
cap_4286,grower_15,2025-07-28 05:26:00,12.992939,121.773069,Mahogany,Philippines,verified
cap_4287,grower_53,2025-04-22 18:15:00,12.855495,121.807312,Neem,Philippines,verified
cap_4288,grower_121,2025-07-10 12:00:00,3.852949,11.488229,Mango,Cameroon,verified
cap_4289,grower_113,2025-03-05 05:49:00,1.334269,32.295759,Mahogany,Uganda,verified
cap_4290,grower_138,2025-05-19 08:52:00,3.907329,11.445065,Mahogany,Cameroon,verified
cap_4291,grower_146,2025-07-18 12:29:00,12.85159,121.723815,Acacia,Philippines,verified
cap_4292,grower_52,2025-02-13 15:57:00,12.854371,121.737852,Moringa,Philippines,verified
cap_4293,grower_8,2025-03-31 17:33:00,20.580261,78.862327,Moringa,India,verified
cap_4294,grower_148,2025-06-25 19:39:00,20.535677,79.007499,Moringa,India,verified
cap_4295,grower_5,2025-02-21 13:30:00,1.398523,32.316329,Avocado,Uganda,verified
cap_4296,grower_63,2025-06-19 17:20:00,1.364568,32.173757,Acacia,Uganda,verified
cap_4297,grower_49,2025-01-24 19:15:00,3.81048,11.412564,Acacia,Cameroon,verified
cap_4298,grower_120,2025-03-23 16:33:00,3.875138,11.385451,Acacia,Cameroon,verified
cap_4299,grower_24,2025-02-19 16:41:00,-1.280229,36.828966,Acacia,Kenya,verified
cap_4300,grower_68,2025-02-23 01:29:00,3.833232,11.47352,Moringa,Cameroon,verified
cap_4301,grower_100,2025-04-28 17:50:00,-1.329315,36.821262,Mango,Kenya,unverified
cap_4302,grower_18,2025-06-02 06:41:00,1.361727,32.261859,Acacia,Uganda,unverified
cap_4303,grower_67,2025-06-21 15:39:00,3.900344,11.447714,Moringa,Cameroon,verified
cap_4304,grower_85,2025-02-01 15:36:00,-1.313575,36.82751,Mahogany,Kenya,verified
cap_4305,grower_87,2025-01-24 22:33:00,-1.262589,36.861373,Neem,Kenya,verified
cap_4306,grower_72,2025-03-30 10:42:00,1.303446,32.365878,Neem,Uganda,verified
cap_4307,grower_32,2025-01-09 09:21:00,12.845806,121.808478,Mango,Philippines,verified
cap_4308,grower_90,2025-04-19 16:06:00,20.550704,78.903003,Neem,India,verified
cap_4309,grower_108,2025-03-06 08:29:00,12.84292,121.751295,Mango,Philippines,verified
cap_4310,grower_144,2025-06-02 06:04:00,12.902274,121.767509,Avocado,Philippines,verified
cap_4311,grower_3,2025-05-16 10:34:00,20.596381,79.062967,Mahogany,India,verified
cap_4312,grower_143,2025-06-19 23:46:00,12.861412,121.824919,Neem,Philippines,unverified
cap_4313,grower_43,2025-07-08 01:37:00,12.812122,121.854699,Mahogany,Philippines,verified
cap_4314,grower_29,2025-03-08 11:14:00,12.861205,121.78363,Avocado,Philippines,verified
cap_4315,grower_114,2025-06-10 17:32:00,20.570605,78.97847,Mango,India,verified
cap_4316,grower_86,2025-01-25 03:09:00,-1.342865,36.812095,Acacia,Kenya,unverified
cap_4317,grower_83,2025-06-03 21:32:00,1.341107,32.383988,Avocado,Uganda,verified
cap_4318,grower_107,2025-03-28 14:38:00,20.542041,78.963389,Acacia,India,verified
cap_4319,grower_41,2025-01-30 03:44:00,12.875804,121.768489,Mahogany,Philippines,verified
cap_4320,grower_79,2025-03-18 04:21:00,12.791832,121.719485,Neem,Philippines,verified
cap_4321,grower_88,2025-01-07 04:05:00,-1.360175,36.765365,Avocado,Kenya,verified
cap_4322,grower_73,2025-01-25 22:12:00,1.432313,32.277595,Mahogany,Uganda,unverified
cap_4323,grower_82,2025-03-17 12:50:00,-1.28322,36.866924,Moringa,Kenya,unverified
cap_4324,grower_93,2025-04-06 03:53:00,20.635073,78.920475,Mahogany,India,verified
cap_4325,grower_20,2025-01-18 01:11:00,12.947986,121.859036,Moringa,Philippines,verified
cap_4326,grower_66,2025-03-21 18:49:00,12.888069,121.757294,Moringa,Philippines,verified
cap_4327,grower_140,2025-02-02 08:55:00,1.371678,32.323598,Neem,Uganda,verified
cap_4328,grower_18,2025-04-21 13:44:00,1.340297,32.326555,Neem,Uganda,verified
cap_4329,grower_90,2025-04-12 23:29:00,20.597808,78.94028,Neem,India,verified
cap_4330,grower_143,2025-06-22 19:12:00,12.888925,121.786712,Moringa,Philippines,verified
cap_4331,grower_70,2025-01-03 01:33:00,12.92465,121.765558,Moringa,Philippines,verified
cap_4332,grower_6,2025-03-02 00:42:00,3.810853,11.519243,Mahogany,Cameroon,verified
cap_4333,grower_47,2025-01-31 01:41:00,3.872495,11.458527,Avocado,Cameroon,verified
cap_4334,grower_46,2025-03-30 21:48:00,-1.232144,36.852209,Moringa,Kenya,verified
cap_4335,grower_140,2025-03-19 19:48:00,1.320218,32.29973,Acacia,Uganda,unverified
cap_4336,grower_80,2025-02-02 18:36:00,12.858912,121.767279,Moringa,Philippines,verified
cap_4337,grower_134,2025-07-11 08:40:00,1.397488,32.235066,Neem,Uganda,verified
cap_4338,grower_62,2025-07-29 19:55:00,12.816344,121.772689,Neem,Philippines,unverified
cap_4339,grower_128,2025-02-14 10:12:00,12.833019,121.717539,Neem,Philippines,verified
cap_4340,grower_32,2025-03-15 15:54:00,12.94878,121.704094,Moringa,Philippines,verified
cap_4341,grower_39,2025-02-01 17:49:00,-1.303809,36.780268,Acacia,Kenya,unverified
cap_4342,grower_35,2025-05-02 12:50:00,20.671714,78.94504,Mahogany,India,unverified
cap_4343,grower_8,2025-06-16 23:19:00,20.587983,78.958422,Acacia,India,unverified
cap_4344,grower_112,2025-02-21 00:53:00,20.561905,79.031845,Avocado,India,verified
cap_4345,grower_141,2025-03-23 07:21:00,-1.222213,36.838836,Moringa,Kenya,verified
cap_4346,grower_73,2025-01-14 03:38:00,1.402178,32.280916,Moringa,Uganda,verified
cap_4347,grower_78,2025-05-16 07:00:00,12.905291,121.70206,Acacia,Philippines,unverified
cap_4348,grower_77,2025-03-14 15:15:00,-1.260584,36.767046,Mahogany,Kenya,verified
cap_4349,grower_86,2025-07-24 11:44:00,-1.267709,36.825232,Mahogany,Kenya,verified
cap_4350,grower_40,2025-04-12 12:39:00,3.746387,11.493193,Mahogany,Cameroon,verified
cap_4351,grower_32,2025-01-30 14:24:00,12.969467,121.781331,Mango,Philippines,verified
cap_4352,grower_33,2025-03-20 15:24:00,12.793658,121.849979,Mahogany,Philippines,verified
cap_4353,grower_30,2025-05-20 13:54:00,12.890979,121.776586,Avocado,Philippines,verified
cap_4354,grower_23,2025-03-21 15:09:00,12.940744,121.803273,Mahogany,Philippines,verified
cap_4355,grower_119,2025-06-23 00:48:00,-1.331639,36.737433,Mango,Kenya,verified
cap_4356,grower_2,2025-05-19 00:36:00,1.341376,32.337726,Avocado,Uganda,verified
cap_4357,grower_22,2025-04-09 10:58:00,1.351261,32.313591,Moringa,Uganda,verified
cap_4358,grower_46,2025-02-19 13:13:00,-1.299564,36.844448,Neem,Kenya,verified
cap_4359,grower_26,2025-03-28 15:33:00,20.582896,78.97765,Avocado,India,verified
cap_4360,grower_31,2025-04-21 17:48:00,20.613415,78.970898,Neem,India,verified
cap_4361,grower_52,2025-03-03 23:53:00,12.846647,121.672247,Moringa,Philippines,unverified
cap_4362,grower_88,2025-01-22 10:41:00,-1.233116,36.861701,Mahogany,Kenya,unverified
cap_4363,grower_110,2025-06-19 17:28:00,20.669198,78.894111,Avocado,India,unverified
cap_4364,grower_50,2025-02-10 22:06:00,12.960736,121.735952,Mahogany,Philippines,verified
cap_4365,grower_78,2025-01-28 19:46:00,12.904097,121.755871,Avocado,Philippines,verified
cap_4366,grower_55,2025-02-11 12:54:00,20.579668,78.959796,Acacia,India,verified
cap_4367,grower_59,2025-01-31 20:34:00,12.818284,121.765865,Acacia,Philippines,verified
cap_4368,grower_47,2025-02-13 02:37:00,3.860058,11.600867,Mango,Cameroon,verified
cap_4369,grower_56,2025-02-09 07:23:00,-1.386822,36.825334,Mahogany,Kenya,unverified
cap_4370,grower_138,2025-02-12 12:31:00,3.881713,11.436768,Moringa,Cameroon,verified
cap_4371,grower_132,2025-05-21 02:03:00,1.354795,32.301145,Acacia,Uganda,verified
cap_4372,grower_90,2025-04-25 13:52:00,20.611632,78.942457,Avocado,India,verified
cap_4373,grower_54,2025-07-14 22:20:00,1.353207,32.292608,Mahogany,Uganda,verified
cap_4374,grower_128,2025-04-19 16:25:00,12.892529,121.728736,Moringa,Philippines,verified
cap_4375,grower_26,2025-01-21 14:42:00,20.662575,78.919153,Avocado,India,unverified
cap_4376,grower_73,2025-04-23 07:21:00,1.459594,32.315672,Avocado,Uganda,verified
cap_4377,grower_56,2025-06-18 03:49:00,-1.340174,36.869446,Mahogany,Kenya,verified
cap_4378,grower_61,2025-04-09 00:47:00,3.8514,11.446956,Neem,Cameroon,verified
cap_4379,grower_5,2025-06-29 17:23:00,1.28063,32.331103,Mango,Uganda,verified
cap_4380,grower_7,2025-02-09 09:29:00,20.617269,78.929809,Moringa,India,verified
cap_4381,grower_75,2025-04-11 12:34:00,1.282089,32.269615,Moringa,Uganda,verified
cap_4382,grower_119,2025-01-27 21:59:00,-1.274886,36.793458,Mango,Kenya,verified
cap_4383,grower_18,2025-01-21 02:35:00,1.321602,32.242111,Mango,Uganda,verified
cap_4384,grower_121,2025-05-02 03:03:00,3.834322,11.530306,Acacia,Cameroon,verified
cap_4385,grower_82,2025-05-21 08:49:00,-1.243411,36.843142,Acacia,Kenya,verified
cap_4386,grower_5,2025-02-28 09:23:00,1.359319,32.318814,Mango,Uganda,verified
cap_4387,grower_107,2025-06-15 17:28:00,20.517254,79.018316,Acacia,India,unverified
cap_4388,grower_106,2025-03-31 12:10:00,1.387942,32.198138,Mango,Uganda,verified
cap_4389,grower_52,2025-01-11 20:50:00,12.897976,121.648813,Mango,Philippines,verified
cap_4390,grower_15,2025-01-11 20:47:00,12.863303,121.741894,Mango,Philippines,verified
cap_4391,grower_30,2025-07-26 12:46:00,12.8905,121.783193,Neem,Philippines,verified
cap_4392,grower_149,2025-05-27 18:32:00,3.843878,11.468322,Avocado,Cameroon,verified
cap_4393,grower_70,2025-05-09 00:13:00,12.909239,121.758088,Avocado,Philippines,verified
cap_4394,grower_66,2025-03-01 20:55:00,12.855274,121.73064,Acacia,Philippines,verified
cap_4395,grower_127,2025-07-17 00:25:00,1.48823,32.249775,Avocado,Uganda,verified
cap_4396,grower_67,2025-04-24 04:25:00,3.834861,11.500567,Mahogany,Cameroon,verified
cap_4397,grower_102,2025-04-01 23:23:00,-1.265668,36.761918,Mango,Kenya,verified
cap_4398,grower_102,2025-07-21 17:38:00,-1.304619,36.846365,Neem,Kenya,verified
cap_4399,grower_116,2025-02-11 07:54:00,1.411659,32.288431,Neem,Uganda,verified
cap_4400,grower_124,2025-06-14 06:59:00,20.631812,78.983839,Moringa,India,verified
cap_4401,grower_23,2025-04-29 22:06:00,12.964045,121.703443,Acacia,Philippines,verified
cap_4402,grower_25,2025-03-07 17:39:00,-1.320889,36.760402,Avocado,Kenya,verified
cap_4403,grower_14,2025-04-25 18:40:00,3.774145,11.485887,Mango,Cameroon,unverified
cap_4404,grower_102,2025-03-23 20:03:00,-1.244306,36.867825,Mahogany,Kenya,verified
cap_4405,grower_105,2025-03-13 02:12:00,-1.220182,36.877376,Mahogany,Kenya,verified
cap_4406,grower_125,2025-05-06 22:18:00,-1.326702,36.740181,Neem,Kenya,verified
cap_4407,grower_61,2025-02-05 01:11:00,3.91899,11.466497,Neem,Cameroon,verified
cap_4408,grower_107,2025-03-06 18:23:00,20.546311,78.941147,Neem,India,verified
cap_4409,grower_41,2025-05-23 11:47:00,12.891871,121.719795,Moringa,Philippines,verified
cap_4410,grower_77,2025-06-12 08:19:00,-1.322148,36.861039,Mango,Kenya,verified
cap_4411,grower_112,2025-06-14 15:40:00,20.611781,78.947295,Mango,India,unverified
cap_4412,grower_14,2025-02-05 19:38:00,3.825626,11.428051,Mango,Cameroon,verified
cap_4413,grower_4,2025-02-27 07:02:00,1.370566,32.315345,Acacia,Uganda,verified
cap_4414,grower_148,2025-06-30 13:09:00,20.425222,79.017838,Neem,India,verified
cap_4415,grower_98,2025-06-20 03:46:00,3.790712,11.432394,Mango,Cameroon,verified
cap_4416,grower_51,2025-06-06 04:13:00,12.841423,121.668612,Acacia,Philippines,verified
cap_4417,grower_45,2025-02-21 20:04:00,3.799766,11.532331,Mahogany,Cameroon,unverified
cap_4418,grower_102,2025-01-26 09:31:00,-1.320874,36.811263,Neem,Kenya,unverified
cap_4419,grower_72,2025-03-04 14:47:00,1.398025,32.277459,Avocado,Uganda,verified
cap_4420,grower_114,2025-07-21 02:04:00,20.57335,78.873872,Mango,India,verified
cap_4421,grower_82,2025-06-13 14:21:00,-1.228697,36.835062,Neem,Kenya,verified
cap_4422,grower_72,2025-01-13 23:23:00,1.330198,32.347823,Mahogany,Uganda,verified
cap_4423,grower_133,2025-01-26 10:49:00,12.856055,121.691282,Moringa,Philippines,unverified
cap_4424,grower_11,2025-07-24 19:50:00,12.880654,121.681506,Mango,Philippines,verified
cap_4425,grower_74,2025-01-29 06:39:00,3.886225,11.449552,Moringa,Cameroon,verified
cap_4426,grower_132,2025-02-11 07:20:00,1.42281,32.203739,Acacia,Uganda,verified
cap_4427,grower_76,2025-03-05 07:21:00,3.949471,11.430172,Moringa,Cameroon,verified
cap_4428,grower_97,2025-04-20 20:17:00,1.366843,32.247487,Neem,Uganda,unverified
cap_4429,grower_140,2025-04-14 23:51:00,1.33925,32.231614,Mango,Uganda,verified
cap_4430,grower_28,2025-05-06 06:23:00,3.836442,11.56955,Mahogany,Cameroon,verified
cap_4431,grower_132,2025-05-16 13:14:00,1.419731,32.251808,Acacia,Uganda,verified
cap_4432,grower_41,2025-04-26 02:08:00,12.807987,121.854026,Acacia,Philippines,verified
cap_4433,grower_92,2025-02-21 01:33:00,-1.332058,36.856832,Neem,Kenya,verified
cap_4434,grower_76,2025-04-10 14:08:00,3.813114,11.516697,Moringa,Cameroon,verified
cap_4435,grower_63,2025-02-07 05:01:00,1.344498,32.267055,Moringa,Uganda,verified
cap_4436,grower_13,2025-02-02 20:30:00,1.444984,32.298856,Mahogany,Uganda,verified
cap_4437,grower_39,2025-05-07 01:22:00,-1.355432,36.718173,Acacia,Kenya,verified
cap_4438,grower_105,2025-07-02 18:09:00,-1.334992,36.845432,Moringa,Kenya,verified
cap_4439,grower_54,2025-06-29 11:33:00,1.370702,32.255021,Moringa,Uganda,verified
cap_4440,grower_12,2025-03-27 13:19:00,20.475848,78.945689,Mahogany,India,verified
cap_4441,grower_66,2025-03-12 18:11:00,12.892318,121.733318,Acacia,Philippines,verified
cap_4442,grower_133,2025-05-11 20:57:00,12.937247,121.766449,Avocado,Philippines,verified
cap_4443,grower_98,2025-03-17 07:47:00,3.846154,11.64668,Neem,Cameroon,verified
cap_4444,grower_5,2025-07-15 08:34:00,1.413763,32.274721,Mango,Uganda,verified
cap_4445,grower_137,2025-06-09 07:51:00,12.969109,121.703508,Mahogany,Philippines,verified
cap_4446,grower_143,2025-02-09 03:06:00,12.865156,121.887265,Moringa,Philippines,verified
cap_4447,grower_68,2025-01-22 22:22:00,3.83458,11.559269,Mahogany,Cameroon,unverified
cap_4448,grower_41,2025-01-27 06:15:00,12.837477,121.78405,Avocado,Philippines,verified
cap_4449,grower_17,2025-02-12 14:48:00,12.818893,121.808494,Neem,Philippines,unverified
cap_4450,grower_121,2025-07-14 19:17:00,3.877558,11.554432,Avocado,Cameroon,unverified
cap_4451,grower_61,2025-04-29 04:28:00,3.859737,11.446029,Avocado,Cameroon,verified
cap_4452,grower_64,2025-06-24 19:07:00,3.87703,11.561093,Mahogany,Cameroon,verified
cap_4453,grower_10,2025-03-29 17:53:00,1.437,32.271342,Moringa,Uganda,unverified
cap_4454,grower_72,2025-06-05 11:12:00,1.367298,32.316431,Mango,Uganda,verified
cap_4455,grower_129,2025-06-22 14:00:00,1.434644,32.353253,Acacia,Uganda,verified
cap_4456,grower_61,2025-06-01 22:39:00,3.803856,11.470178,Mahogany,Cameroon,verified
cap_4457,grower_98,2025-04-10 19:03:00,3.822395,11.508163,Mango,Cameroon,verified
cap_4458,grower_149,2025-03-09 02:33:00,3.85209,11.495845,Mahogany,Cameroon,unverified
cap_4459,grower_20,2025-04-13 22:06:00,12.975219,121.894396,Mango,Philippines,verified
cap_4460,grower_81,2025-05-12 11:45:00,1.350409,32.23961,Mango,Uganda,verified
cap_4461,grower_66,2025-03-01 06:07:00,12.855644,121.77834,Moringa,Philippines,unverified
cap_4462,grower_30,2025-04-18 09:49:00,12.887589,121.705518,Mango,Philippines,verified
cap_4463,grower_61,2025-06-19 04:22:00,3.849927,11.439254,Mango,Cameroon,verified
cap_4464,grower_31,2025-02-16 15:46:00,20.57095,78.945357,Avocado,India,verified
cap_4465,grower_34,2025-06-16 00:06:00,-1.279248,36.748801,Mahogany,Kenya,verified
cap_4466,grower_84,2025-05-07 11:06:00,1.4312,32.260725,Acacia,Uganda,verified
cap_4467,grower_66,2025-04-08 07:09:00,12.87062,121.719155,Moringa,Philippines,verified
cap_4468,grower_143,2025-03-07 23:59:00,12.836248,121.838795,Acacia,Philippines,unverified
cap_4469,grower_110,2025-01-11 11:05:00,20.571277,78.936754,Mahogany,India,verified
cap_4470,grower_31,2025-05-07 21:59:00,20.620641,79.065612,Avocado,India,unverified
cap_4471,grower_34,2025-07-11 03:18:00,-1.357262,36.900821,Mahogany,Kenya,verified
cap_4472,grower_77,2025-01-22 10:16:00,-1.262241,36.758016,Neem,Kenya,verified
cap_4473,grower_69,2025-03-26 23:13:00,12.806686,121.876418,Moringa,Philippines,verified
cap_4474,grower_79,2025-05-11 02:10:00,12.911097,121.679551,Acacia,Philippines,verified
cap_4475,grower_124,2025-04-09 01:39:00,20.624746,78.934962,Moringa,India,verified
cap_4476,grower_97,2025-07-17 01:51:00,1.401572,32.32743,Neem,Uganda,verified
cap_4477,grower_28,2025-02-13 03:41:00,3.865393,11.425938,Acacia,Cameroon,unverified
cap_4478,grower_118,2025-03-04 18:31:00,20.657123,79.01855,Neem,India,verified
cap_4479,grower_64,2025-07-12 16:28:00,3.883686,11.420122,Neem,Cameroon,verified
cap_4480,grower_91,2025-07-14 19:28:00,20.579464,79.000849,Avocado,India,verified
cap_4481,grower_103,2025-03-05 05:32:00,12.897632,121.786818,Acacia,Philippines,verified
cap_4482,grower_126,2025-05-19 04:33:00,12.944155,121.724265,Neem,Philippines,verified
cap_4483,grower_103,2025-07-18 19:13:00,12.950049,121.710283,Moringa,Philippines,verified
cap_4484,grower_29,2025-04-13 16:43:00,12.915106,121.733179,Mango,Philippines,verified
cap_4485,grower_131,2025-04-20 00:45:00,20.570802,78.966417,Avocado,India,verified
cap_4486,grower_58,2025-03-17 19:52:00,3.791774,11.526948,Mahogany,Cameroon,verified
cap_4487,grower_47,2025-05-22 05:16:00,3.825642,11.48855,Moringa,Cameroon,verified
cap_4488,grower_65,2025-04-16 07:36:00,3.771305,11.461648,Avocado,Cameroon,verified
cap_4489,grower_39,2025-04-04 10:44:00,-1.372987,36.757186,Moringa,Kenya,verified
cap_4490,grower_124,2025-03-20 18:31:00,20.615691,78.863668,Avocado,India,verified
cap_4491,grower_66,2025-02-15 14:49:00,12.950226,121.853237,Mahogany,Philippines,verified
cap_4492,grower_148,2025-05-07 14:35:00,20.675697,79.002549,Avocado,India,verified
cap_4493,grower_87,2025-06-20 21:23:00,-1.302055,36.842055,Acacia,Kenya,verified
cap_4494,grower_71,2025-02-10 13:17:00,-1.253376,36.885114,Moringa,Kenya,verified
cap_4495,grower_135,2025-06-14 12:43:00,20.667555,78.997571,Neem,India,verified
cap_4496,grower_49,2025-05-20 21:36:00,3.84122,11.590645,Acacia,Cameroon,verified
cap_4497,grower_93,2025-03-10 06:29:00,20.564608,78.910122,Acacia,India,verified
cap_4498,grower_145,2025-03-23 01:58:00,12.769088,121.769422,Moringa,Philippines,verified
cap_4499,grower_129,2025-01-18 09:57:00,1.344348,32.319147,Avocado,Uganda,verified
cap_4500,grower_20,2025-02-23 10:13:00,12.913535,121.638343,Mango,Philippines,verified
cap_4501,grower_47,2025-07-22 11:12:00,3.826783,11.477292,Mahogany,Cameroon,unverified
cap_4502,grower_111,2025-01-31 17:07:00,-1.346909,36.856543,Avocado,Kenya,verified
cap_4503,grower_81,2025-04-03 22:39:00,1.353472,32.323155,Mango,Uganda,verified
cap_4504,grower_73,2025-06-07 19:08:00,1.398997,32.354577,Acacia,Uganda,unverified
cap_4505,grower_70,2025-04-04 00:30:00,12.9126,121.834766,Mahogany,Philippines,verified
cap_4506,grower_140,2025-07-01 13:16:00,1.366401,32.335114,Neem,Uganda,verified
cap_4507,grower_22,2025-04-02 14:00:00,1.401454,32.317579,Avocado,Uganda,verified
cap_4508,grower_90,2025-06-17 03:22:00,20.590081,78.948222,Mahogany,India,verified
cap_4509,grower_91,2025-05-11 17:10:00,20.626866,78.930627,Mahogany,India,verified
cap_4510,grower_145,2025-06-13 10:56:00,12.885879,121.701888,Mahogany,Philippines,unverified
cap_4511,grower_120,2025-02-18 13:38:00,3.837059,11.496297,Avocado,Cameroon,verified
cap_4512,grower_112,2025-07-12 18:06:00,20.645068,78.936607,Avocado,India,verified
cap_4513,grower_77,2025-07-03 03:48:00,-1.393492,36.817131,Acacia,Kenya,verified
cap_4514,grower_89,2025-05-02 18:46:00,12.8753,121.782961,Avocado,Philippines,verified
cap_4515,grower_37,2025-06-30 07:30:00,20.520348,78.970702,Avocado,India,verified
cap_4516,grower_57,2025-04-22 21:02:00,12.835347,121.863616,Avocado,Philippines,verified
cap_4517,grower_2,2025-04-23 07:40:00,1.311201,32.255624,Acacia,Uganda,verified
cap_4518,grower_114,2025-02-15 00:53:00,20.602575,78.975834,Moringa,India,verified
cap_4519,grower_57,2025-01-28 03:23:00,12.897714,121.850724,Mango,Philippines,verified
cap_4520,grower_16,2025-04-15 18:30:00,3.83069,11.452667,Acacia,Cameroon,verified
cap_4521,grower_59,2025-01-03 12:13:00,12.877946,121.876375,Mango,Philippines,verified
cap_4522,grower_75,2025-01-01 18:33:00,1.413882,32.287057,Mahogany,Uganda,verified
cap_4523,grower_133,2025-03-10 07:50:00,12.835813,121.749496,Acacia,Philippines,verified
cap_4524,grower_150,2025-03-09 22:00:00,12.939674,121.763921,Mahogany,Philippines,unverified
cap_4525,grower_137,2025-07-14 22:47:00,12.811882,121.772099,Avocado,Philippines,verified
cap_4526,grower_48,2025-03-04 20:22:00,1.423067,32.300061,Mahogany,Uganda,verified
cap_4527,grower_10,2025-06-20 07:24:00,1.359466,32.26002,Mahogany,Uganda,verified
cap_4528,grower_104,2025-02-26 16:01:00,3.821709,11.481834,Acacia,Cameroon,verified
cap_4529,grower_93,2025-01-26 06:25:00,20.54549,78.924354,Mahogany,India,verified
cap_4530,grower_99,2025-06-15 20:42:00,3.798215,11.495641,Moringa,Cameroon,verified
cap_4531,grower_149,2025-02-09 19:31:00,3.89413,11.516584,Moringa,Cameroon,verified
cap_4532,grower_104,2025-03-25 02:18:00,3.959942,11.517168,Mahogany,Cameroon,verified
cap_4533,grower_142,2025-01-17 08:07:00,1.320306,32.213589,Avocado,Uganda,unverified
cap_4534,grower_26,2025-03-01 19:54:00,20.65219,78.953347,Acacia,India,verified
cap_4535,grower_82,2025-01-01 05:09:00,-1.289,36.818567,Acacia,Kenya,verified
cap_4536,grower_30,2025-06-08 09:40:00,12.800834,121.753004,Mango,Philippines,verified
cap_4537,grower_71,2025-04-09 19:07:00,-1.233463,36.794219,Moringa,Kenya,verified
cap_4538,grower_2,2025-03-12 05:32:00,1.371219,32.258676,Mango,Uganda,verified
cap_4539,grower_30,2025-07-03 12:02:00,12.910357,121.74502,Neem,Philippines,unverified
cap_4540,grower_125,2025-01-24 10:00:00,-1.272071,36.717473,Mango,Kenya,verified
cap_4541,grower_94,2025-01-03 02:09:00,20.558158,78.946419,Mango,India,verified
cap_4542,grower_144,2025-02-27 18:56:00,12.85702,121.84491,Acacia,Philippines,verified
cap_4543,grower_85,2025-01-09 08:37:00,-1.312459,36.742506,Acacia,Kenya,verified
cap_4544,grower_138,2025-02-07 22:32:00,3.761596,11.447243,Mango,Cameroon,verified
cap_4545,grower_48,2025-07-15 21:12:00,1.367419,32.268509,Mahogany,Uganda,verified
cap_4546,grower_81,2025-01-13 13:21:00,1.247063,32.310693,Mango,Uganda,verified
cap_4547,grower_44,2025-01-08 07:29:00,3.878914,11.575141,Acacia,Cameroon,verified
cap_4548,grower_92,2025-04-23 03:53:00,-1.283442,36.797467,Avocado,Kenya,verified
cap_4549,grower_31,2025-04-05 22:32:00,20.588967,78.934931,Moringa,India,verified
cap_4550,grower_41,2025-02-23 01:25:00,12.86813,121.751863,Acacia,Philippines,verified
cap_4551,grower_21,2025-07-20 06:20:00,3.81835,11.54718,Acacia,Cameroon,verified
cap_4552,grower_11,2025-06-08 06:37:00,12.858319,121.64876,Acacia,Philippines,verified
cap_4553,grower_50,2025-03-14 05:42:00,12.937066,121.83798,Moringa,Philippines,verified
cap_4554,grower_110,2025-04-19 00:14:00,20.584129,78.917675,Mango,India,verified
cap_4555,grower_144,2025-04-21 09:55:00,12.849097,121.797977,Moringa,Philippines,verified
cap_4556,grower_129,2025-01-18 09:48:00,1.33181,32.263862,Acacia,Uganda,verified
cap_4557,grower_14,2025-02-19 23:23:00,3.811245,11.433388,Moringa,Cameroon,unverified
cap_4558,grower_149,2025-07-03 12:51:00,3.852199,11.422957,Mahogany,Cameroon,verified
cap_4559,grower_57,2025-02-25 10:14:00,12.9177,121.841239,Neem,Philippines,verified
cap_4560,grower_142,2025-04-25 15:51:00,1.431092,32.326356,Mango,Uganda,verified
cap_4561,grower_115,2025-07-17 22:39:00,-1.267524,36.742638,Moringa,Kenya,verified
cap_4562,grower_130,2025-05-26 22:34:00,1.307709,32.210747,Moringa,Uganda,verified
cap_4563,grower_76,2025-02-05 07:29:00,3.745748,11.448617,Acacia,Cameroon,verified
cap_4564,grower_29,2025-05-13 11:26:00,12.864651,121.826372,Mahogany,Philippines,verified
cap_4565,grower_10,2025-01-26 21:40:00,1.424148,32.329706,Acacia,Uganda,verified
cap_4566,grower_106,2025-05-15 20:10:00,1.378556,32.265402,Acacia,Uganda,verified
cap_4567,grower_113,2025-05-03 18:23:00,1.266316,32.253081,Neem,Uganda,verified
cap_4568,grower_32,2025-04-20 05:30:00,12.927916,121.782279,Neem,Philippines,verified
cap_4569,grower_12,2025-05-30 19:20:00,20.60496,78.98966,Mahogany,India,unverified
cap_4570,grower_141,2025-02-06 06:56:00,-1.273339,36.902356,Mango,Kenya,verified
cap_4571,grower_136,2025-07-04 18:18:00,20.551164,78.906505,Mahogany,India,verified
cap_4572,grower_121,2025-02-15 13:05:00,3.854673,11.56791,Avocado,Cameroon,verified
cap_4573,grower_52,2025-02-15 19:27:00,12.950118,121.917138,Mango,Philippines,verified
cap_4574,grower_82,2025-06-11 20:31:00,-1.284156,36.809729,Neem,Kenya,verified
cap_4575,grower_44,2025-05-26 18:12:00,3.910893,11.436472,Acacia,Cameroon,verified
cap_4576,grower_37,2025-05-08 08:43:00,20.64309,78.96539,Avocado,India,verified
cap_4577,grower_49,2025-06-03 15:18:00,3.859975,11.527823,Avocado,Cameroon,verified
cap_4578,grower_103,2025-03-31 05:27:00,12.77897,121.691797,Neem,Philippines,verified
cap_4579,grower_36,2025-02-13 16:57:00,1.367925,32.276565,Neem,Uganda,verified
cap_4580,grower_48,2025-07-25 13:38:00,1.354712,32.288398,Moringa,Uganda,verified
cap_4581,grower_39,2025-02-27 16:09:00,-1.325452,36.836806,Avocado,Kenya,verified
cap_4582,grower_98,2025-06-11 12:38:00,3.869249,11.449648,Mahogany,Cameroon,verified
cap_4583,grower_4,2025-06-12 12:02:00,1.424688,32.222697,Acacia,Uganda,verified
cap_4584,grower_117,2025-04-28 16:07:00,3.87491,11.551652,Avocado,Cameroon,verified
cap_4585,grower_49,2025-07-01 05:11:00,3.850537,11.417507,Neem,Cameroon,verified
cap_4586,grower_110,2025-01-24 15:42:00,20.539067,78.929602,Moringa,India,verified
cap_4587,grower_138,2025-02-06 13:41:00,3.896405,11.548435,Mango,Cameroon,verified
cap_4588,grower_72,2025-06-28 08:59:00,1.357019,32.233918,Acacia,Uganda,verified
cap_4589,grower_77,2025-05-03 17:39:00,-1.228595,36.76793,Mahogany,Kenya,verified
cap_4590,grower_30,2025-01-05 18:08:00,12.884126,121.852163,Moringa,Philippines,verified
cap_4591,grower_63,2025-05-07 13:38:00,1.375336,32.284654,Mango,Uganda,verified
cap_4592,grower_116,2025-02-07 04:10:00,1.422013,32.29099,Neem,Uganda,verified
cap_4593,grower_53,2025-02-18 02:01:00,12.903584,121.736484,Mahogany,Philippines,unverified
cap_4594,grower_13,2025-05-10 04:11:00,1.331075,32.343964,Mahogany,Uganda,unverified
cap_4595,grower_45,2025-02-11 07:04:00,3.894879,11.49012,Neem,Cameroon,unverified
cap_4596,grower_111,2025-05-15 21:58:00,-1.274665,36.802969,Avocado,Kenya,verified
cap_4597,grower_68,2025-06-11 02:16:00,3.914908,11.490848,Neem,Cameroon,verified
cap_4598,grower_125,2025-06-25 07:37:00,-1.347872,36.864113,Moringa,Kenya,unverified
cap_4599,grower_83,2025-02-23 03:07:00,1.350405,32.257012,Neem,Uganda,unverified
cap_4600,grower_67,2025-06-16 08:04:00,3.851098,11.507838,Acacia,Cameroon,verified
cap_4601,grower_96,2025-05-19 13:06:00,20.540585,78.894506,Mahogany,India,verified
cap_4602,grower_29,2025-06-24 10:00:00,12.891651,121.753619,Acacia,Philippines,verified
cap_4603,grower_143,2025-03-25 19:33:00,12.942198,121.849055,Moringa,Philippines,unverified
cap_4604,grower_104,2025-07-13 17:29:00,3.906696,11.594996,Mahogany,Cameroon,verified
cap_4605,grower_58,2025-03-30 07:09:00,3.899878,11.460728,Moringa,Cameroon,unverified
cap_4606,grower_124,2025-05-22 05:13:00,20.648005,78.951878,Avocado,India,verified
cap_4607,grower_92,2025-07-29 22:02:00,-1.33651,36.878102,Mango,Kenya,verified
cap_4608,grower_117,2025-01-21 07:56:00,3.866573,11.48663,Neem,Cameroon,verified
cap_4609,grower_62,2025-05-12 14:47:00,12.918925,121.780929,Mahogany,Philippines,unverified
cap_4610,grower_34,2025-01-16 06:54:00,-1.26275,36.843877,Neem,Kenya,unverified
cap_4611,grower_123,2025-02-09 06:53:00,1.417339,32.242984,Avocado,Uganda,verified
cap_4612,grower_93,2025-05-05 01:00:00,20.567462,78.973616,Acacia,India,verified
cap_4613,grower_114,2025-03-02 04:22:00,20.719416,78.910133,Acacia,India,verified
cap_4614,grower_113,2025-04-03 02:13:00,1.360549,32.279318,Acacia,Uganda,verified
cap_4615,grower_110,2025-03-31 07:17:00,20.561866,79.001961,Mahogany,India,unverified
cap_4616,grower_107,2025-02-20 15:34:00,20.594469,78.99998,Mahogany,India,verified
cap_4617,grower_69,2025-06-01 15:57:00,12.804558,121.782702,Moringa,Philippines,verified
cap_4618,grower_79,2025-03-16 05:48:00,12.84177,121.776951,Acacia,Philippines,verified
cap_4619,grower_79,2025-07-10 02:56:00,12.843043,121.789784,Moringa,Philippines,verified
cap_4620,grower_54,2025-02-27 13:24:00,1.399952,32.274628,Mahogany,Uganda,verified
cap_4621,grower_69,2025-04-04 07:14:00,12.926767,121.767939,Mahogany,Philippines,unverified
cap_4622,grower_30,2025-06-26 13:43:00,12.923659,121.769405,Mango,Philippines,verified
cap_4623,grower_22,2025-05-13 00:11:00,1.392403,32.413753,Moringa,Uganda,verified
cap_4624,grower_125,2025-04-08 10:30:00,-1.320896,36.856415,Avocado,Kenya,verified
cap_4625,grower_41,2025-04-16 17:23:00,12.899735,121.728599,Acacia,Philippines,verified
cap_4626,grower_136,2025-01-08 07:25:00,20.692534,78.956187,Mahogany,India,verified
cap_4627,grower_22,2025-07-18 19:17:00,1.364988,32.327325,Avocado,Uganda,verified
cap_4628,grower_24,2025-07-20 21:44:00,-1.281994,36.857816,Acacia,Kenya,verified
cap_4629,grower_109,2025-02-06 20:17:00,20.552541,78.916692,Moringa,India,verified
cap_4630,grower_95,2025-06-08 05:57:00,-1.252353,36.838843,Moringa,Kenya,verified
cap_4631,grower_39,2025-06-04 14:57:00,-1.299844,36.786771,Mahogany,Kenya,verified
cap_4632,grower_1,2025-05-22 01:27:00,12.937821,121.732495,Avocado,Philippines,verified
cap_4633,grower_56,2025-07-16 13:35:00,-1.447045,36.808924,Mango,Kenya,verified
cap_4634,grower_1,2025-03-18 05:03:00,12.924118,121.765996,Moringa,Philippines,verified
cap_4635,grower_42,2025-02-09 00:24:00,-1.286731,36.890957,Acacia,Kenya,verified
cap_4636,grower_119,2025-04-23 02:10:00,-1.249501,36.713385,Moringa,Kenya,unverified
cap_4637,grower_22,2025-04-19 20:13:00,1.353147,32.227511,Avocado,Uganda,verified
cap_4638,grower_12,2025-03-24 13:10:00,20.546102,78.93574,Mango,India,verified
cap_4639,grower_89,2025-01-01 22:38:00,12.850862,121.699505,Acacia,Philippines,verified
cap_4640,grower_46,2025-02-07 21:28:00,-1.375395,36.778972,Acacia,Kenya,verified
cap_4641,grower_14,2025-02-14 15:16:00,3.781606,11.468893,Mango,Cameroon,verified
cap_4642,grower_86,2025-02-13 10:02:00,-1.260912,36.728151,Acacia,Kenya,verified
cap_4643,grower_63,2025-07-01 05:36:00,1.358402,32.245189,Mahogany,Uganda,verified
cap_4644,grower_8,2025-01-16 21:37:00,20.61142,78.923131,Moringa,India,verified
cap_4645,grower_34,2025-07-25 07:28:00,-1.342566,36.812389,Neem,Kenya,verified
cap_4646,grower_149,2025-05-03 02:45:00,3.754313,11.463506,Mango,Cameroon,verified
cap_4647,grower_86,2025-05-14 15:24:00,-1.301933,36.812606,Moringa,Kenya,verified
cap_4648,grower_147,2025-03-06 02:41:00,12.902659,121.765044,Neem,Philippines,verified
cap_4649,grower_26,2025-01-13 12:15:00,20.585158,78.895771,Mahogany,India,verified
cap_4650,grower_56,2025-04-04 06:29:00,-1.300839,36.827806,Moringa,Kenya,verified
cap_4651,grower_126,2025-03-15 14:33:00,12.922158,121.780431,Moringa,Philippines,verified
cap_4652,grower_3,2025-06-16 11:58:00,20.59983,78.920507,Mahogany,India,verified
cap_4653,grower_56,2025-06-02 07:10:00,-1.263386,36.769364,Moringa,Kenya,verified
cap_4654,grower_28,2025-01-16 08:31:00,3.860015,11.447855,Mahogany,Cameroon,verified
cap_4655,grower_83,2025-01-01 22:25:00,1.385142,32.314424,Moringa,Uganda,unverified
cap_4656,grower_145,2025-04-14 04:44:00,12.859636,121.748946,Neem,Philippines,unverified
cap_4657,grower_72,2025-05-21 15:59:00,1.258255,32.246444,Acacia,Uganda,verified
cap_4658,grower_74,2025-05-18 09:46:00,3.90712,11.482836,Mahogany,Cameroon,verified
cap_4659,grower_70,2025-05-27 09:33:00,12.843169,121.7679,Moringa,Philippines,verified
cap_4660,grower_107,2025-05-30 19:04:00,20.634474,79.015297,Moringa,India,verified
cap_4661,grower_29,2025-03-21 06:58:00,12.882418,121.966925,Neem,Philippines,verified
cap_4662,grower_5,2025-03-19 12:21:00,1.40846,32.267072,Mahogany,Uganda,verified
cap_4663,grower_150,2025-01-18 01:02:00,12.84354,121.762171,Mahogany,Philippines,verified
cap_4664,grower_57,2025-07-06 14:32:00,12.922509,121.74605,Moringa,Philippines,verified
cap_4665,grower_113,2025-04-21 13:40:00,1.391731,32.322442,Moringa,Uganda,verified
cap_4666,grower_70,2025-07-16 21:38:00,12.868395,121.685505,Neem,Philippines,verified
cap_4667,grower_31,2025-02-24 08:20:00,20.579025,78.923451,Neem,India,unverified
cap_4668,grower_77,2025-05-21 03:24:00,-1.279051,36.776862,Neem,Kenya,verified
cap_4669,grower_45,2025-02-28 00:51:00,3.832846,11.560031,Avocado,Cameroon,verified
cap_4670,grower_129,2025-06-08 10:13:00,1.426959,32.267639,Mahogany,Uganda,verified
cap_4671,grower_73,2025-02-01 09:44:00,1.3776,32.271682,Mango,Uganda,verified
cap_4672,grower_144,2025-06-24 12:04:00,12.767804,121.783762,Mango,Philippines,verified
cap_4673,grower_54,2025-07-01 06:34:00,1.333079,32.301867,Mahogany,Uganda,unverified
cap_4674,grower_57,2025-07-02 03:54:00,12.833196,121.747283,Moringa,Philippines,verified
cap_4675,grower_132,2025-01-05 22:58:00,1.369947,32.369078,Acacia,Uganda,verified
cap_4676,grower_120,2025-07-06 10:31:00,3.888893,11.556178,Mango,Cameroon,unverified
cap_4677,grower_90,2025-07-05 13:39:00,20.630418,78.989102,Moringa,India,verified
cap_4678,grower_71,2025-06-09 05:25:00,-1.281233,36.800233,Moringa,Kenya,verified
cap_4679,grower_68,2025-04-22 15:11:00,3.829012,11.466159,Moringa,Cameroon,verified
cap_4680,grower_66,2025-04-16 11:05:00,12.951795,121.788399,Avocado,Philippines,verified
cap_4681,grower_57,2025-06-24 20:03:00,12.796305,121.720581,Mahogany,Philippines,verified
cap_4682,grower_144,2025-05-04 21:55:00,12.890293,121.625363,Acacia,Philippines,verified
cap_4683,grower_53,2025-04-27 15:22:00,12.91889,121.824695,Acacia,Philippines,unverified
cap_4684,grower_34,2025-05-16 03:03:00,-1.272015,36.862433,Neem,Kenya,verified
cap_4685,grower_69,2025-06-01 02:49:00,12.998119,121.750015,Mahogany,Philippines,verified
cap_4686,grower_59,2025-06-26 16:48:00,12.963314,121.827247,Moringa,Philippines,verified
cap_4687,grower_146,2025-07-19 01:47:00,12.810476,121.730025,Neem,Philippines,verified
cap_4688,grower_120,2025-07-22 09:19:00,3.908644,11.459928,Moringa,Cameroon,verified
cap_4689,grower_109,2025-04-12 08:36:00,20.627115,78.975971,Neem,India,verified
cap_4690,grower_74,2025-02-27 05:53:00,3.839284,11.519682,Neem,Cameroon,verified
cap_4691,grower_96,2025-05-02 02:48:00,20.583395,78.976975,Mango,India,verified
cap_4692,grower_90,2025-05-01 16:31:00,20.582272,78.964603,Acacia,India,verified
cap_4693,grower_19,2025-01-05 06:16:00,-1.236345,36.83232,Mahogany,Kenya,verified
cap_4694,grower_18,2025-04-30 16:56:00,1.35769,32.289121,Avocado,Uganda,verified
cap_4695,grower_96,2025-04-09 12:24:00,20.552271,79.051623,Moringa,India,verified
cap_4696,grower_66,2025-06-13 11:15:00,12.768938,121.766787,Avocado,Philippines,verified
cap_4697,grower_20,2025-07-09 09:15:00,12.93362,121.871463,Acacia,Philippines,verified
cap_4698,grower_89,2025-06-26 04:22:00,12.812036,121.852526,Acacia,Philippines,verified
cap_4699,grower_118,2025-02-16 12:32:00,20.553706,79.022951,Neem,India,verified
cap_4700,grower_133,2025-03-03 03:57:00,12.992349,121.704437,Neem,Philippines,verified
cap_4701,grower_47,2025-01-24 17:32:00,3.82669,11.532963,Moringa,Cameroon,verified
cap_4702,grower_145,2025-07-08 14:47:00,12.878997,121.734372,Acacia,Philippines,verified
cap_4703,grower_50,2025-07-12 03:49:00,12.807995,121.746277,Mango,Philippines,verified
cap_4704,grower_136,2025-01-21 05:46:00,20.588114,78.950513,Avocado,India,verified
cap_4705,grower_105,2025-07-16 15:00:00,-1.291331,36.781294,Avocado,Kenya,unverified
cap_4706,grower_107,2025-06-17 00:01:00,20.605956,79.04807,Mango,India,verified
cap_4707,grower_53,2025-02-02 19:40:00,12.923834,121.75167,Avocado,Philippines,unverified
cap_4708,grower_131,2025-04-21 04:21:00,20.689148,78.977266,Mahogany,India,verified
cap_4709,grower_43,2025-02-28 16:48:00,12.889351,121.764103,Acacia,Philippines,verified
cap_4710,grower_33,2025-01-10 02:41:00,12.868644,121.764896,Mango,Philippines,verified
cap_4711,grower_75,2025-07-08 02:38:00,1.322969,32.245707,Moringa,Uganda,verified
cap_4712,grower_27,2025-07-15 01:55:00,20.592076,78.9352,Neem,India,verified
cap_4713,grower_113,2025-02-13 05:26:00,1.434947,32.278488,Neem,Uganda,verified
cap_4714,grower_28,2025-06-15 13:33:00,3.812482,11.543753,Mango,Cameroon,verified
cap_4715,grower_75,2025-03-04 01:38:00,1.411913,32.293184,Mango,Uganda,verified
cap_4716,grower_22,2025-05-20 05:58:00,1.359457,32.257362,Mango,Uganda,unverified
cap_4717,grower_105,2025-06-10 06:40:00,-1.292913,36.825918,Avocado,Kenya,verified
cap_4718,grower_1,2025-07-01 08:45:00,12.837031,121.715997,Acacia,Philippines,verified
cap_4719,grower_53,2025-04-17 15:29:00,12.902046,121.757264,Avocado,Philippines,verified
cap_4720,grower_121,2025-01-07 15:43:00,3.845402,11.524957,Mahogany,Cameroon,verified
cap_4721,grower_130,2025-07-11 13:46:00,1.352163,32.380761,Mango,Uganda,unverified
cap_4722,grower_140,2025-02-02 16:46:00,1.319401,32.215358,Mahogany,Uganda,verified
cap_4723,grower_26,2025-03-06 13:33:00,20.651004,79.014066,Neem,India,verified
cap_4724,grower_74,2025-07-21 15:36:00,3.884383,11.453605,Moringa,Cameroon,verified
cap_4725,grower_86,2025-02-26 03:25:00,-1.29537,36.813013,Acacia,Kenya,verified
cap_4726,grower_45,2025-01-21 15:46:00,3.836452,11.558089,Mango,Cameroon,verified
cap_4727,grower_10,2025-01-30 03:44:00,1.324463,32.324773,Avocado,Uganda,verified
cap_4728,grower_17,2025-01-18 04:50:00,12.831915,121.734461,Avocado,Philippines,verified
cap_4729,grower_37,2025-06-12 06:00:00,20.63744,79.035724,Moringa,India,verified
cap_4730,grower_116,2025-01-09 18:49:00,1.406651,32.395505,Mahogany,Uganda,verified
cap_4731,grower_51,2025-03-23 14:50:00,12.815828,121.739079,Mango,Philippines,verified
cap_4732,grower_13,2025-05-09 19:35:00,1.367485,32.270969,Mango,Uganda,verified
cap_4733,grower_116,2025-07-16 00:31:00,1.378782,32.240331,Mango,Uganda,verified
cap_4734,grower_79,2025-04-21 00:14:00,12.865294,121.759415,Moringa,Philippines,unverified
cap_4735,grower_21,2025-05-09 15:16:00,3.882572,11.547947,Moringa,Cameroon,verified
cap_4736,grower_149,2025-02-11 02:50:00,3.883845,11.465997,Neem,Cameroon,verified
cap_4737,grower_64,2025-01-27 17:53:00,3.803162,11.5849,Moringa,Cameroon,verified
cap_4738,grower_34,2025-04-25 01:25:00,-1.349862,36.829127,Mango,Kenya,unverified
cap_4739,grower_106,2025-01-02 16:02:00,1.386763,32.356695,Acacia,Uganda,verified
cap_4740,grower_21,2025-04-28 01:52:00,3.895978,11.541893,Acacia,Cameroon,verified
cap_4741,grower_9,2025-01-15 09:55:00,20.632876,79.050332,Mahogany,India,verified
cap_4742,grower_54,2025-07-17 02:07:00,1.370087,32.315483,Acacia,Uganda,unverified
cap_4743,grower_46,2025-04-22 14:14:00,-1.401132,36.717089,Neem,Kenya,verified
cap_4744,grower_62,2025-06-01 15:01:00,12.955038,121.755813,Mahogany,Philippines,unverified
cap_4745,grower_78,2025-01-06 22:21:00,12.963233,121.660401,Acacia,Philippines,verified
cap_4746,grower_112,2025-05-21 19:56:00,20.624022,78.983043,Acacia,India,verified
cap_4747,grower_117,2025-03-05 22:11:00,3.782605,11.449515,Neem,Cameroon,verified
cap_4748,grower_18,2025-05-03 06:24:00,1.296694,32.328115,Mango,Uganda,verified
cap_4749,grower_35,2025-01-09 11:16:00,20.644903,79.03181,Acacia,India,verified
cap_4750,grower_111,2025-03-12 19:02:00,-1.30516,36.79867,Acacia,Kenya,verified
cap_4751,grower_95,2025-06-25 17:26:00,-1.338517,36.745477,Avocado,Kenya,verified
cap_4752,grower_8,2025-05-14 12:12:00,20.509193,78.986342,Avocado,India,verified
cap_4753,grower_142,2025-04-26 21:56:00,1.473454,32.251425,Avocado,Uganda,verified
cap_4754,grower_66,2025-05-06 07:04:00,12.928576,121.744796,Acacia,Philippines,unverified
cap_4755,grower_66,2025-06-15 22:29:00,12.905077,121.744202,Avocado,Philippines,verified
cap_4756,grower_55,2025-01-17 01:27:00,20.563287,78.95806,Avocado,India,verified
cap_4757,grower_17,2025-07-15 22:09:00,12.906312,121.896334,Moringa,Philippines,verified
cap_4758,grower_68,2025-07-19 19:29:00,3.8898,11.548084,Moringa,Cameroon,unverified
cap_4759,grower_64,2025-04-10 17:29:00,3.82113,11.4422,Mahogany,Cameroon,verified
cap_4760,grower_9,2025-04-18 14:18:00,20.671743,78.953997,Acacia,India,verified
cap_4761,grower_148,2025-05-05 19:45:00,20.592463,78.935292,Acacia,India,verified
cap_4762,grower_87,2025-02-08 18:01:00,-1.269759,36.759038,Acacia,Kenya,verified
cap_4763,grower_25,2025-01-24 00:05:00,-1.317914,36.880789,Mango,Kenya,verified
cap_4764,grower_124,2025-04-13 18:46:00,20.635104,79.012574,Neem,India,verified
cap_4765,grower_35,2025-05-03 09:13:00,20.515362,79.01159,Mahogany,India,verified
cap_4766,grower_81,2025-02-26 20:26:00,1.363401,32.298122,Mango,Uganda,verified
cap_4767,grower_18,2025-07-19 04:11:00,1.405649,32.372221,Acacia,Uganda,verified
cap_4768,grower_13,2025-06-07 09:45:00,1.450715,32.349754,Avocado,Uganda,verified
cap_4769,grower_142,2025-01-02 00:47:00,1.377385,32.248343,Avocado,Uganda,verified
cap_4770,grower_140,2025-03-01 07:40:00,1.303706,32.270243,Mahogany,Uganda,verified
cap_4771,grower_65,2025-04-17 10:00:00,3.875073,11.546244,Mango,Cameroon,verified
cap_4772,grower_95,2025-05-26 08:07:00,-1.25482,36.732015,Moringa,Kenya,verified
cap_4773,grower_70,2025-05-06 19:50:00,12.746641,121.801682,Moringa,Philippines,verified
cap_4774,grower_117,2025-02-22 16:01:00,3.763255,11.461781,Mahogany,Cameroon,verified
cap_4775,grower_43,2025-07-25 22:34:00,12.903503,121.791306,Mahogany,Philippines,verified
cap_4776,grower_91,2025-03-31 06:33:00,20.62878,78.985121,Acacia,India,verified
cap_4777,grower_138,2025-05-21 05:03:00,3.942677,11.598133,Neem,Cameroon,unverified
cap_4778,grower_93,2025-04-30 20:33:00,20.644348,78.992796,Moringa,India,verified
cap_4779,grower_74,2025-03-25 09:23:00,3.858475,11.574092,Acacia,Cameroon,verified
cap_4780,grower_81,2025-02-10 17:37:00,1.342214,32.324874,Mahogany,Uganda,verified
cap_4781,grower_66,2025-04-21 21:58:00,12.879223,121.858158,Moringa,Philippines,unverified
cap_4782,grower_125,2025-01-05 05:10:00,-1.273573,36.803064,Neem,Kenya,verified
cap_4783,grower_18,2025-06-15 15:08:00,1.409142,32.234998,Neem,Uganda,verified
cap_4784,grower_137,2025-04-14 23:44:00,12.881989,121.725671,Mahogany,Philippines,unverified
cap_4785,grower_132,2025-01-26 21:14:00,1.369134,32.307793,Mahogany,Uganda,unverified
cap_4786,grower_103,2025-04-01 17:48:00,12.848767,121.784533,Moringa,Philippines,verified
cap_4787,grower_80,2025-01-22 02:55:00,12.90122,121.801196,Avocado,Philippines,verified
cap_4788,grower_118,2025-05-01 09:34:00,20.533229,78.966752,Mango,India,verified
cap_4789,grower_20,2025-02-06 04:53:00,12.865855,121.724624,Mango,Philippines,verified
cap_4790,grower_45,2025-04-06 09:02:00,3.874832,11.520871,Acacia,Cameroon,verified
cap_4791,grower_62,2025-04-11 16:32:00,12.859273,121.855095,Neem,Philippines,verified
cap_4792,grower_83,2025-01-12 01:20:00,1.364054,32.224067,Moringa,Uganda,verified
cap_4793,grower_37,2025-05-01 05:13:00,20.545189,78.961524,Moringa,India,unverified
cap_4794,grower_49,2025-06-07 20:47:00,3.898512,11.547554,Mango,Cameroon,verified
cap_4795,grower_32,2025-02-27 22:36:00,12.904521,121.700907,Moringa,Philippines,verified
cap_4796,grower_146,2025-04-29 00:15:00,12.880601,121.803251,Moringa,Philippines,unverified
cap_4797,grower_127,2025-03-26 18:06:00,1.347934,32.336474,Acacia,Uganda,verified
cap_4798,grower_39,2025-07-07 05:27:00,-1.211383,36.788288,Acacia,Kenya,verified
cap_4799,grower_86,2025-04-29 23:28:00,-1.313203,36.834133,Acacia,Kenya,unverified
cap_4800,grower_121,2025-03-09 12:22:00,3.841742,11.576816,Avocado,Cameroon,verified
cap_4801,grower_35,2025-03-07 22:30:00,20.531665,79.017026,Neem,India,verified
cap_4802,grower_29,2025-07-21 17:28:00,12.841942,121.823608,Neem,Philippines,verified
cap_4803,grower_87,2025-04-21 09:18:00,-1.275436,36.765783,Acacia,Kenya,verified
cap_4804,grower_42,2025-05-06 06:36:00,-1.340781,36.821079,Mango,Kenya,verified
cap_4805,grower_21,2025-06-03 01:50:00,3.734735,11.558406,Mango,Cameroon,verified
cap_4806,grower_72,2025-05-16 04:13:00,1.438243,32.199963,Mahogany,Uganda,verified
cap_4807,grower_20,2025-05-21 19:08:00,12.855188,121.784324,Mahogany,Philippines,verified
cap_4808,grower_134,2025-07-02 05:50:00,1.436828,32.316606,Moringa,Uganda,verified
cap_4809,grower_34,2025-05-08 20:11:00,-1.289764,36.821282,Moringa,Kenya,verified
cap_4810,grower_31,2025-02-24 22:32:00,20.681399,78.942178,Neem,India,verified
cap_4811,grower_97,2025-05-14 20:20:00,1.361224,32.185154,Neem,Uganda,verified
cap_4812,grower_110,2025-06-20 23:17:00,20.635131,78.896431,Avocado,India,unverified
cap_4813,grower_60,2025-01-08 02:43:00,3.725159,11.50051,Neem,Cameroon,verified
cap_4814,grower_102,2025-05-11 15:21:00,-1.262612,36.764112,Mango,Kenya,verified
cap_4815,grower_79,2025-07-01 22:01:00,12.880503,121.769373,Avocado,Philippines,verified
cap_4816,grower_10,2025-06-07 05:19:00,1.333163,32.332603,Acacia,Uganda,verified
cap_4817,grower_139,2025-01-04 00:43:00,3.808943,11.567762,Moringa,Cameroon,verified
cap_4818,grower_103,2025-01-12 09:16:00,12.866206,121.760912,Mango,Philippines,verified
cap_4819,grower_71,2025-06-03 00:09:00,-1.323694,36.914168,Neem,Kenya,unverified
cap_4820,grower_112,2025-07-14 09:53:00,20.564896,78.926478,Neem,India,verified
cap_4821,grower_52,2025-03-19 15:51:00,12.854555,121.762842,Neem,Philippines,verified
cap_4822,grower_107,2025-03-04 18:38:00,20.599695,78.926058,Neem,India,verified
cap_4823,grower_77,2025-03-24 00:56:00,-1.287266,36.715684,Moringa,Kenya,verified
cap_4824,grower_112,2025-05-30 11:53:00,20.520606,78.945295,Neem,India,verified
cap_4825,grower_93,2025-02-15 23:54:00,20.67871,78.972617,Moringa,India,verified
cap_4826,grower_59,2025-03-24 02:24:00,12.789153,121.810796,Avocado,Philippines,verified
cap_4827,grower_87,2025-01-14 17:16:00,-1.343404,36.914452,Avocado,Kenya,verified
cap_4828,grower_63,2025-01-17 17:53:00,1.317168,32.327273,Mango,Uganda,unverified
cap_4829,grower_123,2025-01-17 16:44:00,1.334958,32.316902,Avocado,Uganda,verified
cap_4830,grower_84,2025-01-18 03:40:00,1.343415,32.235463,Moringa,Uganda,verified
cap_4831,grower_72,2025-03-09 01:24:00,1.239647,32.223063,Acacia,Uganda,unverified
cap_4832,grower_12,2025-05-22 00:51:00,20.620988,78.965865,Acacia,India,verified
cap_4833,grower_61,2025-02-04 13:31:00,3.764234,11.56509,Mango,Cameroon,verified
cap_4834,grower_140,2025-04-11 16:29:00,1.389084,32.25775,Moringa,Uganda,verified
cap_4835,grower_129,2025-05-02 05:29:00,1.377292,32.330285,Mahogany,Uganda,unverified
cap_4836,grower_12,2025-03-22 07:06:00,20.543988,78.861601,Neem,India,verified
cap_4837,grower_123,2025-01-18 15:37:00,1.339184,32.298322,Acacia,Uganda,unverified
cap_4838,grower_128,2025-02-12 21:33:00,12.844907,121.77968,Avocado,Philippines,verified
cap_4839,grower_28,2025-05-25 11:13:00,3.891789,11.475918,Mahogany,Cameroon,verified
cap_4840,grower_24,2025-06-16 02:00:00,-1.235348,36.856372,Neem,Kenya,verified
cap_4841,grower_71,2025-04-19 08:54:00,-1.297863,36.808452,Avocado,Kenya,verified
cap_4842,grower_61,2025-02-17 07:42:00,3.865438,11.5188,Moringa,Cameroon,verified
cap_4843,grower_24,2025-01-12 07:22:00,-1.295365,36.822179,Moringa,Kenya,verified
cap_4844,grower_36,2025-03-04 03:25:00,1.344606,32.358052,Mango,Uganda,verified
cap_4845,grower_107,2025-02-28 14:13:00,20.634297,78.975388,Neem,India,verified
cap_4846,grower_22,2025-01-28 06:11:00,1.317395,32.297,Avocado,Uganda,verified
cap_4847,grower_87,2025-05-10 18:38:00,-1.378135,36.813236,Avocado,Kenya,verified
cap_4848,grower_19,2025-01-17 20:21:00,-1.2739,36.879912,Mahogany,Kenya,verified
cap_4849,grower_5,2025-05-06 12:57:00,1.365132,32.271825,Acacia,Uganda,unverified
cap_4850,grower_138,2025-01-09 02:25:00,3.810883,11.487654,Moringa,Cameroon,verified
cap_4851,grower_132,2025-06-19 08:41:00,1.425971,32.264317,Mango,Uganda,verified
cap_4852,grower_1,2025-05-21 20:53:00,12.853136,121.840603,Mahogany,Philippines,verified
cap_4853,grower_63,2025-07-11 10:18:00,1.429702,32.309072,Neem,Uganda,verified
cap_4854,grower_57,2025-02-07 03:01:00,12.897907,121.813145,Acacia,Philippines,verified
cap_4855,grower_121,2025-06-04 19:05:00,3.908087,11.512599,Acacia,Cameroon,verified
cap_4856,grower_33,2025-05-05 07:30:00,12.916717,121.793899,Avocado,Philippines,verified
cap_4857,grower_44,2025-04-01 09:28:00,3.885081,11.564026,Mango,Cameroon,unverified
cap_4858,grower_81,2025-04-02 05:28:00,1.315602,32.211106,Acacia,Uganda,verified
cap_4859,grower_109,2025-05-31 02:21:00,20.581189,78.985126,Avocado,India,verified
cap_4860,grower_128,2025-02-11 02:10:00,12.873352,121.83621,Neem,Philippines,verified
cap_4861,grower_59,2025-05-16 12:17:00,12.857108,121.738587,Mahogany,Philippines,verified
cap_4862,grower_91,2025-02-16 06:22:00,20.559126,78.962578,Avocado,India,verified
cap_4863,grower_133,2025-07-01 11:23:00,12.834962,121.735973,Acacia,Philippines,verified
cap_4864,grower_140,2025-03-20 14:14:00,1.382776,32.191563,Acacia,Uganda,verified
cap_4865,grower_36,2025-06-06 04:20:00,1.415233,32.266534,Acacia,Uganda,verified
cap_4866,grower_26,2025-03-27 18:00:00,20.659227,78.990925,Mahogany,India,verified
cap_4867,grower_111,2025-03-12 04:25:00,-1.3601,36.800468,Mango,Kenya,verified
cap_4868,grower_126,2025-04-08 23:06:00,12.900512,121.715954,Neem,Philippines,verified
cap_4869,grower_70,2025-06-22 13:50:00,12.919187,121.73276,Avocado,Philippines,verified
cap_4870,grower_99,2025-04-12 19:13:00,3.770152,11.490699,Mango,Cameroon,verified
cap_4871,grower_50,2025-04-09 09:39:00,12.872563,121.762683,Avocado,Philippines,unverified
cap_4872,grower_28,2025-07-05 04:12:00,3.831392,11.505344,Acacia,Cameroon,verified
cap_4873,grower_34,2025-04-28 14:55:00,-1.279925,36.88936,Avocado,Kenya,verified
cap_4874,grower_1,2025-03-16 04:11:00,12.871934,121.694024,Acacia,Philippines,verified
cap_4875,grower_142,2025-05-11 05:01:00,1.323331,32.31995,Acacia,Uganda,verified
cap_4876,grower_134,2025-01-17 15:27:00,1.418504,32.244943,Neem,Uganda,verified
cap_4877,grower_144,2025-07-05 15:43:00,12.908607,121.735129,Moringa,Philippines,verified
cap_4878,grower_62,2025-07-29 19:32:00,12.929789,121.770105,Mahogany,Philippines,unverified
cap_4879,grower_48,2025-06-16 03:04:00,1.331882,32.306456,Mahogany,Uganda,verified
cap_4880,grower_145,2025-03-25 20:18:00,12.880657,121.729861,Mango,Philippines,verified
cap_4881,grower_121,2025-03-24 13:48:00,3.895304,11.526868,Mahogany,Cameroon,unverified
cap_4882,grower_120,2025-04-22 09:37:00,3.859283,11.498032,Mahogany,Cameroon,verified
cap_4883,grower_148,2025-07-13 21:49:00,20.534807,78.952389,Mango,India,verified
cap_4884,grower_65,2025-02-27 12:58:00,3.833109,11.566322,Moringa,Cameroon,unverified
cap_4885,grower_46,2025-07-09 09:05:00,-1.227019,36.819584,Mahogany,Kenya,verified
cap_4886,grower_22,2025-06-15 11:42:00,1.342083,32.220421,Moringa,Uganda,verified
cap_4887,grower_149,2025-07-13 01:05:00,3.862771,11.569383,Moringa,Cameroon,verified
cap_4888,grower_113,2025-05-05 12:41:00,1.33761,32.370362,Moringa,Uganda,verified
cap_4889,grower_82,2025-01-03 10:09:00,-1.291284,36.756104,Mango,Kenya,verified
cap_4890,grower_73,2025-07-06 13:56:00,1.359591,32.196202,Mahogany,Uganda,unverified
cap_4891,grower_92,2025-07-12 10:26:00,-1.240301,36.87955,Mahogany,Kenya,verified
cap_4892,grower_50,2025-02-28 03:43:00,12.876054,121.819254,Avocado,Philippines,unverified
cap_4893,grower_138,2025-01-14 23:48:00,3.807354,11.55541,Avocado,Cameroon,verified
cap_4894,grower_1,2025-02-13 16:31:00,12.842311,121.847664,Mango,Philippines,verified
cap_4895,grower_57,2025-03-01 12:14:00,12.891601,121.835714,Mahogany,Philippines,unverified
cap_4896,grower_137,2025-01-05 04:13:00,12.962239,121.817809,Acacia,Philippines,verified
cap_4897,grower_149,2025-04-13 09:46:00,3.833344,11.475954,Neem,Cameroon,unverified
cap_4898,grower_113,2025-05-21 01:23:00,1.338499,32.358549,Mahogany,Uganda,verified
cap_4899,grower_46,2025-01-29 01:31:00,-1.295243,36.817133,Mahogany,Kenya,verified
cap_4900,grower_71,2025-04-10 09:54:00,-1.278304,36.80607,Avocado,Kenya,verified
cap_4901,grower_125,2025-07-29 15:51:00,-1.330819,36.783546,Avocado,Kenya,verified
cap_4902,grower_62,2025-01-10 11:38:00,12.935942,121.757097,Mango,Philippines,unverified
cap_4903,grower_61,2025-05-31 21:19:00,3.901114,11.481993,Neem,Cameroon,verified
cap_4904,grower_85,2025-01-20 14:29:00,-1.327014,36.813964,Mahogany,Kenya,verified
cap_4905,grower_26,2025-06-14 01:01:00,20.641733,78.984325,Mahogany,India,verified
cap_4906,grower_128,2025-02-21 10:56:00,12.902038,121.808915,Acacia,Philippines,unverified
cap_4907,grower_138,2025-03-20 00:58:00,3.920829,11.51517,Moringa,Cameroon,verified
cap_4908,grower_61,2025-07-27 14:15:00,3.890371,11.396169,Moringa,Cameroon,unverified
cap_4909,grower_39,2025-06-03 07:42:00,-1.276534,36.784379,Mango,Kenya,verified
cap_4910,grower_149,2025-05-14 14:28:00,3.832753,11.408654,Moringa,Cameroon,verified
cap_4911,grower_39,2025-06-17 16:47:00,-1.341207,36.80137,Acacia,Kenya,verified
cap_4912,grower_83,2025-07-26 16:11:00,1.409309,32.267822,Avocado,Uganda,verified
cap_4913,grower_129,2025-02-14 20:08:00,1.39982,32.286114,Neem,Uganda,verified
cap_4914,grower_144,2025-07-08 11:00:00,12.816662,121.861248,Avocado,Philippines,verified
cap_4915,grower_2,2025-01-14 06:46:00,1.421822,32.302439,Mahogany,Uganda,unverified
cap_4916,grower_105,2025-01-11 11:14:00,-1.279822,36.753151,Avocado,Kenya,verified
cap_4917,grower_9,2025-05-07 08:30:00,20.536365,78.981923,Mahogany,India,verified
cap_4918,grower_10,2025-05-06 00:02:00,1.39489,32.331579,Moringa,Uganda,verified
cap_4919,grower_7,2025-01-04 12:09:00,20.552707,78.982633,Mahogany,India,verified
cap_4920,grower_145,2025-05-16 08:29:00,12.849526,121.765975,Neem,Philippines,verified
cap_4921,grower_67,2025-04-21 18:01:00,3.885689,11.423519,Moringa,Cameroon,verified
cap_4922,grower_113,2025-01-28 10:00:00,1.315585,32.269438,Avocado,Uganda,verified
cap_4923,grower_106,2025-01-22 04:16:00,1.352294,32.305302,Moringa,Uganda,unverified
cap_4924,grower_18,2025-06-30 19:33:00,1.371697,32.276784,Avocado,Uganda,verified
cap_4925,grower_140,2025-06-03 05:35:00,1.419439,32.357247,Neem,Uganda,verified
cap_4926,grower_6,2025-01-07 19:50:00,3.810571,11.60384,Mahogany,Cameroon,verified
cap_4927,grower_42,2025-05-30 14:45:00,-1.271855,36.832228,Neem,Kenya,unverified
cap_4928,grower_77,2025-03-02 05:55:00,-1.3301,36.78355,Mahogany,Kenya,verified
cap_4929,grower_6,2025-03-17 21:59:00,3.732391,11.514195,Acacia,Cameroon,verified
cap_4930,grower_22,2025-05-10 09:01:00,1.464306,32.320368,Acacia,Uganda,verified
cap_4931,grower_149,2025-02-18 17:11:00,3.758905,11.488135,Avocado,Cameroon,unverified
cap_4932,grower_2,2025-01-21 19:53:00,1.4091,32.350941,Mahogany,Uganda,verified
cap_4933,grower_21,2025-02-12 19:24:00,3.843277,11.494963,Mahogany,Cameroon,verified
cap_4934,grower_23,2025-04-30 16:35:00,12.801264,121.714072,Avocado,Philippines,verified
cap_4935,grower_52,2025-07-03 10:24:00,12.8468,121.699714,Moringa,Philippines,unverified
cap_4936,grower_92,2025-01-03 08:52:00,-1.328649,36.83898,Mango,Kenya,verified
cap_4937,grower_77,2025-02-14 09:33:00,-1.258751,36.7986,Mahogany,Kenya,verified
cap_4938,grower_10,2025-04-29 23:16:00,1.385195,32.305843,Avocado,Uganda,verified
cap_4939,grower_82,2025-05-14 14:56:00,-1.293734,36.750986,Avocado,Kenya,verified
cap_4940,grower_99,2025-06-11 15:26:00,3.806497,11.421915,Mahogany,Cameroon,verified
cap_4941,grower_142,2025-06-26 04:06:00,1.358214,32.348758,Acacia,Uganda,verified
cap_4942,grower_33,2025-05-26 00:19:00,12.838212,121.733409,Moringa,Philippines,verified
cap_4943,grower_91,2025-06-05 08:50:00,20.526727,78.99044,Mahogany,India,verified
cap_4944,grower_95,2025-04-02 04:51:00,-1.282575,36.838949,Mango,Kenya,unverified
cap_4945,grower_49,2025-06-07 15:22:00,3.895859,11.436341,Moringa,Cameroon,verified
cap_4946,grower_147,2025-07-26 03:32:00,12.893351,121.859497,Mango,Philippines,verified
cap_4947,grower_25,2025-06-23 04:49:00,-1.295002,36.873518,Mango,Kenya,verified
cap_4948,grower_68,2025-03-10 08:58:00,3.762882,11.440209,Moringa,Cameroon,unverified
cap_4949,grower_45,2025-06-18 17:23:00,3.887936,11.411672,Neem,Cameroon,verified
cap_4950,grower_38,2025-05-22 19:36:00,1.343434,32.315258,Mango,Uganda,verified
cap_4951,grower_136,2025-03-14 08:04:00,20.56569,79.013009,Avocado,India,verified
cap_4952,grower_18,2025-01-23 16:21:00,1.360094,32.264807,Neem,Uganda,verified
cap_4953,grower_114,2025-07-04 15:38:00,20.592234,78.913029,Moringa,India,unverified
cap_4954,grower_32,2025-03-10 21:12:00,12.825162,121.769213,Neem,Philippines,verified
cap_4955,grower_7,2025-06-05 01:09:00,20.576876,78.988601,Avocado,India,verified
cap_4956,grower_36,2025-01-13 11:10:00,1.323143,32.293184,Neem,Uganda,verified
cap_4957,grower_10,2025-04-18 05:56:00,1.345039,32.271553,Mango,Uganda,verified
cap_4958,grower_130,2025-02-06 23:29:00,1.343377,32.337258,Mango,Uganda,verified
cap_4959,grower_40,2025-03-25 02:57:00,3.789496,11.525979,Avocado,Cameroon,unverified
cap_4960,grower_132,2025-03-14 20:56:00,1.272441,32.180625,Acacia,Uganda,verified
cap_4961,grower_6,2025-04-29 09:19:00,3.808257,11.473789,Mango,Cameroon,verified
cap_4962,grower_143,2025-03-13 07:55:00,12.894827,121.799831,Avocado,Philippines,unverified
cap_4963,grower_35,2025-06-02 02:47:00,20.654533,79.036546,Avocado,India,unverified
cap_4964,grower_60,2025-05-24 01:07:00,3.878707,11.473895,Avocado,Cameroon,verified
cap_4965,grower_47,2025-05-25 03:48:00,3.925444,11.479071,Mahogany,Cameroon,verified
cap_4966,grower_52,2025-07-10 21:52:00,12.856918,121.795188,Avocado,Philippines,verified
cap_4967,grower_64,2025-05-06 13:57:00,3.87032,11.497751,Avocado,Cameroon,verified
cap_4968,grower_55,2025-04-02 06:46:00,20.584596,78.934531,Acacia,India,verified
cap_4969,grower_141,2025-06-01 15:38:00,-1.281612,36.771854,Neem,Kenya,verified
cap_4970,grower_78,2025-04-11 23:15:00,12.872059,121.704613,Moringa,Philippines,verified
cap_4971,grower_6,2025-05-03 12:43:00,3.84335,11.496235,Mahogany,Cameroon,verified
cap_4972,grower_71,2025-01-04 11:25:00,-1.264284,36.853666,Avocado,Kenya,verified
cap_4973,grower_45,2025-04-30 12:31:00,3.876415,11.462333,Neem,Cameroon,unverified
cap_4974,grower_68,2025-03-01 05:41:00,3.853353,11.502814,Avocado,Cameroon,verified
cap_4975,grower_23,2025-01-07 19:14:00,12.872254,121.868266,Moringa,Philippines,unverified
cap_4976,grower_51,2025-02-11 12:38:00,12.859613,121.790573,Mahogany,Philippines,verified
cap_4977,grower_102,2025-07-22 18:49:00,-1.332656,36.726043,Avocado,Kenya,verified
cap_4978,grower_33,2025-02-26 15:59:00,12.907487,121.664449,Acacia,Philippines,verified
cap_4979,grower_68,2025-01-19 03:20:00,3.909314,11.398421,Avocado,Cameroon,verified
cap_4980,grower_134,2025-05-06 21:35:00,1.444823,32.331427,Acacia,Uganda,verified
cap_4981,grower_107,2025-04-24 07:14:00,20.573522,78.927536,Avocado,India,verified
cap_4982,grower_60,2025-02-25 03:41:00,3.883479,11.475743,Moringa,Cameroon,verified
cap_4983,grower_128,2025-03-10 22:04:00,12.945652,121.751752,Acacia,Philippines,verified
cap_4984,grower_115,2025-07-20 06:17:00,-1.257288,36.873527,Moringa,Kenya,unverified
cap_4985,grower_135,2025-02-17 01:05:00,20.663978,78.923977,Mahogany,India,verified
cap_4986,grower_3,2025-04-03 13:15:00,20.525639,78.999076,Mahogany,India,verified
cap_4987,grower_51,2025-07-23 05:46:00,12.956278,121.794972,Avocado,Philippines,verified
cap_4988,grower_62,2025-01-23 13:06:00,12.836396,121.751145,Acacia,Philippines,unverified
cap_4989,grower_3,2025-02-04 07:39:00,20.480517,78.999199,Acacia,India,verified
cap_4990,grower_107,2025-06-07 08:45:00,20.683265,78.908806,Neem,India,verified
cap_4991,grower_143,2025-07-20 01:06:00,12.940325,121.772063,Mango,Philippines,verified
cap_4992,grower_90,2025-03-03 13:23:00,20.615798,79.015608,Acacia,India,verified
cap_4993,grower_124,2025-04-20 03:31:00,20.580255,78.951798,Moringa,India,verified
cap_4994,grower_36,2025-06-26 10:15:00,1.283694,32.257306,Moringa,Uganda,verified
cap_4995,grower_120,2025-06-25 03:07:00,3.811656,11.378103,Neem,Cameroon,verified
cap_4996,grower_144,2025-01-06 20:53:00,12.831166,121.769482,Avocado,Philippines,verified
cap_4997,grower_105,2025-01-28 08:27:00,-1.329252,36.787816,Mango,Kenya,verified
cap_4998,grower_20,2025-04-04 08:33:00,12.861842,121.793281,Avocado,Philippines,verified
cap_4999,grower_44,2025-02-08 23:28:00,3.77927,11.623922,Neem,Cameroon,verified
cap_2764_dup,grower_146,2025-02-20 10:29:00,12.923115,121.737115,Acacia,Philippines,verified
cap_4767_dup,grower_18,2025-07-19 04:12:00,1.405649,32.372221,Acacia,Uganda,verified
cap_3814_dup,grower_5,2025-02-04 23:09:00,1.456058,32.250413,Avocado,Uganda,verified
cap_3499_dup,grower_113,2025-06-09 00:30:00,1.471822,32.357657,Moringa,Uganda,verified
cap_2735_dup,grower_130,2025-01-07 23:56:00,1.324926,32.354996,Neem,Uganda,verified
cap_3922_dup,grower_141,2025-07-17 23:45:00,-1.367041,36.831621,Acacia,Kenya,unverified
cap_2701_dup,grower_38,2025-04-17 15:17:00,1.348951,32.294502,Mahogany,Uganda,verified
cap_1179_dup,grower_46,2025-07-08 15:19:00,-1.29554,36.805426,Moringa,Kenya,verified
cap_932_dup,grower_103,2025-07-17 13:32:00,12.917824,121.674297,Avocado,Philippines,verified
cap_792_dup,grower_28,2025-04-20 20:51:00,3.841009,11.508089,Neem,Cameroon,verified
cap_1852_dup,grower_3,2025-02-21 22:57:00,20.612876,79.004396,Avocado,India,verified
cap_1185_dup,grower_77,2025-07-19 07:06:00,-1.316214,36.772009,Avocado,Kenya,verified
cap_1724_dup,grower_140,2025-06-21 13:46:00,1.420781,32.299373,Neem,Uganda,verified
cap_4080_dup,grower_83,2025-06-23 10:36:00,1.373458,32.300446,Acacia,Uganda,verified
cap_3823_dup,grower_37,2025-04-05 00:00:00,20.584404,79.007553,Mahogany,India,unverified
cap_4054_dup,grower_124,2025-01-24 07:55:00,20.578944,78.969028,Avocado,India,verified
cap_2721_dup,grower_56,2025-07-27 09:30:00,-1.204627,36.945813,Avocado,Kenya,verified
cap_3903_dup,grower_111,2025-06-30 00:24:00,-1.364586,36.772357,Neem,Kenya,unverified
cap_1865_dup,grower_135,2025-04-06 15:38:00,20.515395,79.02476,Moringa,India,verified
cap_759_dup,grower_124,2025-02-15 15:00:00,20.622523,78.981699,Acacia,India,verified
cap_2416_dup,grower_92,2025-06-14 01:51:00,-1.270537,36.841825,Acacia,Kenya,verified
cap_3670_dup,grower_63,2025-04-20 10:14:00,1.365216,32.240748,Mango,Uganda,verified
cap_4838_dup,grower_128,2025-02-12 21:35:00,12.844907,121.77968,Avocado,Philippines,verified
cap_3090_dup,grower_19,2025-07-24 14:59:00,-1.307965,36.809559,Acacia,Kenya,verified
cap_1546_dup,grower_50,2025-06-03 20:02:00,12.909475,121.628058,Avocado,Philippines,verified
cap_1132_dup,grower_31,2025-02-01 19:45:00,20.6054,78.894858,Mango,India,verified
cap_4703_dup,grower_50,2025-07-12 03:49:00,12.807995,121.746277,Mango,Philippines,verified
cap_4494_dup,grower_71,2025-02-10 13:18:00,-1.253376,36.885114,Moringa,Kenya,verified
cap_2775_dup,grower_94,2025-06-02 16:54:00,20.538101,78.877248,Avocado,India,verified
cap_3185_dup,grower_94,2025-04-27 04:16:00,20.507703,78.958715,Avocado,India,verified
cap_1213_dup,grower_146,2025-01-15 18:05:00,12.93415,121.716181,Moringa,Philippines,verified
cap_3289_dup,grower_71,2025-06-20 20:22:00,-1.297749,36.812748,Acacia,Kenya,verified
cap_763_dup,grower_48,2025-05-23 03:13:00,1.43874,32.235161,Moringa,Uganda,verified
cap_1216_dup,grower_68,2025-04-24 06:07:00,3.964596,11.593373,Acacia,Cameroon,verified
cap_348_dup,grower_131,2025-03-22 04:28:00,20.532814,78.965428,Moringa,India,verified
cap_2982_dup,grower_60,2025-07-07 14:31:00,3.885844,11.405396,Acacia,Cameroon,verified
cap_2916_dup,grower_130,2025-07-11 02:06:00,1.506048,32.269003,Moringa,Uganda,verified
cap_2971_dup,grower_81,2025-05-16 18:02:00,1.334631,32.239453,Acacia,Uganda,verified
cap_1355_dup,grower_15,2025-03-05 08:26:00,12.881249,121.736341,Acacia,Philippines,verified
cap_2330_dup,grower_68,2025-07-11 08:33:00,3.870424,11.456936,Mango,Cameroon,verified
cap_burst_0,grower_1,2025-04-11 00:00:00,12.881039090421977,121.76946628523996,Mango,Philippines,unverified
cap_burst_1,grower_1,2025-04-11 00:01:00,12.880020344066281,121.76761669250133,Neem,Philippines,unverified
cap_burst_2,grower_1,2025-04-11 00:02:00,12.878863610649269,121.77156971958742,Moringa,Philippines,unverified
cap_burst_3,grower_1,2025-04-11 00:03:00,12.878287303751563,121.77095415144719,Acacia,Philippines,unverified
cap_burst_4,grower_1,2025-04-11 00:04:00,12.880807374143817,121.77143803088691,Mahogany,Philippines,unverified
cap_burst_5,grower_1,2025-04-11 00:05:00,12.878897781287362,121.76933042350429,Acacia,Philippines,unverified
cap_burst_6,grower_1,2025-04-11 00:06:00,12.878977032115133,121.77160645836797,Acacia,Philippines,unverified
cap_burst_7,grower_1,2025-04-11 00:07:00,12.880412034537597,121.76837361601633,Neem,Philippines,unverified
cap_burst_8,grower_1,2025-04-11 00:08:00,12.87842218272096,121.7712939738745,Mahogany,Philippines,unverified
cap_burst_9,grower_1,2025-04-11 00:09:00,12.882235684681426,121.76892951709912,Moringa,Philippines,unverified
cap_burst_10,grower_1,2025-04-11 00:10:00,12.88118209703855,121.76959659223793,Neem,Philippines,unverified
cap_burst_11,grower_1,2025-04-11 00:11:00,12.878531555178188,121.76852595144469,Acacia,Philippines,unverified
cap_burst_12,grower_1,2025-04-11 00:12:00,12.879840913335633,121.77076283264167,Neem,Philippines,unverified
cap_burst_13,grower_1,2025-04-11 00:13:00,12.879982971143935,121.77020538081554,Mahogany,Philippines,unverified
cap_burst_14,grower_1,2025-04-11 00:14:00,12.880061466337922,121.77160834610572,Mahogany,Philippines,unverified
cap_burst_15,grower_1,2025-04-11 00:15:00,12.879128766487742,121.76840398846902,Mahogany,Philippines,unverified
cap_burst_16,grower_1,2025-04-11 00:16:00,12.880902391739863,121.77032631258345,Avocado,Philippines,unverified
cap_burst_17,grower_1,2025-04-11 00:17:00,12.880544107653519,121.76862031774087,Mango,Philippines,unverified
cap_burst_18,grower_1,2025-04-11 00:18:00,12.879681165779699,121.76921400918756,Acacia,Philippines,unverified
cap_burst_19,grower_1,2025-04-11 00:19:00,12.878825647037683,121.77087984592396,Mahogany,Philippines,unverified
cap_burst_20,grower_1,2025-04-11 00:20:00,12.87941785474701,121.76987576844354,Avocado,Philippines,unverified
cap_burst_21,grower_1,2025-04-11 00:21:00,12.879811155544997,121.76985555916391,Moringa,Philippines,unverified
cap_burst_22,grower_1,2025-04-11 00:22:00,12.88075314866428,121.76982709648468,Mahogany,Philippines,unverified
cap_burst_23,grower_1,2025-04-11 00:23:00,12.879675423260217,121.77209701191121,Neem,Philippines,unverified
cap_burst_24,grower_1,2025-04-11 00:24:00,12.881035632504094,121.77115703743057,Acacia,Philippines,unverified
cap_burst_25,grower_1,2025-04-11 00:25:00,12.878125035354705,121.76975021238128,Moringa,Philippines,unverified
cap_burst_26,grower_1,2025-04-11 00:26:00,12.88053774429323,121.76910072420391,Mahogany,Philippines,unverified
cap_burst_27,grower_1,2025-04-11 00:27:00,12.878696538442771,121.77131733224789,Acacia,Philippines,unverified
cap_burst_28,grower_1,2025-04-11 00:28:00,12.881267128142726,121.7686061955541,Mango,Philippines,unverified
cap_burst_29,grower_1,2025-04-11 00:29:00,12.880231537481988,121.76914034265852,Acacia,Philippines,unverified
